Time,ETH daily new contracts,Price
2015-07-30,0,0.0
2015-07-31,0,0.0
2015-08-01,0,0.0
2015-08-02,0,0.0
2015-08-03,0,0.0
2015-08-04,0,0.0
2015-08-05,0,0.0
2015-08-06,0,0.0
2015-08-07,8,3.49087358
2015-08-08,31,2.64024425
2015-08-09,65,0.69646382
2015-08-10,37,0.66556972
2015-08-11,27,0.70228821
2015-08-12,28,1.19412768
2015-08-13,29,1.44813585
2015-08-14,25,1.95217466
2015-08-15,24,1.73802364
2015-08-16,13,1.46309757
2015-08-17,17,1.31342125
2015-08-18,7,1.29511821
2015-08-19,13,1.26502979
2015-08-20,20,1.31215394
2015-08-21,33,1.4865005
2015-08-22,22,1.42915428
2015-08-23,46,1.40486002
2015-08-24,30,1.34696114
2015-08-25,26,1.18612492
2015-08-26,33,1.19119453
2015-08-27,34,1.15213394
2015-08-28,31,1.18332875
2015-08-29,25,1.18745327
2015-08-30,29,1.17879224
2015-08-31,15,1.23122013
2015-09-01,36,1.3388381
2015-09-02,14,1.3469727
2015-09-03,36,1.29891336
2015-09-04,33,1.27088296
2015-09-05,46,1.31005204
2015-09-06,29,1.3656491
2015-09-07,75,1.25252545
2015-09-08,13,1.23939872
2015-09-09,34,1.24503684
2015-09-10,11,1.19812691
2015-09-11,17,0.98693073
2015-09-12,32,0.99802619
2015-09-13,38,0.985183
2015-09-14,44,0.89336598
2015-09-15,10,0.97980434
2015-09-16,20,0.94147724
2015-09-17,20,0.89967048
2015-09-18,50,0.86027586
2015-09-19,44,0.84628642
2015-09-20,72,0.88392901
2015-09-21,56,0.94609672
2015-09-22,29,0.88314307
2015-09-23,40,0.90080476
2015-09-24,25,0.8330701
2015-09-25,53,0.7689485
2015-09-26,18,0.72844189
2015-09-27,6,0.77423698
2015-09-28,17,0.67991251
2015-09-29,29,0.57203287
2015-09-30,35,0.64813733
2015-10-01,16,0.72640109
2015-10-02,16,0.6599189
2015-10-03,1,0.70160943
2015-10-04,15,0.67040098
2015-10-05,24,0.66451824
2015-10-06,41,0.62358665
2015-10-07,16,0.65175253
2015-10-08,14,0.59597468
2015-10-09,16,0.66239917
2015-10-10,9,0.64317811
2015-10-11,12,0.63022649
2015-10-12,33,0.65778887
2015-10-13,67,0.60851949
2015-10-14,9,0.56445336
2015-10-15,93,0.54174834
2015-10-16,50,0.55452949
2015-10-17,42,0.53965616
2015-10-18,46,0.51858705
2015-10-19,63,0.51569498
2015-10-20,36,0.49077821
2015-10-21,30,0.47601378
2015-10-22,69,0.4251838
2015-10-23,80,0.56755406
2015-10-24,112,0.54779279
2015-10-25,180,0.65844512
2015-10-26,53,0.65446395
2015-10-27,72,0.82599086
2015-10-28,66,0.83443052
2015-10-29,37,1.15395772
2015-10-30,90,1.30969465
2015-10-31,41,0.96135074
2015-11-01,40,0.95633382
2015-11-02,34,1.04413021
2015-11-03,37,0.9752112
2015-11-04,35,0.98588955
2015-11-05,34,0.96298873
2015-11-06,67,0.86616153
2015-11-07,70,0.90581286
2015-11-08,145,0.93218809
2015-11-09,35,1.10504436
2015-11-10,98,0.9734078
2015-11-11,51,0.85077131
2015-11-12,26,0.77559644
2015-11-13,64,0.89510471
2015-11-14,29,0.89270341
2015-11-15,37,0.89043051
2015-11-16,12,0.90162373
2015-11-17,50,0.91575503
2015-11-18,29,0.96721065
2015-11-19,41,1.00674951
2015-11-20,26,0.91102046
2015-11-21,34,0.92227244
2015-11-22,30,0.96180123
2015-11-23,45,0.96452993
2015-11-24,44,0.94214731
2015-11-25,31,0.88942003
2015-11-26,16,0.8747912
2015-11-27,10,0.87907678
2015-11-28,12,0.88074028
2015-11-29,27,0.90759629
2015-11-30,18,0.86545026
2015-12-01,29,0.87134773
2015-12-02,29,0.84483999
2015-12-03,32,0.8063283
2015-12-04,61,0.81392032
2015-12-05,61,0.8587696
2015-12-06,163,0.86979187
2015-12-07,36,0.79386562
2015-12-08,73,0.78596514
2015-12-09,34,0.7860868
2015-12-10,45,0.8399682
2015-12-11,56,0.83151817
2015-12-12,40,0.99525732
2015-12-13,42,0.97319835
2015-12-14,100,0.96965766
2015-12-15,33,1.01842892
2015-12-16,32,0.98498374
2015-12-17,44,0.9809624
2015-12-18,151,0.91734028
2015-12-19,24,0.90443665
2015-12-20,22,0.92230278
2015-12-21,52,0.89747751
2015-12-22,34,0.89644194
2015-12-23,25,0.85935557
2015-12-24,22,0.87774491
2015-12-25,24,0.8661043
2015-12-26,30,0.86289287
2015-12-27,31,0.8465516
2015-12-28,39,0.87239414
2015-12-29,74,0.84508348
2015-12-30,55,0.88109893
2015-12-31,49,0.95315617
2016-01-01,58,0.94212908
2016-01-02,38,0.95676959
2016-01-03,15,0.94983006
2016-01-04,42,0.94864452
2016-01-05,48,0.97059739
2016-01-06,74,0.94355929
2016-01-07,66,0.95830619
2016-01-08,44,0.96605694
2016-01-09,66,0.97822481
2016-01-10,118,0.9913255
2016-01-11,28,1.06275415
2016-01-12,75,1.14950073
2016-01-13,28,1.13267255
2016-01-14,59,1.14019752
2016-01-15,48,1.29996228
2016-01-16,55,1.25592315
2016-01-17,57,1.23351443
2016-01-18,39,1.52444291
2016-01-19,43,1.38271248
2016-01-20,53,1.59637213
2016-01-21,102,1.53912294
2016-01-22,106,1.53445899
2016-01-23,72,1.52795529
2016-01-24,120,2.04427361
2016-01-25,74,2.53277397
2016-01-26,83,2.6500597
2016-01-27,89,2.36073828
2016-01-28,95,2.41116261
2016-01-29,86,2.57491207
2016-01-30,71,2.56336069
2016-01-31,73,2.47952342
2016-02-01,103,2.21671295
2016-02-02,74,2.16603947
2016-02-03,62,2.50334001
2016-02-04,86,2.52249646
2016-02-05,134,2.55200076
2016-02-06,90,2.53738356
2016-02-07,48,2.76247025
2016-02-08,105,3.02670121
2016-02-09,86,3.6983912
2016-02-10,75,4.14425755
2016-02-11,68,4.64397573
2016-02-12,367,6.36936092
2016-02-13,97,4.41588974
2016-02-14,83,4.95998287
2016-02-15,68,5.71886015
2016-02-16,77,5.26333189
2016-02-17,122,3.9274509
2016-02-18,81,3.6640377
2016-02-19,639,4.38084459
2016-02-20,75,4.59809685
2016-02-21,61,4.28471136
2016-02-22,180,4.90154696
2016-02-23,136,5.82967377
2016-02-24,89,6.15653133
2016-02-25,77,6.50093651
2016-02-26,719,5.8241024
2016-02-27,93,6.3977809
2016-02-28,74,6.52915525
2016-02-29,189,6.60254622
2016-03-01,147,6.53641224
2016-03-02,84,8.38777447
2016-03-03,110,8.52542782
2016-03-04,122,9.44318676
2016-03-05,142,11.92475796
2016-03-06,138,11.24402618
2016-03-07,117,9.89782238
2016-03-08,141,9.91042233
2016-03-09,154,10.04279709
2016-03-10,164,11.25952244
2016-03-11,88,11.04093933
2016-03-12,97,13.33665657
2016-03-13,118,14.54772949
2016-03-14,158,12.99977493
2016-03-15,156,12.53937244
2016-03-16,184,13.24864769
2016-03-17,102,11.13146973
2016-03-18,105,11.01172447
2016-03-19,105,11.00950146
2016-03-20,131,10.12177372
2016-03-21,152,10.7028656
2016-03-22,172,11.17704868
2016-03-23,113,11.58344746
2016-03-24,317,11.89057636
2016-03-25,163,10.80713367
2016-03-26,115,10.97277355
2016-03-27,97,10.64578438
2016-03-28,123,11.40559769
2016-03-29,131,11.86002159
2016-03-30,722,11.83287334
2016-03-31,869,11.88503265
2016-04-01,120,11.82422066
2016-04-02,243,11.45416546
2016-04-03,117,11.5846262
2016-04-04,120,11.15642166
2016-04-05,158,10.88610268
2016-04-06,112,10.42926121
2016-04-07,153,10.21233654
2016-04-08,114,10.27226067
2016-04-09,91,9.96868324
2016-04-10,78,8.50895214
2016-04-11,110,8.8178339
2016-04-12,100,7.67186689
2016-04-13,73,7.12070036
2016-04-14,84,8.27220345
2016-04-15,93,8.30276871
2016-04-16,60,8.35909748
2016-04-17,61,9.57394218
2016-04-18,62,9.06841278
2016-04-19,63,9.13057518
2016-04-20,81,8.53954411
2016-04-21,101,8.49539566
2016-04-22,1027,8.16850376
2016-04-23,78,7.85513306
2016-04-24,66,8.24351597
2016-04-25,139,7.78498888
2016-04-26,95,7.45745134
2016-04-27,97,7.85904932
2016-04-28,93,7.28087854
2016-04-29,100,7.45272541
2016-04-30,126,9.31284428
2016-05-01,1152,8.75332546
2016-05-02,101,9.1801405
2016-05-03,143,9.96475506
2016-05-04,162,9.64718056
2016-05-05,167,9.60092926
2016-05-06,209,9.75081062
2016-05-07,143,9.30714512
2016-05-08,85,9.26994324
2016-05-09,142,9.41054821
2016-05-10,140,9.40432358
2016-05-11,291,9.46284485
2016-05-12,229,10.33878708
2016-05-13,256,10.39747715
2016-05-14,352,10.29762363
2016-05-15,100,10.0948925
2016-05-16,287,10.16970253
2016-05-17,300,11.30505466
2016-05-18,290,13.38962555
2016-05-19,166,13.85283089
2016-05-20,341,14.72865677
2016-05-21,1941,13.66317368
2016-05-22,433,14.05455685
2016-05-23,229,13.64112186
2016-05-24,146,13.50997543
2016-05-25,166,12.23726654
2016-05-26,237,12.3975172
2016-05-27,273,10.94718933
2016-05-28,2086,10.60098743
2016-05-29,889,12.05819702
2016-05-30,393,12.33735371
2016-05-31,276,13.99980831
2016-06-01,402,14.06221104
2016-06-02,229,13.71955585
2016-06-03,267,13.43216801
2016-06-04,193,13.61271477
2016-06-05,222,13.64867115
2016-06-06,538,13.85687065
2016-06-07,183,14.37166882
2016-06-08,363,14.66327095
2016-06-09,289,14.4991045
2016-06-10,851,14.21828842
2016-06-11,1072,13.91207123
2016-06-12,898,14.43261623
2016-06-13,2244,16.94645119
2016-06-14,1265,18.11354256
2016-06-15,459,18.37888336
2016-06-16,1890,19.52018738
2016-06-17,4776,16.71063805
2016-06-18,10201,14.45183182
2016-06-19,5058,12.41148281
2016-06-20,3083,11.93075275
2016-06-21,2202,11.63643742
2016-06-22,2457,14.68105698
2016-06-23,1896,12.69409752
2016-06-24,1625,13.91169453
2016-06-25,1167,14.45978928
2016-06-26,730,14.23734951
2016-06-27,801,13.82566166
2016-06-28,1319,12.92706299
2016-06-29,864,12.46104908
2016-06-30,852,12.48039055
2016-07-01,1188,12.38272381
2016-07-02,716,12.18954659
2016-07-03,741,12.11291218
2016-07-04,1061,11.78057957
2016-07-05,1383,11.4712038
2016-07-06,811,10.69661427
2016-07-07,659,10.08300591
2016-07-08,633,10.02820587
2016-07-09,2083,10.93483829
2016-07-10,1361,10.81057549
2016-07-11,526,10.43312836
2016-07-12,1264,10.4793787
2016-07-13,871,10.48039627
2016-07-14,807,10.86622524
2016-07-15,1279,12.07416058
2016-07-16,677,11.75248337
2016-07-17,419,11.31585407
2016-07-18,409,11.30451298
2016-07-19,541,11.15695477
2016-07-20,2061,11.73404217
2016-07-21,1943,12.3439846
2016-07-22,1157,12.62028027
2016-07-23,1478,14.16064739
2016-07-24,77,14.23389816
2016-07-25,474,13.25709438
2016-07-26,996,13.63521957
2016-07-27,1841,12.86848545
2016-07-28,589,12.85945034
2016-07-29,334,12.63159943
2016-07-30,284,12.69895267
2016-07-31,239,11.60665894
2016-08-01,266,11.58598137
2016-08-02,361,10.71458149
2016-08-03,347,9.52481365
2016-08-04,245,10.47972965
2016-08-05,316,11.03745079
2016-08-06,113,10.87705135
2016-08-07,242,10.91378212
2016-08-08,479,10.94816113
2016-08-09,419,12.00621319
2016-08-10,693,12.29963112
2016-08-11,402,11.8381052
2016-08-12,493,11.65481853
2016-08-13,376,11.64356232
2016-08-14,86,11.57867813
2016-08-15,138,11.00014877
2016-08-16,145,11.14498329
2016-08-17,131,10.9684124
2016-08-18,220,10.86975956
2016-08-19,146,10.78667927
2016-08-20,125,11.01842213
2016-08-21,328,11.16414452
2016-08-22,140,11.19819069
2016-08-23,690,10.97469711
2016-08-24,186,11.04823494
2016-08-25,140,11.24854374
2016-08-26,98,11.29399109
2016-08-27,99,11.19051075
2016-08-28,54,11.10728836
2016-08-29,93,10.91968632
2016-08-30,83,11.19962215
2016-08-31,199,11.20655727
2016-09-01,365,12.0040493
2016-09-02,239,12.05083942
2016-09-03,188,11.68476868
2016-09-04,177,11.7645483
2016-09-05,293,11.73810863
2016-09-06,226,11.61868286
2016-09-07,148,11.6288023
2016-09-08,145,11.56850052
2016-09-09,229,11.45089531
2016-09-10,453,11.72736263
2016-09-11,208,11.85478401
2016-09-12,842,11.65324211
2016-09-13,152,12.08258915
2016-09-14,253,11.94601536
2016-09-15,151,12.00962353
2016-09-16,200,11.93481731
2016-09-17,188,12.58448887
2016-09-18,196,12.67479992
2016-09-19,58,12.73502922
2016-09-20,136,13.38055134
2016-09-21,302,14.20669651
2016-09-22,138,12.84622383
2016-09-23,44,13.10164452
2016-09-24,40,12.92832279
2016-09-25,148,12.98826027
2016-09-26,132,12.88971233
2016-09-27,66,13.16527462
2016-09-28,163,13.44039631
2016-09-29,158,13.25716496
2016-09-30,476,13.33109093
2016-10-01,63,13.13239765
2016-10-02,116,13.16473293
2016-10-03,713,13.20552063
2016-10-04,20841,13.39880371
2016-10-05,2437,13.25749874
2016-10-06,1057,12.84533882
2016-10-07,219,12.92625523
2016-10-08,643,12.64265347
2016-10-09,362,12.26047421
2016-10-10,1506,11.90778828
2016-10-11,603,12.13507748
2016-10-12,7440,11.73500061
2016-10-13,13643,11.99354458
2016-10-14,13318,11.9192934
2016-10-15,3229,11.86220741
2016-10-16,3526,11.95855045
2016-10-17,3445,11.92120838
2016-10-18,3914,12.19547844
2016-10-19,493,12.49901009
2016-10-20,100,12.20103645
2016-10-21,57,12.08692837
2016-10-22,234,12.12838173
2016-10-23,73,11.96116257
2016-10-24,58,11.99033356
2016-10-25,641,11.26816273
2016-10-26,781,11.58884907
2016-10-27,225,11.43562508
2016-10-28,210,11.53957653
2016-10-29,361,11.10292244
2016-10-30,76,10.48897076
2016-10-31,242,11.17594051
2016-11-01,539,10.73330975
2016-11-02,77,10.9131155
2016-11-03,90,10.79964828
2016-11-04,67,10.93370247
2016-11-05,92,11.05909157
2016-11-06,93,10.87234211
2016-11-07,58,10.89083767
2016-11-08,152,10.89247608
2016-11-09,156,10.42971802
2016-11-10,456,10.55637455
2016-11-11,120,10.51397896
2016-11-12,121,10.181036
2016-11-13,125,10.19999409
2016-11-14,219,9.98183823
2016-11-15,269,10.24454117
2016-11-16,312,10.28198242
2016-11-17,144,10.10865688
2016-11-18,177,9.97877407
2016-11-19,120,9.57619572
2016-11-20,130,9.61849403
2016-11-21,409,9.57175732
2016-11-22,359,9.94512939
2016-11-23,87,9.87179089
2016-11-24,183,9.78180313
2016-11-25,6211,9.27416229
2016-11-26,1675,9.37100124
2016-11-27,1210,9.12840176
2016-11-28,440,8.95883465
2016-11-29,153,8.48675156
2016-11-30,113,8.27385712
2016-12-01,167,8.39436626
2016-12-02,116,7.63683796
2016-12-03,2688,7.90301895
2016-12-04,1794,7.90249872
2016-12-05,3365,7.46398783
2016-12-06,1093,6.9359355
2016-12-07,261,7.57976294
2016-12-08,134,8.57879162
2016-12-09,346,8.57343674
2016-12-10,1287,8.30651474
2016-12-11,379,8.21545887
2016-12-12,196,8.41560459
2016-12-13,214,8.44915771
2016-12-14,104,8.3716526
2016-12-15,125,7.98988962
2016-12-16,122,7.83320808
2016-12-17,131,7.78552341
2016-12-18,909,7.89772511
2016-12-19,515,7.74505043
2016-12-20,237,7.63710451
2016-12-21,206,7.67782974
2016-12-22,111,7.61255884
2016-12-23,109,7.40170383
2016-12-24,103,7.33150196
2016-12-25,70,7.31269884
2016-12-26,100,7.28469181
2016-12-27,133,7.21640587
2016-12-28,293,7.3052659
2016-12-29,350,8.08511066
2016-12-30,185,8.1172781
2016-12-31,318,7.97572088
2017-01-01,187,8.44290161
2017-01-02,96,8.29045868
2017-01-03,130,8.42391968
2017-01-04,259,10.40668869
2017-01-05,304,10.17251587
2017-01-06,288,10.12520123
2017-01-07,345,10.04981232
2017-01-08,304,10.08623219
2017-01-09,152,10.32278633
2017-01-10,231,10.40650654
2017-01-11,243,9.87361526
2017-01-12,406,9.5852623
2017-01-13,779,9.74505711
2017-01-14,759,9.6504097
2017-01-15,337,9.8756094
2017-01-16,191,9.84827423
2017-01-17,140,10.10851097
2017-01-18,170,10.13010597
2017-01-19,408,10.26816368
2017-01-20,471,10.58528042
2017-01-21,106,10.85219193
2017-01-22,95,10.72018909
2017-01-23,133,10.72600555
2017-01-24,361,10.71712017
2017-01-25,180,10.5147543
2017-01-26,501,10.57678699
2017-01-27,283,10.48508549
2017-01-28,464,10.51917839
2017-01-29,151,10.49586296
2017-01-30,458,10.50073338
2017-01-31,176,10.56471634
2017-02-01,214,10.62877083
2017-02-02,253,10.67805576
2017-02-03,221,10.87989998
2017-02-04,334,11.3878479
2017-02-05,142,11.3610239
2017-02-06,163,11.39671993
2017-02-07,289,11.46568871
2017-02-08,252,11.34819221
2017-02-09,650,11.54552555
2017-02-10,158,11.06329632
2017-02-11,153,11.27564049
2017-02-12,576,11.31136131
2017-02-13,223,11.20249748
2017-02-14,261,12.58078289
2017-02-15,275,12.81957531
2017-02-16,264,12.60032368
2017-02-17,147,12.78670406
2017-02-18,930,12.7598362
2017-02-19,318,12.80346584
2017-02-20,227,12.86492729
2017-02-21,366,12.48175907
2017-02-22,1155,12.70765495
2017-02-23,318,12.77905083
2017-02-24,249,13.0295639
2017-02-25,120,13.61951256
2017-02-26,126,13.46938324
2017-02-27,195,14.63193226
2017-02-28,171,15.80909538
2017-03-01,1069,15.73847675
2017-03-02,492,18.7517395
2017-03-03,460,18.50421143
2017-03-04,249,19.98473167
2017-03-05,539,18.85466194
2017-03-06,135,19.22690392
2017-03-07,94,19.42888832
2017-03-08,132,18.37753296
2017-03-09,165,17.54300308
2017-03-10,1042,18.28123283
2017-03-11,171,19.06263924
2017-03-12,149,21.85354805
2017-03-13,260,25.04587555
2017-03-14,648,28.24926949
2017-03-15,1590,30.52957153
2017-03-16,1467,40.88731766
2017-03-17,452,46.54584885
2017-03-18,276,36.93608093
2017-03-19,217,39.4142952
2017-03-20,279,44.19563293
2017-03-21,520,44.21334076
2017-03-22,697,39.89975739
2017-03-23,577,42.05825806
2017-03-24,846,47.57904434
2017-03-25,437,49.47833252
2017-03-26,200,49.62591171
2017-03-27,3089,50.76028824
2017-03-28,274,49.85445023
2017-03-29,574,52.64440155
2017-03-30,770,53.08503342
2017-03-31,800,50.63747025
2017-04-01,631,50.14421844
2017-04-02,555,49.48337173
2017-04-03,665,44.73745728
2017-04-04,1037,45.10642242
2017-04-05,1034,45.77088165
2017-04-06,1592,44.74009705
2017-04-07,967,42.53973389
2017-04-08,992,45.16585922
2017-04-09,821,43.21027756
2017-04-10,767,43.20684814
2017-04-11,218,44.11178589
2017-04-12,320,43.5552063
2017-04-13,3283,48.4173317
2017-04-14,775,48.83977509
2017-04-15,415,47.44621277
2017-04-16,199,48.78649902
2017-04-17,651,48.3175087
2017-04-18,987,50.59074783
2017-04-19,1253,50.81941223
2017-04-20,1512,48.48793793
2017-04-21,3422,49.44398117
2017-04-22,3684,48.68815231
2017-04-23,552,48.38895798
2017-04-24,1050,50.10398102
2017-04-25,1165,49.86474609
2017-04-26,2606,52.44770432
2017-04-27,3658,58.58997726
2017-04-28,1463,64.29021454
2017-04-29,1024,69.83218384
2017-04-30,1350,71.76806641
2017-05-01,1263,81.4564209
2017-05-02,4638,79.35325623
2017-05-03,757,80.05103302
2017-05-04,2368,89.99662781
2017-05-05,1045,102.02135468
2017-05-06,1986,95.64967346
2017-05-07,5966,96.7640152
2017-05-08,1671,92.77739716
2017-05-09,2875,89.14603424
2017-05-10,6998,92.84693909
2017-05-11,4000,90.46638489
2017-05-12,4113,90.53853607
2017-05-13,3116,88.63881683
2017-05-14,4061,90.67169189
2017-05-15,4737,91.23472595
2017-05-16,6466,92.90254211
2017-05-17,5159,90.16207123
2017-05-18,5713,90.5670166
2017-05-19,5658,117.65478516
2017-05-20,8114,131.99972534
2017-05-21,5554,128.32850647
2017-05-22,5966,186.88729858
2017-05-23,11636,178.03849792
2017-05-24,11561,193.230896
2017-05-25,12624,200.00494385
2017-05-26,9517,182.08970642
2017-05-27,8393,156.48373413
2017-05-28,8102,171.49882507
2017-05-29,7119,183.16256714
2017-05-30,11708,202.60342407
2017-05-31,13253,230.24880981
2017-06-01,8449,222.89427185
2017-06-02,12353,222.15283203
2017-06-03,11440,220.25239563
2017-06-04,12213,232.76301575
2017-06-05,6741,246.78031921
2017-06-06,10027,256.10177612
2017-06-07,13956,260.0604248
2017-06-08,9156,257.56234741
2017-06-09,8393,273.81515503
2017-06-10,8436,311.22879028
2017-06-11,10682,341.41125488
2017-06-12,13713,348.29885864
2017-06-13,8770,398.08557129
2017-06-14,9065,376.99716187
2017-06-15,9328,355.40454102
2017-06-16,8671,350.64282227
2017-06-17,7592,366.66964722
2017-06-18,9877,376.94723511
2017-06-19,13918,372.66906738
2017-06-20,7781,377.61639404
2017-06-21,1026,337.51074219
2017-06-22,11544,338.32897949
2017-06-23,12544,341.11270142
2017-06-24,8226,342.61224365
2017-06-25,10446,320.02047729
2017-06-26,12969,309.31256104
2017-06-27,4933,271.87319946
2017-06-28,8485,305.0274353
2017-06-29,13857,326.67578125
2017-06-30,14465,305.8001709
2017-07-01,7138,282.76315308
2017-07-02,8510,272.48422241
2017-07-03,15757,288.73574829
2017-07-04,6850,284.26412964
2017-07-05,9371,273.55728149
2017-07-06,12786,270.89187622
2017-07-07,8838,267.5269165
2017-07-08,5900,244.48466492
2017-07-09,17462,244.90852356
2017-07-10,3928,220.69154358
2017-07-11,4777,197.28175354
2017-07-12,4074,195.09162903
2017-07-13,20045,229.23893738
2017-07-14,7589,192.40531921
2017-07-15,3882,177.26097107
2017-07-16,3811,152.5894928
2017-07-17,10138,165.92953491
2017-07-18,10941,185.05493164
2017-07-19,15395,227.34802246
2017-07-20,10624,215.48780823
2017-07-21,15498,226.48606873
2017-07-22,5996,222.48902893
2017-07-23,5891,229.30355835
2017-07-24,11173,225.04364014
2017-07-25,10610,207.49874878
2017-07-26,13923,202.01931763
2017-07-27,9597,204.34919739
2017-07-28,3880,203.32189941
2017-07-29,5543,184.85980225
2017-07-30,8589,200.7035675
2017-07-31,8818,198.70417786
2017-08-01,13779,212.01089478
2017-08-02,12389,226.93367004
2017-08-03,10079,226.17558289
2017-08-04,13953,223.84744263
2017-08-05,6409,241.99623108
2017-08-06,14218,258.18136597
2017-08-07,13650,264.40625
2017-08-08,16498,271.21444702
2017-08-09,12409,318.71627808
2017-08-10,17426,305.47634888
2017-08-11,13245,298.42956543
2017-08-12,18974,312.16744995
2017-08-13,19707,301.66647339
2017-08-14,22438,302.30514526
2017-08-15,45350,285.17263794
2017-08-16,5585,290.7510376
2017-08-17,16333,304.14562988
2017-08-18,11008,300.87255859
2017-08-19,21121,292.3447876
2017-08-20,30095,294.63638306
2017-08-21,18915,301.27523804
2017-08-22,14811,309.95062256
2017-08-23,20199,319.51849365
2017-08-24,11289,318.86367798
2017-08-25,5575,334.72201538
2017-08-26,7208,330.87490845
2017-08-27,13207,334.78726196
2017-08-28,9431,343.97930908
2017-08-29,12670,349.96069336
2017-08-30,13256,376.90368652
2017-08-31,14596,380.72720337
2017-09-01,18981,389.35375977
2017-09-02,11259,378.00906372
2017-09-03,15599,352.28427124
2017-09-04,9464,286.66098022
2017-09-05,12134,276.37460327
2017-09-06,11868,324.12860107
2017-09-07,13420,324.2862854
2017-09-08,17530,299.46481323
2017-09-09,18542,292.76257324
2017-09-10,15140,285.07400513
2017-09-11,14598,299.41687012
2017-09-12,13952,301.41531372
2017-09-13,10557,269.80636597
2017-09-14,7433,239.42408752
2017-09-15,5504,252.30776978
2017-09-16,9238,240.00071716
2017-09-17,15582,243.30102539
2017-09-18,10765,287.33227539
2017-09-19,7871,287.42733765
2017-09-20,19166,288.71542358
2017-09-21,39016,280.62838745
2017-09-22,9171,256.54910278
2017-09-23,6389,264.14486694
2017-09-24,7084,292.67782593
2017-09-25,5188,286.30929565
2017-09-26,21970,288.91235352
2017-09-27,26786,290.36685181
2017-09-28,20545,296.44760132
2017-09-29,7809,280.80111694
2017-09-30,13534,302.53952026
2017-10-01,6697,298.63897705
2017-10-02,11830,300.26690674
2017-10-03,8744,299.65270996
2017-10-04,18406,297.97106934
2017-10-05,2292,290.89224243
2017-10-06,1987,295.99227905
2017-10-07,5337,309.40618896
2017-10-08,8262,312.48898315
2017-10-09,19361,299.80682373
2017-10-10,4171,305.36425781
2017-10-11,3102,300.83166504
2017-10-12,10799,307.37060547
2017-10-13,2883,340.62664795
2017-10-14,3118,343.33285522
2017-10-15,16102,334.2616272
2017-10-16,11659,339.01843262
2017-10-17,18437,320.37731934
2017-10-18,11913,306.11712646
2017-10-19,12123,308.99649048
2017-10-20,31438,308.71972656
2017-10-21,16689,292.77175903
2017-10-22,17233,303.14559937
2017-10-23,26649,282.73440552
2017-10-24,26628,308.03277588
2017-10-25,36586,295.03320313
2017-10-26,39945,298.24172974
2017-10-27,23848,295.4984436
2017-10-28,6809,297.35501099
2017-10-29,5004,309.5668335
2017-10-30,6714,307.23062134
2017-10-31,20182,306.80569458
2017-11-01,25732,303.97839355
2017-11-02,28793,288.53674316
2017-11-03,17500,288.54013062
2017-11-04,14661,301.08969116
2017-11-05,8909,296.11221313
2017-11-06,26914,304.67962646
2017-11-07,7779,292.50341797
2017-11-08,14875,300.17822266
2017-11-09,48579,309.02648926
2017-11-10,41795,305.67684937
2017-11-11,34364,302.44009399
2017-11-12,27913,307.16217041
2017-11-13,30092,316.65597534
2017-11-14,25869,321.51168823
2017-11-15,29221,335.67129517
2017-11-16,36174,331.2515564
2017-11-17,34277,333.92260742
2017-11-18,28117,329.41586304
2017-11-19,16995,357.2210083
2017-11-20,15495,361.82946777
2017-11-21,12197,369.5612793
2017-11-22,14890,363.42944336
2017-11-23,21290,412.79376221
2017-11-24,20417,412.22106934
2017-11-25,15115,474.94006348
2017-11-26,21593,460.09057617
2017-11-27,15751,480.62976074
2017-11-28,14708,480.12127686
2017-11-29,23802,496.43261719
2017-11-30,7878,408.70800781
2017-12-01,20925,456.96066284
2017-12-02,12622,469.29055786
2017-12-03,8676,462.17077637
2017-12-04,10105,466.52502441
2017-12-05,13154,468.7321167
2017-12-06,8058,456.16897583
2017-12-07,35838,425.63070679
2017-12-08,16529,453.54656982
2017-12-09,10818,471.6619873
2017-12-10,12214,452.13876343
2017-12-11,11763,473.95916748
2017-12-12,7778,535.36328125
2017-12-13,11722,618.68151855
2017-12-14,28240,692.40600586
2017-12-15,30274,696.08081055
2017-12-16,12591,699.24981689
2017-12-17,50388,716.13946533
2017-12-18,48439,732.18762207
2017-12-19,20570,820.32086182
2017-12-20,22626,805.95758057
2017-12-21,16086,795.32440186
2017-12-22,31297,655.90209961
2017-12-23,30247,736.55804443
2017-12-24,56360,653.69824219
2017-12-25,65598,757.78100586
2017-12-26,66034,773.18463135
2017-12-27,49777,781.16693115
2017-12-28,40069,739.44537354
2017-12-29,39978,754.77386475
2017-12-30,25726,709.14361572
2017-12-31,46630,723.21386719
2018-01-01,68558,769.96173096
2018-01-02,37939,886.34436035
2018-01-03,18744,882.25628662
2018-01-04,10612,954.21325684
2018-01-05,7647,1045.29394531
2018-01-06,7568,1002.57525635
2018-01-07,11928,1090.83947754
2018-01-08,12533,1088.60693359
2018-01-09,13135,1209.15039063
2018-01-10,21177,1364.84814453
2018-01-11,16147,1228.5994873
2018-01-12,20296,1247.54699707
2018-01-13,20415,1295.71936035
2018-01-14,28770,1392.17797852
2018-01-15,24023,1346.0513916
2018-01-16,11967,1242.75341797
2018-01-17,11142,954.39715576
2018-01-18,7339,1025.27148438
2018-01-19,9247,1061.92993164
2018-01-20,11120,1075.56970215
2018-01-21,24402,1134.66638184
2018-01-22,44619,960.67419434
2018-01-23,53902,1013.98480225
2018-01-24,67775,1031.86169434
2018-01-25,70847,1034.74243164
2018-01-26,15985,1050.9720459
2018-01-27,17775,1095.18273926
2018-01-28,26460,1129.69506836
2018-01-29,26895,1200.52368164
2018-01-30,28447,1145.86450195
2018-01-31,30175,1102.71533203
2018-02-01,11580,1138.50561523
2018-02-02,11294,954.35913086
2018-02-03,35709,955.11651611
2018-02-04,35054,864.21588135
2018-02-05,35515,836.07806396
2018-02-06,21526,742.73553467
2018-02-07,22164,812.49127197
2018-02-08,27272,806.39074707
2018-02-09,28512,806.53649902
2018-02-10,23441,847.33850098
2018-02-11,30858,852.11810303
2018-02-12,21170,856.97296143
2018-02-13,24123,857.95758057
2018-02-14,24994,902.66778564
2018-02-15,27582,933.9887085
2018-02-16,29987,938.65093994
2018-02-17,30132,961.27746582
2018-02-18,23269,944.79455566
2018-02-19,37661,931.19909668
2018-02-20,13181,942.46661377
2018-02-21,9611,849.50537109
2018-02-22,10391,825.77062988
2018-02-23,11396,838.43707275
2018-02-24,7603,837.11804199
2018-02-25,7343,827.74163818
2018-02-26,13440,876.27520752
2018-02-27,18295,871.24755859
2018-02-28,13817,888.44708252
2018-03-01,12195,867.03179932
2018-03-02,20266,855.5411377
2018-03-03,14344,864.79095459
2018-03-04,13567,847.83050537
2018-03-05,12870,867.68896484
2018-03-06,15870,832.01580811
2018-03-07,19237,812.98974609
2018-03-08,13898,741.19873047
2018-03-09,14527,701.0189209
2018-03-10,17209,732.93408203
2018-03-11,15163,708.91540527
2018-03-12,10409,697.64099121
2018-03-13,8277,696.71765137
2018-03-14,12695,656.14129639
2018-03-15,15334,588.16638184
2018-03-16,15470,598.66394043
2018-03-17,4355,598.8447876
2018-03-18,3853,466.09069824
2018-03-19,4813,551.63769531
2018-03-20,9702,556.75140381
2018-03-21,21815,567.94128418
2018-03-22,37064,531.77514648
2018-03-23,39723,516.39605713
2018-03-24,24317,541.47979736
2018-03-25,29407,520.65631104
2018-03-26,18588,522.40966797
2018-03-27,16436,468.53948975
2018-03-28,6451,451.23880005
2018-03-29,4386,441.78762817
2018-03-30,10420,378.60897827
2018-03-31,10550,403.10812378
2018-04-01,23994,364.76593018
2018-04-02,29273,391.7276001
2018-04-03,24183,406.29595947
2018-04-04,37798,404.4602356
2018-04-05,56841,378.5619812
2018-04-06,49738,379.6869812
2018-04-07,42658,381.07391357
2018-04-08,22718,401.61642456
2018-04-09,17502,396.41854858
2018-04-10,15716,400.10852051
2018-04-11,23339,420.70452881
2018-04-12,17413,463.97998047
2018-04-13,17120,514.11553955
2018-04-14,25796,506.67218018
2018-04-15,15401,510.55157471
2018-04-16,20325,504.92443848
2018-04-17,19409,507.29470825
2018-04-18,24160,506.82980347
2018-04-19,21138,545.71136475
2018-04-20,10904,585.83795166
2018-04-21,30113,607.55621338
2018-04-22,38755,632.79296875
2018-04-23,31976,644.73077393
2018-04-24,19114,667.34545898
2018-04-25,13237,672.1696167
2018-04-26,6208,618.38543701
2018-04-27,10921,673.49182129
2018-04-28,4637,666.2177124
2018-04-29,4149,681.65808105
2018-04-30,7616,683.4161377
2018-05-01,6296,644.34356689
2018-05-02,7619,682.49395752
2018-05-03,5007,746.64105225
2018-05-04,6263,771.74206543
2018-05-05,2895,819.67333984
2018-05-06,8086,825.15466309
2018-05-07,18655,756.71264648
2018-05-08,18309,737.20391846
2018-05-09,6849,724.54400635
2018-05-10,3851,762.02600098
2018-05-11,7324,731.71264648
2018-05-12,7220,679.3951416
2018-05-13,4962,727.16363525
2018-05-14,6441,702.7086792
2018-05-15,4241,718.53155518
2018-05-16,3219,685.74499512
2018-05-17,6640,707.81286621
2018-05-18,4381,679.48406982
2018-05-19,6001,695.66363525
2018-05-20,2720,713.50311279
2018-05-21,4593,713.80505371
2018-05-22,3330,683.32940674
2018-05-23,3170,603.68988037
2018-05-24,4924,599.28314209
2018-05-25,6922,602.76623535
2018-05-26,2773,604.77606201
2018-05-27,2416,573.9463501
2018-05-28,2579,533.34875488
2018-05-29,4264,527.29974365
2018-05-30,3025,552.78033447
2018-05-31,2999,577.21264648
2018-06-01,2929,574.48913574
2018-06-02,2610,578.54296875
2018-06-03,2302,594.17651367
2018-06-04,4342,619.347229
2018-06-05,5262,594.77947998
2018-06-06,3214,611.47528076
2018-06-07,3160,607.6987915
2018-06-08,4619,605.52856445
2018-06-09,4157,607.050354
2018-06-10,8558,569.99615479
2018-06-11,17101,534.60144043
2018-06-12,15909,529.2253418
2018-06-13,19139,466.81652832
2018-06-14,14596,488.07028198
2018-06-15,4952,505.40997314
2018-06-16,8667,494.14157104
2018-06-17,4730,502.80886841
2018-06-18,4658,497.6065979
2018-06-19,12416,516.79144287
2018-06-20,5712,521.35968018
2018-06-21,14523,542.37335205
2018-06-22,6607,473.28866577
2018-06-23,5849,469.70175171
2018-06-24,7673,426.46948242
2018-06-25,2915,465.23287964
2018-06-26,4971,458.76348877
2018-06-27,5070,434.13684082
2018-06-28,3310,433.66781616
2018-06-29,5152,422.68499756
2018-06-30,2169,448.35598755
2018-07-01,1951,451.76501465
2018-07-02,910,475.32598877
2018-07-03,1358,470.97000122
2018-07-04,1675,474.20401001
2018-07-05,2625,477.81698608
2018-07-06,1573,471.25900269
2018-07-07,1954,471.04098511
2018-07-08,1492,492.42800903
2018-07-09,2551,484.17700195
2018-07-10,3641,441.7869873
2018-07-11,2940,444.51901245
2018-07-12,2563,431.26300049
2018-07-13,3028,440.19000244
2018-07-14,1941,437.56298828
2018-07-15,2452,452.46899414
2018-07-16,8492,449.3789978
2018-07-17,13702,473.6960144
2018-07-18,15899,493.13500977
2018-07-19,19389,476.35198975
2018-07-20,21237,459.51400757
2018-07-21,37980,455.70498657
2018-07-22,14683,468.82400513
2018-07-23,14405,463.58099365
2018-07-24,6028,453.04299927
2018-07-25,18047,466.80200195
2018-07-26,17449,475.75500488
2018-07-27,9981,464.89801025
2018-07-28,15814,469.59500122
2018-07-29,11544,466.79699707
2018-07-30,6381,464.28100586
2018-07-31,4607,452.71704102
2018-08-01,4233,418.51538086
2018-08-02,3726,413.97015381
2018-08-03,4180,403.26046753
2018-08-04,3564,406.00280762
2018-08-05,2515,408.90481567
2018-08-06,3342,408.21939087
2018-08-07,3898,410.38409424
2018-08-08,17553,368.50820923
2018-08-09,13045,361.72634888
2018-08-10,17700,362.50222778
2018-08-11,6821,321.83587646
2018-08-12,4180,324.58312988
2018-08-13,4671,321.13269043
2018-08-14,5556,268.85174561
2018-08-15,6237,286.58566284
2018-08-16,4732,293.16366577
2018-08-17,7879,298.18359375
2018-08-18,2951,312.79956055
2018-08-19,10163,300.91165161
2018-08-20,8881,289.58407593
2018-08-21,5145,277.46426392
2018-08-22,7567,292.28509521
2018-08-23,4698,274.01196289
2018-08-24,4815,275.43688965
2018-08-25,8056,282.00238037
2018-08-26,9664,275.39273071
2018-08-27,4003,273.97457886
2018-08-28,3951,289.15997314
2018-08-29,6034,289.28250122
2018-08-30,5635,280.12875366
2018-08-31,4012,278.79541016
2018-09-01,11550,295.68313599
2018-09-02,9549,292.22320557
2018-09-03,20199,289.88180542
2018-09-04,12389,289.47851563
2018-09-05,13395,257.61624146
2018-09-06,7444,228.38856506
2018-09-07,4238,231.10040283
2018-09-08,2303,217.99169922
2018-09-09,2231,190.80628967
2018-09-10,5448,195.61668396
2018-09-11,8083,185.09275818
2018-09-12,5853,172.70466614
2018-09-13,5349,202.66493225
2018-09-14,9594,208.40078735
2018-09-15,27547,224.01403809
2018-09-16,22540,216.15457153
2018-09-17,21668,222.97711182
2018-09-18,39388,196.33753967
2018-09-19,9032,210.1486969
2018-09-20,32107,209.52790833
2018-09-21,5473,223.11013794
2018-09-22,9102,241.37475586
2018-09-23,11556,241.40855408
2018-09-24,7291,232.47236633
2018-09-25,4708,222.22172546
2018-09-26,3419,221.0927124
2018-09-27,3864,217.59713745
2018-09-28,5967,226.0748291
2018-09-29,17427,231.66853333
2018-09-30,11814,234.12156677
2018-10-01,4975,233.16940308
2018-10-02,12657,227.55273438
2018-10-03,21270,219.16912842
2018-10-04,24921,224.94371033
2018-10-05,14369,221.67993164
2018-10-06,38596,225.40007019
2018-10-07,37806,226.03083801
2018-10-08,23859,225.35081482
2018-10-09,26566,227.53782654
2018-10-10,9395,226.28916931
2018-10-11,9164,200.70567322
2018-10-12,11679,199.06156921
2018-10-13,17278,197.74105835
2018-10-14,42245,200.49247742
2018-10-15,29384,209.54171753
2018-10-16,24735,208.42079163
2018-10-17,20607,210.58654785
2018-10-18,37143,208.0823822
2018-10-19,24886,203.44036865
2018-10-20,45910,203.95391846
2018-10-21,66501,207.38040161
2018-10-22,44115,204.68469238
2018-10-23,40572,202.32518005
2018-10-24,39113,203.35398865
2018-10-25,35279,202.63148499
2018-10-26,35150,202.6627655
2018-10-27,58296,203.7277832
2018-10-28,70692,205.05267334
2018-10-29,45173,205.18717957
2018-10-30,40572,197.40827942
2018-10-31,49876,197.16949463
2018-11-01,47258,199.52622986
2018-11-02,17215,199.80334473
2018-11-03,28422,199.97109985
2018-11-04,34570,199.96685791
2018-11-05,18682,208.54122925
2018-11-06,23671,208.02682495
2018-11-07,17830,217.27890015
2018-11-08,28473,214.61178589
2018-11-09,57402,210.01855469
2018-11-10,53033,210.95387268
2018-11-11,71987,211.98426819
2018-11-12,54142,211.47625732
2018-11-13,43584,209.03872681
2018-11-14,59109,193.8629303
2018-11-15,59191,177.40956116
2018-11-16,62491,177.45750427
2018-11-17,90528,173.49142456
2018-11-18,75199,175.74108887
2018-11-19,55852,155.93885803
2018-11-20,48543,149.12464905
2018-11-21,44704,133.94046021
2018-11-22,47016,132.03199768
2018-11-23,44114,123.4414978
2018-11-24,67722,122.13981628
2018-11-25,60420,106.08036041
2018-11-26,64237,109.50065613
2018-11-27,69852,104.66004181
2018-11-28,60186,112.06407928
2018-11-29,36284,117.27232361
2018-11-30,29813,118.7940008
2018-12-01,41998,118.70929896
2018-12-02,71465,117.77186347
2018-12-03,47502,108.20283119
2018-12-04,34158,112.25761995
2018-12-05,27595,107.93569236
2018-12-06,51978,98.43298295
2018-12-07,43284,85.67439262
2018-12-08,80151,89.83262355
2018-12-09,53449,92.34965863
2018-12-10,28439,91.06091623
2018-12-11,47345,91.05720962
2018-12-12,57637,88.94143673
2018-12-13,66662,89.83586696
2018-12-14,52347,86.50444511
2018-12-15,94308,82.82989029
2018-12-16,137939,87.07905
2018-12-17,53296,85.75534949
2018-12-18,42219,95.89627885
2018-12-19,50802,103.94602218
2018-12-20,78377,102.31148661
2018-12-21,64448,115.40394444
2018-12-22,110476,108.73326358
2018-12-23,104091,129.56706478
2018-12-24,89861,151.87638344
2018-12-25,37323,125.1463481
2018-12-26,24605,134.6052846
2018-12-27,41312,124.82665446
2018-12-28,61963,127.55277866
2018-12-29,53124,136.78863171
2018-12-30,42147,135.11526172
2018-12-31,32030,136.55651101
2019-01-01,36801,133.29395771
2019-01-02,17507,141.31147374
2019-01-03,29853,153.6462316
2019-01-04,24121,149.64903937
2019-01-05,29145,159.80673399
2019-01-06,30500,153.45698999
2019-01-07,28229,153.01671371
2019-01-08,24040,149.37027626
2019-01-09,22750,151.00054544
2019-01-10,24865,151.14186113
2019-01-11,21711,127.75900722
2019-01-12,70695,126.94171779
2019-01-13,38990,126.25925105
2019-01-14,18638,118.43255169
2019-01-15,8596,127.27935124
2019-01-16,23271,122.07125492
2019-01-17,24538,122.14025857
2019-01-18,24196,122.55786307
2019-01-19,8881,121.67946858
2019-01-20,15586,119.67858312
2019-01-21,25812,118.80220738
2019-01-22,6843,118.78417225
2019-01-23,9321,118.28204602
2019-01-24,15372,116.25489292
2019-01-25,18043,116.68306815
2019-01-26,38174,116.87688759
2019-01-27,50579,114.26995758
2019-01-28,30413,104.57044664
2019-01-29,18712,105.4210247
2019-01-30,14592,105.70168381
2019-01-31,18253,107.26888187
2019-02-01,8911,107.59140987
2019-02-02,29379,107.71315672
2019-02-03,40728,107.98136174
2019-02-04,34284,107.52241756
2019-02-05,36158,107.37913618
2019-02-06,24932,103.82808572
2019-02-07,31745,104.93407216
2019-02-08,13939,104.87060527
2019-02-09,14779,118.53311868
2019-02-10,10225,119.27010717
2019-02-11,7698,121.08514382
2019-02-12,14822,120.68742194
2019-02-13,8289,122.18117957
2019-02-14,9320,122.48043983
2019-02-15,9231,122.45746216
2019-02-16,11963,123.47624514
2019-02-17,14382,126.16862795
2019-02-18,14099,138.15369949
2019-02-19,8417,147.34385672
2019-02-20,7669,146.57131195
2019-02-21,7865,148.19528426
2019-02-22,4835,147.06811479
2019-02-23,14797,148.43684493
2019-02-24,4919,142.05625495
2019-02-25,7375,140.59732835
2019-02-26,5054,138.23506213
2019-02-27,12070,139.58803746
2019-02-28,10864,137.52803404
2019-03-01,13958,137.21671737
2019-03-02,37147,136.96863639
2019-03-03,89523,133.11580836
2019-03-04,37732,130.9071094
2019-03-05,39737,127.49446416
2019-03-06,28312,136.72702875
2019-03-07,31834,138.38331763
2019-03-08,34837,137.32476757
2019-03-09,35924,135.73967075
2019-03-10,43638,137.24920323
2019-03-11,51469,133.13953812
2019-03-12,51547,134.18561315
2019-03-13,51319,133.91192004
2019-03-14,36487,133.8693986
2019-03-15,41394,137.94602591
2019-03-16,38267,140.92073362
2019-03-17,63564,139.71073077
2019-03-18,43053,141.70926769
2019-03-19,19310,140.37596934
2019-03-20,24743,139.04297302
2019-03-21,14299,140.49319159
2019-03-22,16845,137.99054146
2019-03-23,23687,138.13637195
2019-03-24,37004,137.38351924
2019-03-25,39538,137.29619292
2019-03-26,24351,134.54907912
2019-03-27,19813,138.79906486
2019-03-28,33678,140.08666645
2019-03-29,20870,141.11003445
2019-03-30,16876,141.75563232
2019-03-31,10042,141.33903634
2019-04-01,10012,141.95795209
2019-04-02,12809,155.30580585
2019-04-03,8876,172.3784242
2019-04-04,7811,161.00075944
2019-04-05,22035,157.96895157
2019-04-06,44561,164.15215602
2019-04-07,49556,167.41791427
2019-04-08,26511,181.47476599
2019-04-09,25544,176.75935781
2019-04-10,28846,179.95481499
2019-04-11,23084,170.92096153
2019-04-12,12798,164.60809741
2019-04-13,24229,166.02566469
2019-04-14,36807,163.36104794
2019-04-15,35559,167.94815433
2019-04-16,29832,161.6683869
2019-04-17,21174,166.78417448
2019-04-18,57451,172.40799497
2019-04-19,54665,172.94030323
2019-04-20,33146,173.41674371
2019-04-21,24381,169.15920588
2019-04-22,33204,168.73080473
2019-04-23,46028,172.36556919
2019-04-24,81774,165.14392855
2019-04-25,31059,164.45659778
2019-04-26,39927,156.27757254
2019-04-27,51896,156.7740696
2019-04-28,22934,158.46459193
2019-04-29,26947,154.13417146
2019-04-30,24770,159.73955992
2019-05-01,17816,160.84499421
2019-05-02,25474,160.95919325
2019-05-03,18974,162.70316199
2019-05-04,24848,162.28141439
2019-05-05,25102,163.42616626
2019-05-06,20998,161.43477238
2019-05-07,18079,173.12724369
2019-05-08,13674,169.39350477
2019-05-09,12945,168.8154455
2019-05-10,14562,172.79554142
2019-05-11,36576,176.78295696
2019-05-12,20888,193.07480365
2019-05-13,12569,201.3120468
2019-05-14,12937,206.6510451
2019-05-15,13556,235.8972991
2019-05-16,11025,273.63561907
2019-05-17,8878,231.06130806
2019-05-18,12027,242.35294916
2019-05-19,16874,254.93370101
2019-05-20,25814,247.31109249
2019-05-21,22162,251.44507282
2019-05-22,14303,255.13805145
2019-05-23,11294,243.48263594
2019-05-24,16997,253.58425432
2019-05-25,21299,251.97048299
2019-05-26,18752,249.42906149
2019-05-27,10484,272.6353354
2019-05-28,7168,270.80549798
2019-05-29,11723,269.20298445
2019-05-30,7556,286.16032829
2019-05-31,12310,254.55683686
2019-06-01,40591,269.89409866
2019-06-02,14023,265.99425257
2019-06-03,19616,269.67947635
2019-06-04,19141,249.52699362
2019-06-05,23484,240.82336916
2019-06-06,30740,243.46136036
2019-06-07,33604,250.06909752
2019-06-08,23238,249.49875328
2019-06-09,37342,243.25500568
2019-06-10,27552,235.13546214
2019-06-11,8335,240.85089069
2019-06-12,18178,248.62021604
2019-06-13,25459,260.22363801
2019-06-14,16617,258.27281611
2019-06-15,7982,265.11867876
2019-06-16,15065,272.88462185
2019-06-17,15908,270.44971705
2019-06-18,47935,267.17305217
2019-06-19,34957,266.99919451
2019-06-20,11162,270.06514542
2019-06-21,32853,279.74676755
2019-06-22,27956,304.72963984
2019-06-23,28079,311.39248258
2019-06-24,19270,308.00093794
2019-06-25,29082,311.30134191
2019-06-26,15503,330.85495854
2019-06-27,17569,307.31087852
2019-06-28,22198,307.25835227
2019-06-29,14000,297.52159415
2019-06-30,11920,297.37414316
2019-07-01,7322,299.79081422
2019-07-02,17223,288.35521984
2019-07-03,21631,295.92959599
2019-07-04,36856,295.66938295
2019-07-05,20992,285.83090685
2019-07-06,32139,295.18927348
2019-07-07,54184,288.83300191
2019-07-08,35740,305.24923115
2019-07-09,26067,316.07101752
2019-07-10,22643,310.58157195
2019-07-11,26589,283.99714584
2019-07-12,12665,272.81284205
2019-07-13,40814,273.51096041
2019-07-14,32721,235.1578918
2019-07-15,36114,230.38300709
2019-07-16,29718,221.84767807
2019-07-17,6498,198.42058013
2019-07-18,21153,224.34023034
2019-07-19,19755,223.01852402
2019-07-20,34579,226.9043363
2019-07-21,54863,225.50760783
2019-07-22,34977,215.78268766
2019-07-23,49590,217.23590134
2019-07-24,32801,215.18162369
2019-07-25,33020,222.23141333
2019-07-26,37451,216.76268528
2019-07-27,31287,222.42141267
2019-07-28,42643,207.79524287
2019-07-29,26966,213.26799038
2019-07-30,23427,212.60851121
2019-07-31,26046,212.37162749
2019-08-01,13373,214.66226136
2019-08-02,17711,221.16568616
2019-08-03,10920,221.20734343
2019-08-04,41307,222.03981343
2019-08-05,24262,230.24690418
2019-08-06,19339,229.85834506
2019-08-07,17319,224.72117032
2019-08-08,18603,226.05403909
2019-08-09,17689,210.10533079
2019-08-10,25513,211.63543068
2019-08-11,30470,210.6548487
2019-08-12,58233,213.82364617
2019-08-13,23472,206.09014466
2019-08-14,21896,205.36691407
2019-08-15,25603,186.01241401
2019-08-16,17566,187.88629369
2019-08-17,18790,184.65766072
2019-08-18,31962,184.28067701
2019-08-19,15362,196.41888543
2019-08-20,6285,197.50548253
2019-08-21,9855,183.72338414
2019-08-22,9264,191.27614199
2019-08-23,8620,194.81554139
2019-08-24,11662,188.25622043
2019-08-25,29627,190.08217567
2019-08-26,12337,191.49841012
2019-08-27,8322,187.10460695
2019-08-28,8760,187.5771005
2019-08-29,8034,170.68617588
2019-08-30,9269,168.71978307
2019-08-31,9295,169.82392168
2019-09-01,11775,170.71440414
2019-09-02,7794,173.0448614
2019-09-03,6164,179.17299517
2019-09-04,6213,176.83746889
2019-09-05,5400,175.49971565
2019-09-06,7170,176.87097157
2019-09-07,6041,169.97234473
2019-09-08,5693,182.34361372
2019-09-09,5820,181.8847563
2019-09-10,6359,180.17223554
2019-09-11,5485,180.29132512
2019-09-12,5999,180.31877483
2019-09-13,6575,178.91011263
2019-09-14,4678,180.71247343
2019-09-15,7307,186.54826578
2019-09-16,7305,194.27766815
2019-09-17,5424,197.83365607
2019-09-18,5641,211.14320706
2019-09-19,6525,205.91359757
2019-09-20,7328,219.42755156
2019-09-21,7494,218.298517
2019-09-22,9978,211.03004565
2019-09-23,6313,210.15486902
2019-09-24,5333,201.97549017
2019-09-25,6318,171.1763985
2019-09-26,10381,169.40640372
2019-09-27,7033,165.66021136
2019-09-28,6010,171.60774862
2019-09-29,8055,172.66037788
2019-09-30,7645,169.11750378
2019-10-01,58734,183.09185855
2019-10-02,61201,176.65458977
2019-10-03,66616,173.24897594
2019-10-04,48866,176.13673365
2019-10-05,41075,175.83818171
2019-10-06,103174,175.75412517
2019-10-07,55853,173.71060389
2019-10-08,34213,179.48679056
2019-10-09,33224,181.18882968
2019-10-10,43753,192.44363397
2019-10-11,43475,194.02723587
2019-10-12,41009,185.03068545
2019-10-13,30600,184.61459905
2019-10-14,35998,182.92572234
2019-10-15,47822,183.05058324
2019-10-16,37734,180.47406874
2019-10-17,35582,175.33111852
2019-10-18,30445,176.88636904
2019-10-19,36816,174.44228878
2019-10-20,20027,174.01950917
2019-10-21,17789,175.13990791
2019-10-22,17745,173.88437924
2019-10-23,15009,167.87755694
2019-10-24,17607,162.71239592
2019-10-25,21479,174.89685151
2019-10-26,23013,180.94152815
2019-10-27,27049,178.31770981
2019-10-28,20230,185.19086666
2019-10-29,22060,184.40985758
2019-10-30,17609,189.56678726
2019-10-31,23886,184.39415398
2019-11-01,32755,181.86176603
2019-11-02,25633,184.60689245
2019-11-03,17596,182.36803089
2019-11-04,10979,182.34832579
2019-11-05,21111,186.49517919
2019-11-06,24325,191.54946715
2019-11-07,24013,189.87931995
2019-11-08,22521,187.63377229
2019-11-09,9080,184.18965206
2019-11-10,10879,187.214747
2019-11-11,9978,189.51865776
2019-11-12,9894,185.20902232
2019-11-13,8801,187.50289847
2019-11-14,14759,185.76090437
2019-11-15,6155,183.63831525
2019-11-16,9252,181.19478166
2019-11-17,4852,183.14235983
2019-11-18,7130,183.899177
2019-11-19,13372,176.76744756
2019-11-20,19204,176.82053197
2019-11-21,18113,175.84320407
2019-11-22,17699,161.0926327
2019-11-23,25735,152.58598227
2019-11-24,36631,147.56782166
2019-11-25,18391,138.16655543
2019-11-26,34127,146.93194631
2019-11-27,19363,148.09769753
2019-11-28,7649,153.43449641
2019-11-29,25016,152.685764
2019-11-30,48708,155.91974526
2019-12-01,9917,150.2851226
2019-12-02,12470,148.10068995
2019-12-03,9929,149.26220817
2019-12-04,7208,145.78687285
2019-12-05,8993,146.00921879
2019-12-06,27150,148.91537747
2019-12-07,11634,149.66247941
2019-12-08,17510,152.08287613
2019-12-09,7824,149.53757375
2019-12-10,13233,145.92498232
2019-12-11,9827,143.79816052
2019-12-12,17552,143.85604398
2019-12-13,12715,145.41101227
2019-12-14,13746,142.76884954
2019-12-15,11391,141.97964606
2019-12-16,19382,141.64796521
2019-12-17,8368,132.84188804
2019-12-18,12042,127.15293177
2019-12-19,6800,130.72177589
2019-12-20,8539,128.18483576
2019-12-21,49569,128.16124296
2019-12-22,29059,130.5145204
2019-12-23,17950,134.07429255
2019-12-24,15991,128.09848636
2019-12-25,21284,126.53648507
2019-12-26,18168,126.9632116
2019-12-27,15780,126.46105716
2019-12-28,45538,128.12058302
2019-12-29,88356,132.57324834
2019-12-30,54442,131.78896208
2019-12-31,16123,131.24279818
2020-01-01,55176,130.26650886
2020-01-02,31901,130.02826419
2020-01-03,31902,132.71730974
2020-01-04,29631,133.57757046
2020-01-05,30784,137.83085676
2020-01-06,24596,139.44565699
2020-01-07,31230,143.88356205
2020-01-08,25247,144.98913724
2020-01-09,29814,138.69440815
2020-01-10,27544,137.98409606
2020-01-11,107822,143.56955042
2020-01-12,28407,145.09539087
2020-01-13,27822,143.13909331
2020-01-14,31869,156.49368514
2020-01-15,31148,162.78312133
2020-01-16,41026,160.26939027
2020-01-17,23347,165.27554911
2020-01-18,23669,172.0456163
2020-01-19,34214,165.38071297
2020-01-20,23966,165.58240048
2020-01-21,15597,168.95726392
2020-01-22,89491,168.94138342
2020-01-23,24151,163.47712397
2020-01-24,13466,162.90022032
2020-01-25,15310,160.86723878
2020-01-26,23267,161.94303989
2020-01-27,26090,168.54302047
2020-01-28,20383,172.88865979
2020-01-29,16245,175.87737236
2020-01-30,12899,174.09067987
2020-01-31,18705,179.52458939
2020-02-01,16859,181.70473255
2020-02-02,23476,192.39013412
2020-02-03,20791,188.86444642
2020-02-04,8105,188.2618418
2020-02-05,10885,189.67567241
2020-02-06,11076,212.13427618
2020-02-07,10483,220.89196382
2020-02-08,52753,224.57768192
2020-02-09,26515,227.34390121
2020-02-10,20817,226.05816286
2020-02-11,37609,219.26145334
2020-02-12,14498,243.56032126
2020-02-13,26251,270.68683607
2020-02-14,31260,273.32074508
2020-02-15,19629,281.7531633
2020-02-16,36599,271.1314578
2020-02-17,20522,256.52885905
2020-02-18,14814,268.57090492
2020-02-19,51726,279.54845984
2020-02-20,21045,261.85653909
2020-02-21,27697,264.38452056
2020-02-22,36672,263.15573174
2020-02-23,32214,269.10827317
2020-02-24,20512,268.25178867
2020-02-25,26356,262.55860417
2020-02-26,31724,239.75083677
2020-02-27,42209,218.94943323
2020-02-28,57447,226.61833825
2020-02-29,67475,225.64032417
2020-03-01,57191,221.05105074
2020-03-02,27285,219.85442046
2020-03-03,79127,231.23307225
2020-03-04,36344,223.06574507
2020-03-05,26599,231.39797332
2020-03-06,25461,236.25013413
2020-03-07,54602,246.06525547
2020-03-08,21728,218.79580597
2020-03-09,34979,193.83847771
2020-03-10,45815,198.59261905
2020-03-11,46470,192.93291084
2020-03-12,30607,184.45073321
2020-03-13,8718,125.09546188
2020-03-14,122555,134.39237044
2020-03-15,172141,122.21333234
2020-03-16,99567,122.92434562
2020-03-17,102614,114.42322402
2020-03-18,104938,113.97308263
2020-03-19,80511,116.06544493
2020-03-20,51360,130.26905812
2020-03-21,102017,132.77327714
2020-03-22,91706,128.60276424
2020-03-23,36186,128.83833254
2020-03-24,62457,136.39151692
2020-03-25,35641,136.06864064
2020-03-26,84287,137.26124377
2020-03-27,69147,138.98800274
2020-03-28,82904,128.94152484
2020-03-29,72073,130.30150782
2020-03-30,46100,127.0174613
2020-03-31,44494,132.82140441
2020-04-01,55788,133.08973185
2020-04-02,33554,139.34606937
2020-04-03,34640,141.5668566
2020-04-04,40179,142.99152608
2020-04-05,77190,144.27176134
2020-04-06,32768,159.48823401
2020-04-07,25650,170.02672152
2020-04-08,34436,171.28231057
2020-04-09,39505,170.92983964
2020-04-10,64106,165.32446127
2020-04-11,70045,157.94625747
2020-04-12,93598,162.04623024
2020-04-13,55372,153.45940254
2020-04-14,39247,159.92496295
2020-04-15,16387,155.98766634
2020-04-16,27646,172.04137728
2020-04-17,25104,171.50302401
2020-04-18,56179,173.59056189
2020-04-19,14803,187.23725939
2020-04-20,40034,185.00207349
2020-04-21,14030,171.31735959
2020-04-22,19005,183.23762678
2020-04-23,24922,188.70087792
2020-04-24,18539,189.37492562
2020-04-25,18549,196.16322903
2020-04-26,50046,196.20339337
2020-04-27,22217,198.32078881
2020-04-28,18981,195.94571691
2020-04-29,28906,211.34712827
2020-04-30,12234,210.6700229
2020-05-01,17666,209.96295951
2020-05-02,26588,215.3560633
2020-05-03,37499,209.58828287
2020-05-04,24495,207.33901767
2020-05-05,18284,208.17517059
2020-05-06,22795,208.67731999
2020-05-07,16412,205.59506292
2020-05-08,15367,212.64090671
2020-05-09,20074,212.7155415
2020-05-10,13958,188.896264
2020-05-11,17824,189.39806302
2020-05-12,26949,190.97816251
2020-05-13,19959,190.5880142
2020-05-14,17181,201.92205999
2020-05-15,15584,197.7494496
2020-05-16,17891,198.77863691
2020-05-17,26179,201.40760071
2020-05-18,17408,214.52060241
2020-05-19,15835,210.44895181
2020-05-20,18298,209.43711967
2020-05-21,17292,209.59551899
2020-05-22,16668,204.81500786
2020-05-23,19830,207.20547137
2020-05-24,31134,209.73094916
2020-05-25,21951,202.02487707
2020-05-26,20928,200.58250263
2020-05-27,18306,203.29083474
2020-05-28,17212,208.09102733
2020-05-29,16099,222.40186368
2020-05-30,22537,220.97353091
2020-05-31,27301,237.67266689
2020-06-01,29628,237.97739129
2020-06-02,14208,234.53400693
2020-06-03,23913,238.32092815
2020-06-04,34538,243.66412757
2020-06-05,85847,243.57612717
2020-06-06,133086,240.63582306
2020-06-07,44737,243.32285265
2020-06-08,20942,244.52323315
2020-06-09,24360,243.64590992
2020-06-10,24095,244.75165014
2020-06-11,21995,240.94116391
2020-06-12,19545,236.51602503
2020-06-13,31645,236.96762036
2020-06-14,46066,238.43613756
2020-06-15,32228,227.42742948
2020-06-16,21156,233.60175865
2020-06-17,15081,233.35175663
2020-06-18,18563,233.69693436
2020-06-19,14608,228.53497528
2020-06-20,57390,229.27615605
2020-06-21,65213,230.16483454
2020-06-22,27298,239.17136426
2020-06-23,11686,241.42578084
2020-06-24,21022,245.49549274
2020-06-25,18085,231.19836623
2020-06-26,81497,232.79656007
2020-06-27,43830,230.67013255
2020-06-28,58205,226.52579469
2020-06-29,47922,225.50695688
2020-06-30,28641,227.91715336
2020-07-01,28802,228.97489372
2020-07-02,29327,226.82825871
2020-07-03,66722,227.12363921
2020-07-04,81437,225.9887433
2020-07-05,131236,225.36687458
2020-07-06,103382,237.49782226
2020-07-07,57804,239.46660032
2020-07-08,75572,245.22050952
2020-07-09,25885,244.49744183
2020-07-10,46961,240.08901159
2020-07-11,113221,239.52621874
2020-07-12,117876,241.03528618
2020-07-13,83257,241.45613033
2020-07-14,35563,240.29711296
2020-07-15,31652,239.63711323
2020-07-16,6772,238.12151832
2020-07-17,11164,233.06160527
2020-07-18,11116,236.01727318
2020-07-19,12719,234.9187603
2020-07-20,10480,237.65129353
2020-07-21,11340,243.46138237
2020-07-22,13102,244.67356402
2020-07-23,14487,263.20389899
2020-07-24,15387,276.72436671
2020-07-25,10660,282.86467774
2020-07-26,32623,302.08866198
2020-07-27,26322,314.62428757
2020-07-28,20002,321.1960502
2020-07-29,39047,321.95009765
2020-07-30,12114,318.51839879
2020-07-31,26399,343.8016278
2020-08-01,43095,351.32013632
2020-08-02,69115,367.65268641
2020-08-03,124984,392.56056794
2020-08-04,48800,390.70721351
2020-08-05,84515,389.42935955
2020-08-06,61219,399.19743167
2020-08-07,41694,386.60467247
2020-08-08,30314,391.21082139
2020-08-09,33694,396.27504582
2020-08-10,19411,396.6847536
2020-08-11,16599,384.07518697
2020-08-12,26954,384.94378598
2020-08-13,53753,397.70051705
2020-08-14,73332,435.1615319
2020-08-15,98937,438.75503412
2020-08-16,130475,431.13562809
2020-08-17,103047,427.00410209
2020-08-18,64568,422.53235688
2020-08-19,45270,411.34183602
2020-08-20,42441,415.42857416
2020-08-21,17589,415.51854518
2020-08-22,63171,391.47553329
2020-08-23,125350,392.8506568
2020-08-24,108395,402.14082695
2020-08-25,71163,402.40334084
2020-08-26,97539,384.323
2020-08-27,59524,385.859
2020-08-28,101270,386.985
2020-08-29,67853,403.945
2020-08-30,37617,405.475
2020-08-31,15336,421.147
2020-09-01,9633,463.113
2020-09-02,5767,466.813
2020-09-03,6092,437.184
2020-09-04,21526,386.318
2020-09-05,25294,380.77
2020-09-06,84527,340.084
2020-09-07,86315,344.4
2020-09-08,145604,346.769
2020-09-09,58142,341.871
2020-09-10,20488,363.924
2020-09-11,8351,362.306
2020-09-12,44604,368.483
2020-09-13,66889,387.652
2020-09-14,34944,369.284
2020-09-15,6293,375.509
2020-09-16,23253,365.793
2020-09-17,33509,380.315
2020-09-18,5043,386.224
2020-09-19,17037,378.197
2020-09-20,32401,381.224
2020-09-21,24947,369.865
2020-09-22,49226,336.47
2020-09-23,42109,335.898
2020-09-24,62109,327.895
2020-09-25,47396,342.924
2020-09-26,110592,350.661
2020-09-27,92942,354.384
2020-09-28,55401,357.35
2020-09-29,16727,354.961
2020-09-30,23963,354.571
2020-10-01,23476,363.959
2020-10-02,67881,342.018
2020-10-03,121543,346.228
2020-10-04,84256,348.355
2020-10-05,48667,351.193
2020-10-06,39712,350.855
2020-10-07,20602,341.327
2020-10-08,58361,336.618
2020-10-09,49072,350.545
2020-10-10,54782,374.994
2020-10-11,118326,372.24
2020-10-12,131706,374.134
2020-10-13,75576,382.99
2020-10-14,42324,382.471
2020-10-15,68752,378.974
2020-10-16,65884,369.814
2020-10-17,169984,368.038
2020-10-18,207275,374.022
2020-10-19,158830,375.153
2020-10-20,62241,375.78
2020-10-21,22578,379.146
2020-10-22,15877,395.107
2020-10-23,33936,412.905
2020-10-24,143082,410.813
2020-10-25,156900,409.996
2020-10-26,123182,405.177
2020-10-27,72099,394.808
2020-10-28,42275,397.55
2020-10-29,28953,388.139
2020-10-30,13578,378.727
2020-10-31,82576,384.938
2020-11-01,117024,389.574
2020-11-02,19520,399.805
2020-11-03,39362,375.562
2020-11-04,103936,378.407
2020-11-05,85791,403.61
2020-11-06,15633,435.998
2020-11-07,47141,457.34
2020-11-08,144543,437.229
2020-11-09,99214,445.673
2020-11-10,77134,449.865
2020-11-11,151576,463.022
2020-11-12,97051,465.138
2020-11-13,96971,461.282
2020-11-14,53021,467.639
2020-11-15,120434,461.149
2020-11-16,63086,455.151
2020-11-17,11497,466.196
2020-11-18,10087,476.354
2020-11-19,11570,472.582
2020-11-20,10645,490.843
2020-11-21,7944,510.629
2020-11-22,8686,542.855
2020-11-23,11329,581.396
2020-11-24,11850,605.713
2020-11-25,16395,593.233
2020-11-26,15016,516.841
2020-11-27,56125,518.394
2020-11-28,196052,514.494
2020-11-29,316546,542.005
2020-11-30,65728,585.931
2020-12-01,12731,611.457
2020-12-02,17413,598.515
2020-12-03,37137,598.914
2020-12-04,13136,605.208
2020-12-05,62080,585.401
2020-12-06,98270,600.54
2020-12-07,64954,601.208
2020-12-08,15651,589.094
2020-12-09,14552,539.286
2020-12-10,16100,563.55
2020-12-11,15838,541.876
2020-12-12,24940,559.563
2020-12-13,87535,579.267
2020-12-14,18369,586.144
2020-12-15,10795,585.502
2020-12-16,10867,584.977
2020-12-17,11892,648.132
2020-12-18,14322,644.56
2020-12-19,16468,649.565
2020-12-20,39358,656.262
2020-12-21,15943,645.999
2020-12-22,16477,595.695
2020-12-23,9253,616.578
2020-12-24,11070,581.81
2020-12-25,40545,611.912
2020-12-26,15817,624.794
2020-12-27,14380,649.581
2020-12-28,13701,733.778
2020-12-29,11863,707.811
2020-12-30,13936,734.654
2020-12-31,15122,748.864
2021-01-01,30148,738.554
2021-01-02,31948,767.28605789
2021-01-03,11708,773.78175013
2021-01-04,13243,1045.586
2021-01-05,13670,1004.476
2021-01-06,15687,1109.529
2021-01-07,14421,1190.206
2021-01-08,17727,1204.996
2021-01-09,23863,1194.602
2021-01-10,33049,1347.931
2021-01-11,13126,1070.844
2021-01-12,20105,1141.299
2021-01-13,41067,1072.729
2021-01-14,29164,1148.518
2021-01-15,21911,1233.948
2021-01-16,23208,1182.671
2021-01-17,37939,1184.177
2021-01-18,29106,1218.045
2021-01-19,13420,1375.472
2021-01-20,21706,1373.569
2021-01-21,14563,1307.813
2021-01-22,14701,1133.53
2021-01-23,16467,1260.578
2021-01-24,18078,1312.597
2021-01-25,12609,1423.177
2021-01-26,22506,1320.525
2021-01-27,21716,1302.016
2021-01-28,23529,1285.27
2021-01-29,23895,1319.051
2021-01-30,54109,1349.892
2021-01-31,31280,1346.449
2021-02-01,21765,1320.069
2021-02-02,16359,1419.065
2021-02-03,21609,1548.021
2021-02-04,21917,1665.8
2021-02-05,20311,1660.576
2021-02-06,77904,1681.12
2021-02-07,78001,1635.058
2021-02-08,60598,1641.181
2021-02-09,18854,1753.792
2021-02-10,21816,1815.127
2021-02-11,36802,1739.973
2021-02-12,26004,1770.62
2021-02-13,20380,1810.867
2021-02-14,37360,1838.09
2021-02-15,48161,1753.012
2021-02-16,26530,1798.692
2021-02-17,20815,1806.601
2021-02-18,20840,1898.429
2021-02-19,20437,1918.801
2021-02-20,18936,1999.934
2021-02-21,44946,1914.252
2021-02-22,20872,1888.087
2021-02-23,13341,1591.943
2021-02-24,33105,1645.739
2021-02-25,46712,1636.277
2021-02-26,50048,1416.608
2021-02-27,22937,1491.979
2021-02-28,28276,1348.697
2021-03-01,42759,1440.6
2021-03-02,21874,1539.224
2021-03-03,27989,1567.16
2021-03-04,18136,1560.518
2021-03-05,15288,1480.0
2021-03-06,32908,1585.191
2021-03-07,14853,1682.79
2021-03-08,16131,1690.425
2021-03-09,11445,1813.659
2021-03-10,14682,1812.074
2021-03-11,18750,1770.391
2021-03-12,14974,1792.458
2021-03-13,16386,1788.715
2021-03-14,20178,1887.732
2021-03-15,16799,1799.154
2021-03-16,20067,1800.663
2021-03-17,20009,1784.397
2021-03-18,21490,1814.534
2021-03-19,23906,1793.18
2021-03-20,24628,1823.564
2021-03-21,50587,1779.703
2021-03-22,20505,1789.836
2021-03-23,23334,1679.069
2021-03-24,17165,1695.929
2021-03-25,23955,1576.537
2021-03-26,29517,1636.389
2021-03-27,38590,1692.118
2021-03-28,53666,1718.128
2021-03-29,28633,1704.818
2021-03-30,16015,1817.695
2021-03-31,17928,1814.751
2021-04-01,15889,1926.697
2021-04-02,18599,1996.558
2021-04-03,21968,2111.577
2021-04-04,48481,2033.063
2021-04-05,51302,2030.72
2021-04-06,18335,2095.259
2021-04-07,29064,2078.969
2021-04-08,44069,2023.208
2021-04-09,52653,2076.849
2021-04-10,47651,2158.767
2021-04-11,101921,2129.453
2021-04-12,58491,2182.728
2021-04-13,36607,2166.35
2021-04-14,24024,2374.619
2021-04-15,43158,2474.784
2021-04-16,32088,2425.607
2021-04-17,23489,2465.05
2021-04-18,22559,2214.949
2021-04-19,22991,2274.54
2021-04-20,21460,2096.829
2021-04-21,27350,2290.984
2021-04-22,28836,2482.854
2021-04-23,36454,2133.555
2021-04-24,164389,2277.834
2021-04-25,234226,2194.006
2021-04-26,67816,2456.575
2021-04-27,69186,2544.483
2021-04-28,43848,2612.258
2021-04-29,34673,2731.784
2021-04-30,55389,2776.607
2021-05-01,97910,2853.384
2021-05-02,99007,2896.554
2021-05-03,43002,3143.779
2021-05-04,25118,3326.884
2021-05-05,30597,3340.197
2021-05-06,30381,3442.802
2021-05-07,27770,3440.036
2021-05-08,26652,3539.629
2021-05-09,22726,3949.514
2021-05-10,24467,4114.827
2021-05-11,23189,3968.521
2021-05-12,25236,4311.684
2021-05-13,30980,3968.691
2021-05-14,26174,3888.501
2021-05-15,27887,3916.265
2021-05-16,40805,3854.966
2021-05-17,24358,3525.279
2021-05-18,25701,3505.803
2021-05-19,21521,2989.084
2021-05-20,26428,2713.535
2021-05-21,33702,2691.51
2021-05-22,49992,2245.141
2021-05-23,139655,2154.164
2021-05-24,102752,2293.335
2021-05-25,58716,2656.371
2021-05-26,71401,2887.582
2021-05-27,91693,2735.811
2021-05-28,65287,2567.561
2021-05-29,161769,2491.822
2021-05-30,106149,2457.191
2021-05-31,128942,2446.77
2021-06-01,73390,2652.619
2021-06-02,55639,2689.245
2021-06-03,43234,2815.143
2021-06-04,69386,2618.303
2021-06-05,177340,2781.692
2021-06-06,289269,2691.031
2021-06-07,106535,2765.091
2021-06-08,56811,2504.845
2021-06-09,87425,2511.897
2021-06-10,93970,2549.427
2021-06-11,113162,2447.836
2021-06-12,114534,2324.431
2021-06-13,179738,2324.39
2021-06-14,68292,2497.655
2021-06-15,67640,2621.46
2021-06-16,41159,2529.594
2021-06-17,40095,2443.438
2021-06-18,65338,2342.092
2021-06-19,76957,2240.949
2021-06-20,132417,2199.985
2021-06-21,87757,2012.064
2021-06-22,27589,1938.913
2021-06-23,36901,2006.469
2021-06-24,82449,1920.13
2021-06-25,57730,1945.004
2021-06-26,104650,1751.054
2021-06-27,191423,1869.225
2021-06-28,48177,2048.917
2021-06-29,26759,2133.623
2021-06-30,31766,2159.196
2021-07-01,21584,2135.487
2021-07-02,61334,2063.882
2021-07-03,119324,2198.461
2021-07-04,149015,2336.429
2021-07-05,94483,2274.121
2021-07-06,17139,2339.325
2021-07-07,12289,2375.341
2021-07-08,8842,2172.922
2021-07-09,15399,2118.773
2021-07-10,35054,2123.156
2021-07-11,75797,2098.616
2021-07-12,36319,2146.921
2021-07-13,13448,2028.396
2021-07-14,16615,1899.752
2021-07-15,12134,1953.491
2021-07-16,13858,1904.963
2021-07-17,14946,1879.483
2021-07-18,26174,1957.833
2021-07-19,37462,1893.869
2021-07-20,14479,1765.66
2021-07-21,28666,1871.425
2021-07-22,19842,1992.152
2021-07-23,17340,2062.25
2021-07-24,26723,2135.875
2021-07-25,23341,2177.222
2021-07-26,12601,2329.702
2021-07-27,19272,2205.895
2021-07-28,13272,2297.331
2021-07-29,15734,2296.385
2021-07-30,16845,2399.557
2021-07-31,25675,2443.645
2021-08-01,19946,2587.389
2021-08-02,19466,2617.858
2021-08-03,13773,2490.874
2021-08-04,16295,2471.762
2021-08-05,10031,2680.316
2021-08-06,9040,2769.405
2021-08-07,8847,2960.576
2021-08-08,9491,3140.192
2021-08-09,10101,2946.105
2021-08-10,11130,3146.639
2021-08-11,9747,3231.465
2021-08-12,9617,3144.368
2021-08-13,9449,3227.004
2021-08-14,9273,3309.366
2021-08-15,9796,3157.756
2021-08-16,8834,3277.219
2021-08-17,9669,3167.207
2021-08-18,8670,3031.928
2021-08-19,9309,2981.949
2021-08-20,10035,3214.852
2021-08-21,11047,3295.274
2021-08-22,11046,3266.142
2021-08-23,10217,3327.004
2021-08-24,10420,3349.916
2021-08-25,11255,3185.137
2021-08-26,10949,3101.657
2021-08-27,11998,3128.655
2021-08-28,12003,3234.435
2021-08-29,12006,3210.049
2021-08-30,11627,3181.163
2021-08-31,10663,3352.854
2021-09-01,11162,3514.949
2021-09-02,12472,3738.052
2021-09-03,10193,3800.17
2021-09-04,11097,3918.382
2021-09-05,10296,3870.989
2021-09-06,10630,3945.368
2021-09-07,11034,3886.451
2021-09-08,11183,3271.004
2021-09-09,12492,3502.215
2021-09-10,15679,3402.989
2021-09-11,14172,3241.824
2021-09-12,15819,3323.531
2021-09-13,14641,3201.041
2021-09-14,18134,3310.29
2021-09-15,14564,3397.536
2021-09-16,12129,3635.19
2021-09-17,9208,3518.521
2021-09-18,12240,3500.923
2021-09-19,17675,3438.523
2021-09-20,9477,3116.236
2021-09-21,10391,3067.58
2021-09-22,10982,2945.822
2021-09-23,10384,3146.573
2021-09-24,10663,2927.843
2021-09-25,13271,2890.092
2021-09-26,9291,2777.896
2021-09-27,13417,3098.286
2021-09-28,10180,2895.497
2021-09-29,10130,2924.041
2021-09-30,9227,3000.182
2021-10-01,7834,3093.867
2021-10-02,11748,3283.993
2021-10-03,11756,3394.686
2021-10-04,8072,3366.027
2021-10-05,8364,3394.255
2021-10-06,7658,3455.964
2021-10-07,8371,3611.851
2021-10-08,10933,3602.427
2021-10-09,10828,3604.781
2021-10-10,10838,3582.362
2021-10-11,8078,3613.426
2021-10-12,9257,3483.067
2021-10-13,9980,3436.817
2021-10-14,10569,3631.106
2021-10-15,7873,3811.252
2021-10-16,14193,3847.484
2021-10-17,11613,3879.788
2021-10-18,10744,3838.741
2021-10-19,10635,3809.571
2021-10-20,10015,3855.165
2021-10-21,9155,4168.182
2021-10-22,10899,4136.177
2021-10-23,10175,4020.078
2021-10-24,9568,4094.972
2021-10-25,8223,4149.958
2021-10-26,7725,4199.489
2021-10-27,6808,4144.402
2021-10-28,9902,4015.071
2021-10-29,8461,4306.163
2021-10-30,9394,4350.46
2021-10-31,14340,4316.342
2021-11-01,8919,4300.714
2021-11-02,9231,4345.203
2021-11-03,10235,4611.42
2021-11-04,14296,4523.864
2021-11-05,23213,4532.89
2021-11-06,14511,4472.83
2021-11-07,12288,4546.21
2021-11-08,10486,4732.6
2021-11-09,8714,4789.0
2021-11-10,11013,4721.22
2021-11-11,9781,4696.32
2021-11-12,9120,4709.94
2021-11-13,9677,4640.24
2021-11-14,10312,4602.16
2021-11-15,16618,4684.52
2021-11-16,10054,4304.97
2021-11-17,15180,4184.84
2021-11-18,9145,4249.73
2021-11-19,10059,4061.1
2021-11-20,19311,4284.09
2021-11-21,9785,4353.27
2021-11-22,10609,4191.45
2021-11-23,13156,4109.41
2021-11-24,11402,4272.25
2021-11-25,10815,4294.4
2021-11-26,13600,4334.06
2021-11-27,10970,4122.73
2021-11-28,10349,4072.2
2021-11-29,12297,4350.69
2021-11-30,14669,4413.74
2021-12-01,11824,4771.38
2021-12-02,17621,4561.56
2021-12-03,13189,4565.84
2021-12-04,11144,3880.21
2021-12-05,24231,4193.1
2021-12-06,19661,4068.4
2021-12-07,17615,4354.85
2021-12-08,19995,4361.41
2021-12-09,12989,4388.07
2021-12-10,18920,4039.98
2021-12-11,16045,3982.23
2021-12-12,15218,4058.7
2021-12-13,16350,3989.59
2021-12-14,24916,3781.44
2021-12-15,14762,3867.95
2021-12-16,14180,4015.74
2021-12-17,17589,3875.78
2021-12-18,16188,3894.19
2021-12-19,17166,3981.75
2021-12-20,17091,3839.22
2021-12-21,20800,4004.77
2021-12-22,20957,4052.47
2021-12-23,14279,3913.8
2021-12-24,14638,4089.85
2021-12-25,9858,4056.01
2021-12-26,14587,4038.45
2021-12-27,13306,4054.1
2021-12-28,12121,3917.7
2021-12-29,10412,3796.24
2021-12-30,13949,3713.71
2021-12-31,13801,3708.4
2022-01-01,12828,3716.05
2022-01-02,12782,3741.39
2022-01-03,13798,3809.3
2022-01-04,16453,3757.37
2022-01-05,16523,3814.9
2022-01-06,12609,3452.75
2022-01-07,12278,3192.11
2022-01-08,16890,3210.81
2022-01-09,12294,3132.37
2022-01-10,9111,3162.12
2022-01-11,12877,3132.91
2022-01-12,15225,3215.89
2022-01-13,13638,3341.18
2022-01-14,13289,3266.76
2022-01-15,15298,3309.53
2022-01-16,15255,3334.89
2022-01-17,14391,3274.22
2022-01-18,15392,3187.22
2022-01-19,19458,3058.17
2022-01-20,15760,3138.8
2022-01-21,11861,2882.18
2022-01-22,11089,2467.9
2022-01-23,14527,2490.17
2022-01-24,17123,2383.39
2022-01-25,16437,2382.98
2022-01-26,17876,2462.07
2022-01-27,16552,2406.88
2022-01-28,14939,2398.2
2022-01-29,16675,2563.33
2022-01-30,17176,2621.52
2022-01-31,16935,2522.08
2022-02-01,14342,2738.06
2022-02-02,15717,2750.5
2022-02-03,17692,2673.97
2022-02-04,16030,2805.7
2022-02-05,19722,3002.48
2022-02-06,18759,3014.03
2022-02-07,44373,3082.99
2022-02-08,22622,3176.41
2022-02-09,20229,3107.58
2022-02-10,25836,3194.07
2022-02-11,18891,3104.3
2022-02-12,20700,2923.46
2022-02-13,22066,2924.98
2022-02-14,29792,2883.37
2022-02-15,20365,3050.73
2022-02-16,15843,3150.14
2022-02-17,16613,3112.19
2022-02-18,13910,2904.77
2022-02-19,15689,2813.81
2022-02-20,12412,2655.15
2022-02-21,14018,2750.29
2022-02-22,13583,2523.0
2022-02-23,14727,2695.04
2022-02-24,11549,2375.04
2022-02-25,23547,2611.31
2022-02-26,18891,2790.25
2022-02-27,17746,2738.38
2022-02-28,12523,2635.08
2022-03-01,10567,2920.99
2022-03-02,18436,2975.4
2022-03-03,16060,2904.07
2022-03-04,17001,2732.21
2022-03-05,18902,2637.19
2022-03-06,20712,2644.37
2022-03-07,18823,2521.49
2022-03-08,23071,2533.93
2022-03-09,16014,2747.15
2022-03-10,22153,2595.5
2022-03-11,17421,2610.79
2022-03-12,20343,2588.38
2022-03-13,15778,2581.99
2022-03-14,16004,2588.63
2022-03-15,14675,2529.81
2022-03-16,13648,2647.35
2022-03-17,13184,2756.65
2022-03-18,10610,2794.49
2022-03-19,13068,2923.64
2022-03-20,14198,2926.72
2022-03-21,11873,2891.63
2022-03-22,10944,2994.99
2022-03-23,14593,2950.41
2022-03-24,11923,3040.07
2022-03-25,10823,3132.6
2022-03-26,11238,3139.52
2022-03-27,14131,3157.34
2022-03-28,10111,3321.64
2022-03-29,9888,3390.59
2022-03-30,9743,3410.13
2022-03-31,10472,3405.03
2022-04-01,10021,3281.05
2022-04-02,8721,3485.63
2022-04-03,10043,3490.04
2022-04-04,9820,3504.6
2022-04-05,9212,3527.94
2022-04-06,10748,3344.73
2022-04-07,10742,3226.3
2022-04-08,11180,3283.02
2022-04-09,14173,3210.1
2022-04-10,14916,3244.63
2022-04-11,11537,3181.24
2022-04-12,10428,3025.61
2022-04-13,9978,3051.4
2022-04-14,11984,3114.42
2022-04-15,13112,3034.48
2022-04-16,14435,3035.2
2022-04-17,16282,3038.06
2022-04-18,12368,2891.19
2022-04-19,10640,3039.95
2022-04-20,8822,3090.45
2022-04-21,9427,3104.03
2022-04-22,11608,3020.18
2022-04-23,12299,2958.99
2022-04-24,13792,2949.57
2022-04-25,9068,2814.04
2022-04-26,10425,3004.25
2022-04-27,10419,2882.83
2022-04-28,11004,2905.0
2022-04-29,10522,2926.96
2022-04-30,10533,2829.58
2022-05-01,9106,2767.0
2022-05-02,9499,2844.01
2022-05-03,9050,2842.6
2022-05-04,13409,2829.31
2022-05-05,13270,2934.63
2022-05-06,12108,2729.22
2022-05-07,16816,2672.64
2022-05-08,14396,2557.44
2022-05-09,12368,2448.28
2022-05-10,7563,2380.92
2022-05-11,7953,2308.29
2022-05-12,7626,1888.58
2022-05-13,11640,2046.37
2022-05-14,14226,2028.99
2022-05-15,17737,2034.07
2022-05-16,15705,2010.03
2022-05-17,11312,2068.23
2022-05-18,13221,2036.03
2022-05-19,12018,1950.75
2022-05-20,12257,2025.02
2022-05-21,13556,1977.47
2022-05-22,13179,1973.09
2022-05-23,11384,2065.5
2022-05-24,12113,1982.92
2022-05-25,10946,1975.38
2022-05-26,8095,1924.75
2022-05-27,8320,1763.84
2022-05-28,14779,1764.13
2022-05-29,19618,1781.05
2022-05-30,7927,1906.64
2022-05-31,8061,1969.76
2022-06-01,7619,1929.06
2022-06-02,7530,1824.24
2022-06-03,8065,1813.21
2022-06-04,8099,1767.34
2022-06-05,7960,1785.83
2022-06-06,7675,1890.26
2022-06-07,8669,1763.02
2022-06-08,6900,1806.19
2022-06-09,7877,1809.52
2022-06-10,6839,1787.66
2022-06-11,8000,1666.06
2022-06-12,13326,1470.1
2022-06-13,7350,1280.69
2022-06-14,7982,1242.08
2022-06-15,6874,1092.36
2022-06-16,7768,1164.75
2022-06-17,7009,1097.65
2022-06-18,9555,1002.75
2022-06-19,6992,954.72
2022-06-20,8944,1077.6
2022-06-21,7805,1147.04
2022-06-22,6116,1073.27
2022-06-23,6351,1091.8
2022-06-24,5144,1149.74
2022-06-25,6774,1233.46
2022-06-26,5308,1237.24
2022-06-27,7559,1225.34
2022-06-28,4887,1206.8
2022-06-29,4889,1128.96
2022-06-30,5576,1056.58
2022-07-01,12694,1065.57
2022-07-02,15202,1041.56
2022-07-03,16635,1062.48
2022-07-04,6874,1049.89
2022-07-05,7060,1157.88
2022-07-06,6652,1137.3
2022-07-07,9107,1175.69
2022-07-08,7844,1240.1
2022-07-09,14958,1224.18
2022-07-10,11783,1189.17
2022-07-11,7178,1142.53
2022-07-12,6006,1068.17
2022-07-13,7501,1069.19
2022-07-14,9751,1096.24
2022-07-15,6526,1212.23
2022-07-16,10706,1197.15
2022-07-17,8456,1363.03
2022-07-18,5894,1469.55
2022-07-19,7129,1511.82
2022-07-20,7030,1533.22
2022-07-21,8029,1487.88
2022-07-22,10487,1597.2
2022-07-23,15688,1578.33
2022-07-24,12042,1605.08
2022-07-25,10413,1524.14
2022-07-26,5232,1409.78
2022-07-27,8612,1465.02
2022-07-28,6741,1615.2
2022-07-29,6413,1715.87
2022-07-30,14119,1715.77
2022-07-31,11380,1698.7
2022-08-01,7734,1694.11
2022-08-02,8816,1593.23
2022-08-03,9668,1628.53
2022-08-04,7323,1625.88
2022-08-05,7753,1663.91
2022-08-06,11254,1719.49
2022-08-07,13230,1685.6
2022-08-08,7149,1734.4
2022-08-09,6421,1781.92
2022-08-10,7461,1685.7
2022-08-11,6295,1878.89
2022-08-12,7610,1888.65
2022-08-13,9113,1996.83
2022-08-14,12799,2016.68
2022-08-15,9187,1900.65
2022-08-16,9825,1884.24
2022-08-17,11562,1891.93
2022-08-18,9764,1845.05
2022-08-19,6526,1745.62
2022-08-20,10262,1646.82
2022-08-21,17192,1585.02
2022-08-22,11488,1554.51
2022-08-23,6901,1599.46
2022-08-24,8673,1626.47
2022-08-25,10050,1708.08
2022-08-26,7576,1660.57
2022-08-27,9761,1508.31
2022-08-28,11525,1495.79
2022-08-29,8051,1454.0
2022-08-30,6417,1587.18
2022-08-31,6393,1585.92
2022-09-01,6090,1543.51
2022-09-02,7103,1594.53
2022-09-03,6281,1544.81
2022-09-04,11740,1546.18
2022-09-05,8338,1562.51
2022-09-06,6671,1658.11
2022-09-07,5690,1518.67
2022-09-08,6352,1612.17
2022-09-09,5954,1705.11
2022-09-10,6468,1710.88
2022-09-11,7455,1761.57
2022-09-12,6722,1760.0
2022-09-13,7247,1715.92
2022-09-14,7028,1609.03
2022-09-15,7993,1636.18
2022-09-16,8383,1471.45
2022-09-17,12076,1432.07
2022-09-18,13120,1454.02
2022-09-19,10706,1301.45
2022-09-20,9378,1357.79
2022-09-21,8675,1331.72
2022-09-22,7965,1278.94
2022-09-23,7777,1331.23
2022-09-24,8237,1322.69
2022-09-25,8483,1333.21
2022-09-26,8040,1295.08
2022-09-27,6837,1382.67
2022-09-28,8807,1285.68
2022-09-29,8304,1322.22
2022-09-30,8281,1340.39
2022-10-01,8261,1329.54
2022-10-02,10867,1311.14
2022-10-03,8011,1292.16
2022-10-04,8262,1350.02
2022-10-05,8404,1352.8
2022-10-06,8995,1368.76
2022-10-07,8896,1356.29
2022-10-08,8728,1330.8
2022-10-09,4661,1315.3
2022-10-10,17442,1316.95
2022-10-11,28705,1283.59
2022-10-12,20493,1294.67
2022-10-13,21123,1277.79
2022-10-14,24800,1321.96
2022-10-15,45947,1294.68
2022-10-16,41993,1283.5
2022-10-17,18863,1312.76
2022-10-18,16844,1337.19
2022-10-19,18437,1300.37
2022-10-20,8166,1292.49
2022-10-21,11556,1284.86
2022-10-22,54317,1300.21
2022-10-23,52064,1309.65
2022-10-24,41943,1337.26
2022-10-25,37659,1347.57
2022-10-26,15747,1518.11
2022-10-27,17421,1556.04
2022-10-28,21771,1493.14
2022-10-29,28357,1590.47
2022-10-30,47242,1629.63
2022-10-31,28048,1591.49
2022-11-01,18204,1590.47
2022-11-02,48570,1564.53
2022-11-03,58194,1544.26
2022-11-04,55239,1587.04
2022-11-05,62970,1651.71
2022-11-06,90088,1622.74
2022-11-07,33732,1549.47
2022-11-08,22184,1495.72
2022-11-09,9022,1274.56
2022-11-10,9878,1188.73
2022-11-11,28459,1275.54
2022-11-12,45780,1262.68
2022-11-13,71318,1248.52
2022-11-14,25111,1256.62
2022-11-15,27990,1265.93
2022-11-16,61717,1245.01
2022-11-17,50530,1202.34
2022-11-18,62907,1213.21
2022-11-19,114101,1206.01
2022-11-20,81691,1218.85
2022-11-21,81778,1122.27
2022-11-22,44186,1091.93
2022-11-23,69764,1165.18
2022-11-24,99825,1211.34
2022-11-25,135154,1184.56
2022-11-26,115048,1218.72
2022-11-27,126749,1216.97
2022-11-28,83107,1173.15
2022-11-29,67911,1205.2
2022-11-30,55249,1272.72
2022-12-01,68346,1280.79
2022-12-02,74208,1276.59
2022-12-03,79124,1276.77
2022-12-04,107574,1257.41
2022-12-05,84768,1297.68
2022-12-06,80220,1260.49
2022-12-07,81423,1224.55
2022-12-08,66729,1233.03
2022-12-09,55551,1282.18
2022-12-10,49901,1265.05
2022-12-11,85260,1276.58
2022-12-12,67409,1246.88
2022-12-13,21007,1266.63
2022-12-14,33891,1322.75
2022-12-15,38221,1287.66
2022-12-16,26802,1278.24
2022-12-17,33165,1183.49
2022-12-18,44265,1183.49
2022-12-19,63506,1180.14
2022-12-20,25250,1208.36
2022-12-21,34400,1211.24
2022-12-22,54233,1213.52
2022-12-23,38416,1221.97
2022-12-24,49280,1220.47
2022-12-25,116015,1219.91
2022-12-26,72168,1220.88
2022-12-27,42657,1222.13
2022-12-28,37775,1194.21
2022-12-29,43232,1194.29
2022-12-30,58128,1188.28
2022-12-31,100615,1196.47
2023-01-01,129571,1194.65
2023-01-02,81352,1213.19
2023-01-03,62858,1216.78
2023-01-04,46967,1252.47
2023-01-05,31147,1250.42
2023-01-06,34311,1247.37
2023-01-07,53893,1266.17
2023-01-08,72495,1263.74
2023-01-09,19895,1312.29
2023-01-10,18941,1323.34
2023-01-11,16513,1335.54
2023-01-12,17087,1398.46
2023-01-13,20112,1408.1
2023-01-14,7799,1553.57
2023-01-15,44213,1528.96
2023-01-16,20371,1566.13
2023-01-17,20119,1563.45
2023-01-18,17603,1582.54
2023-01-19,25236,1528.43
2023-01-20,40043,1550.61
2023-01-21,37150,1651.79
2023-01-22,67987,1627.4
2023-01-23,66256,1633.81
2023-01-24,46398,1635.49
2023-01-25,44331,1554.23
2023-01-26,35245,1605.41
2023-01-27,32458,1585.88
2023-01-28,48555,1592.56
2023-01-29,57515,1592.96
2023-01-30,29351,1627.26
2023-01-31,26596,1580.1
2023-02-01,19200,1575.84
2023-02-02,13515,1664.47
2023-02-03,9227,1637.54
2023-02-04,12968,1657.95
2023-02-05,23623,1668.37
2023-02-06,17125,1635.18
2023-02-07,7372,1632.14
2023-02-08,7363,1677.53
2023-02-09,8931,1630.5
2023-02-10,10568,1552.04
2023-02-11,39409,1521.21
2023-02-12,44158,1531.9
2023-02-13,22548,1524.24
2023-02-14,22265,1506.38
2023-02-15,4687,1548.02
2023-02-16,7471,1680.21
2023-02-17,6196,1653.81
2023-02-18,6434,1691.54
2023-02-19,8878,1693.62
2023-02-20,8142,1696.54
2023-02-21,6297,1704.82
2023-02-22,5989,1643.68
2023-02-23,5852,1667.28
2023-02-24,8093,1652.78
2023-02-25,15862,1603.15
2023-02-26,46091,1599.84
2023-02-27,36052,1637.14
2023-02-28,12333,1619.71
2023-03-01,7862,1651.13
2023-03-02,8702,1644.28
2023-03-03,7321,1568.9
2023-03-04,22224,1569.23
2023-03-05,25107,1568.65
2023-03-06,11524,1562.08
2023-03-07,7293,1569.63
2023-03-08,8668,1551.1
2023-03-09,8434,1536.53
2023-03-10,6179,1411.67
2023-03-11,5735,1437.0
2023-03-12,15486,1468.0
2023-03-13,10465,1614.03
2023-03-14,10714,1677.22
2023-03-15,7972,1712.46
2023-03-16,9597,1659.77
2023-03-17,17915,1721.53
2023-03-18,21862,1818.15
2023-03-19,52833,1778.41
2023-03-20,14798,1796.75
2023-03-21,18916,1736.03
2023-03-22,17630,1796.43
2023-03-23,18037,1754.59
2023-03-24,9637,1818.02
2023-03-25,14866,1750.43
2023-03-26,28738,1754.35
2023-03-27,7965,1753.61
2023-03-28,7306,1724.96
2023-03-29,7536,1804.85
2023-03-30,6876,1807.26
2023-03-31,8913,1795.4
2023-04-01,15702,1824.44
2023-04-02,48224,1821.32
2023-04-03,33442,1793.79
2023-04-04,19363,1812.92
2023-04-05,11353,1910.8
2023-04-06,15337,1880.16
2023-04-07,31091,1849.98
2023-04-08,58867,1873.23
2023-04-09,75828,1836.9
2023-04-10,69767,1860.31
2023-04-11,39333,1923.29
2023-04-12,40896,1871.45
2023-04-13,14190,1924.28
2023-04-14,22086,2106.72
2023-04-15,65734,2099.95
2023-04-16,132204,2099.33
2023-04-17,54898,2091.5
2023-04-18,25735,2100.6
2023-04-19,12899,2074.06
2023-04-20,12415,1948.99
2023-04-21,37975,1927.95
2023-04-22,110641,1850.25
2023-04-23,86752,1875.63
2023-04-24,92255,1844.84
2023-04-25,73008,1815.78
2023-04-26,70303,1862.44
2023-04-27,89819,1886.02
2023-04-28,75213,1919.33
2023-04-29,107585,1903.77
2023-04-30,66072,1904.27
2023-05-01,6507,1849.8
2023-05-02,6409,1835.32
2023-05-03,6678,1865.93
2023-05-04,7995,1899.14
2023-05-05,29037,1895.82
2023-05-06,6494,1960.87
2023-05-07,5325,1908.51
2023-05-08,6272,1853.68
2023-05-09,9231,1850.54
2023-05-10,9341,1839.47
2023-05-11,8104,1829.71
2023-05-12,8230,1760.2
2023-05-13,25959,1804.17
2023-05-14,44228,1806.28
2023-05-15,14952,1829.31
2023-05-16,9508,1822.45
2023-05-17,9153,1808.31
2023-05-18,10862,1827.49
2023-05-19,13975,1806.58
2023-05-20,43258,1811.92
2023-05-21,58547,1817.66
2023-05-22,11419,1811.52
2023-05-23,7537,1853.49
2023-05-24,8590,1815.18
2023-05-25,11964,1778.63
2023-05-26,13238,1817.08
2023-05-27,33981,1830.16
2023-05-28,29141,1848.42
2023-05-29,7048,1900.53
2023-05-30,9585,1899.95
2023-05-31,9052,1870.28
2023-06-01,13359,1854.78
2023-06-02,14176,1886.28
2023-06-03,39789,1903.28
2023-06-04,58751,1900.66
2023-06-05,30216,1873.66
2023-06-06,20120,1814.06
2023-06-07,20008,1876.16
2023-06-08,38031,1842.37
2023-06-09,33272,1838.629252199229
2023-06-10,36577,1733.5
2023-06-11,97446,1754.11
2023-06-12,84655,1736.86
2023-06-13,69148,1748.7
2023-06-14,57208,1741.52
2023-06-15,12598,1636.12
2023-06-16,28971,1669.75
2023-06-17,46544,1743.92
2023-06-18,100469,1729.92
2023-06-19,84602,1724.75
2023-06-20,47900,1730.06
2023-06-21,34963,1813.09
2023-06-22,36435,1910.83
2023-06-23,52308,1881.63
2023-06-24,86538,1883.61
2023-06-25,96094,1912.55
2023-06-26,96064,1892.55
2023-06-27,44951,1875.06
2023-06-28,21427,1851.42
2023-06-29,10210,1847.69
2023-06-30,7719,1889.11
2023-07-01,20718,1920.19
2023-07-02,64157,1915.7
2023-07-03,51992,1968.01
2023-07-04,30044,1950.78
2023-07-05,5291,1936.69
2023-07-06,6969,1925.54
2023-07-07,6334,1855.22
2023-07-08,15341,1862.29
2023-07-09,37465,1867.92
2023-07-10,29825,1856.2
2023-07-11,10138,1883.48
2023-07-12,16532,1891.56
2023-07-13,8305,1870.68
2023-07-14,7855,1992.88
2023-07-15,42806,1942.64
2023-07-16,27118,1927.22
2023-07-17,10958,1929.73
2023-07-18,8683,1899.68
2023-07-19,7861,1909.44
2023-07-20,9214,1912.7
2023-07-21,7571,1889.99
2023-07-22,10787,1892.58
2023-07-23,21180,1875.5
2023-07-24,8553,1875.14
2023-07-25,6986,1851.14
2023-07-26,7469,1853.74
2023-07-27,6574,1872.23
2023-07-28,8407,1859.57
2023-07-29,8750,1872.97
2023-07-30,12568,1876.07
2023-07-31,17283,1865.46
2023-08-01,8345,1834.77
2023-08-02,12218,1856.33
2023-08-03,15743,1831.77
2023-08-04,14049,1836.89
2023-08-05,23572,1829.15
2023-08-06,43665,1833.58
2023-08-07,22106,1834.15
2023-08-08,7704,1828.88
2023-08-09,8678,1861.31
2023-08-10,10498,1849.52
2023-08-11,11123,1847.5
2023-08-12,37350,1849.7
2023-08-13,61244,1848.99
2023-08-14,20588,1848.23
2023-08-15,7777,1841.72
2023-08-16,6483,1825.92
2023-08-17,6528,1798.3
2023-08-18,5445,1689.98
2023-08-19,14417,1660.71
2023-08-20,43071,1665.78
2023-08-21,15452,1671.21
2023-08-22,7972,1666.67
2023-08-23,7287,1644.74
2023-08-24,8541,1674.97
2023-08-25,7296,1651.04
2023-08-26,22920,1652.65
2023-08-27,51882,1648.05
2023-08-28,19116,1640.88
2023-08-29,6901,1647.51
2023-08-30,6907,1717.78
2023-08-31,11828,1706.3
2023-09-01,14235,1646.17
2023-09-02,38369,1631.7
2023-09-03,64455,1635.83
2023-09-04,27624,1638.75
2023-09-05,32528,1624.09
2023-09-06,11573,1628.85
2023-09-07,29323,1635.57
2023-09-08,24219,1646.42
2023-09-09,44769,1634.17
2023-09-10,69159,1624.86
2023-09-11,37320,1611.95
2023-09-12,30506,1579.95
2023-09-13,21044,1584.05
2023-09-14,10299,1621.83
2023-09-15,12506,1628.32
2023-09-16,40980,1637.28
2023-09-17,74754,1628.81
2023-09-18,44901,1634.38
2023-09-19,24494,1637.34
2023-09-20,16814,1635.09
2023-09-21,24610,1618.7
2023-09-22,31950,1595.92
2023-09-23,99523,1594.93
2023-09-24,105861,1592.57
2023-09-25,41198,1581.44
2023-09-26,20716,1588.99
2023-09-27,19109,1591.9
2023-09-28,16055,1617.89
2023-09-29,32743,1686.05
2023-09-30,39196,1672.57
2023-10-01,57111,1679.09
2023-10-02,18271,1730.67
2023-10-03,23536,1663.33
2023-10-04,26484,1644.95
2023-10-05,40930,1636.27
2023-10-06,47977,1630.97
2023-10-07,38901,1637.7
2023-10-08,59096,1629.59
2023-10-09,44859,1621.57
2023-10-10,40291,1590.88
2023-10-11,16705,1557.53
2023-10-12,28663,1559.36
2023-10-13,47848,1549.19
2023-10-14,75099,1547.8
2023-10-15,96200,1554.92
2023-10-16,32652,1579.72
2023-10-17,21889,1591.04
2023-10-18,18968,1572.43
2023-10-19,22857,1552.41
2023-10-20,9747,1584.77
2023-10-21,22330,1607.19
2023-10-22,30607,1631.35
2023-10-23,9902,1675.95
2023-10-24,8451,1808.96
2023-10-25,9645,1770.03
2023-10-26,7579,1847.2
2023-10-27,8519,1777.94
2023-10-28,10902,1787.98
2023-10-29,14348,1783.84
2023-10-30,7774,1787.97
2023-10-31,11210,1791.6
2023-11-01,8751,1804.99
2023-11-02,7739,1835.75
2023-11-03,8162,1798.09
2023-11-04,6823,1835.51
2023-11-05,6572,1886.72
2023-11-06,5996,1880.24
2023-11-07,6829,1893.42
2023-11-08,6828,1875.88
2023-11-09,6566,1913.1
2023-11-10,6927,2101.95
2023-11-11,7475,2056.16
2023-11-12,6204,2058.32
2023-11-13,6000,2049.63
2023-11-14,7099,2061.63
2023-11-15,7721,1983.98
2023-11-16,7747,2054.37
2023-11-17,7209,1969.73
2023-11-18,7020,1936.02
2023-11-19,7772,1962.62
2023-11-20,7177,2019.83
2023-11-21,10940,2004.01
2023-11-22,8364,1994.1
2023-11-23,8404,2065.78
2023-11-24,8768,2080.84
2023-11-25,11127,2089.96
2023-11-26,5386,2089.8
2023-11-27,6356,2045.83
2023-11-28,7612,2015.15
2023-11-29,7763,2057.61
2023-11-30,7788,2035.74
2023-12-01,7016,2094.18
2023-12-02,7864,2096.92
2023-12-03,6079,2164.27
2023-12-04,6022,2247.31
2023-12-05,7187,2199.09
2023-12-06,7087,2266.03
2023-12-07,7714,2262.23
2023-12-08,7730,2354.99
2023-12-09,7936,2384.18
2023-12-10,8657,2354.49
2023-12-11,11260,2237.33
2023-12-12,9186,2233.18
2023-12-13,6567,2172.35
2023-12-14,7698,2282.77
2023-12-15,5605,2271.57
2023-12-16,5195,2240.65
2023-12-17,5020,2207.27
2023-12-18,6087,2167.26
2023-12-19,6016,2247.72
2023-12-20,6832,2216.23
2023-12-21,9161,2215.74
2023-12-22,8049,2272.65
2023-12-23,7501,2285.62
2023-12-24,7778,2296.84
2023-12-25,8319,2281.44
2023-12-26,6863,2241.95
2023-12-27,8083,2230.23
2023-12-28,8120,2381.36
2023-12-29,8345,2335.06
2023-12-30,8862,2295.95
2023-12-31,6819,2295.7
2024-01-01,14242,2284.71
2024-01-02,6946,2387.79
2024-01-03,9136,2364.37
2024-01-04,8147,2224.24
2024-01-05,8908,2255.13
2024-01-06,8670,2234.83
2024-01-07,5247,2250.35
2024-01-08,7749,2225.43
2024-01-09,8057,2307.75
2024-01-10,6831,2371.01
2024-01-11,7896,2586.4
2024-01-12,9920,2596.22
2024-01-13,8744,2550.17
2024-01-14,6710,2549.99
2024-01-15,10820,2512.81
2024-01-16,7737,2524.65
2024-01-17,8366,2552.14
2024-01-18,8731,2536.25
2024-01-19,9786,2464.21
2024-01-20,9371,2478.87
2024-01-21,15528,2475.13
2024-01-22,15585,2420.33
2024-01-23,13804,2321.17
2024-01-24,13058,2233.28
2024-01-25,10372,2226.76
2024-01-26,7856,2196.88
2024-01-27,8530,2257.31
2024-01-28,9990,2282.64
2024-01-29,14567,2258.96
2024-01-30,7956,2309.06
2024-01-31,8686,2340.15
2024-02-01,8829,2270.56
2024-02-02,7477,2314.09
2024-02-03,8423,2314.22
2024-02-04,8609,2290.2
2024-02-05,11993,2308.1
2024-02-06,6351,2324.41
2024-02-07,7870,2360.66
2024-02-08,6516,2420.45
2024-02-09,6900,2453.44
2024-02-10,7759,2497.0
2024-02-11,14256,2528.43
2024-02-12,8632,2502.54
2024-02-13,7752,2649.97
2024-02-14,7792,2654.89
2024-02-15,6943,2774.1
2024-02-16,7059,2816.81
2024-02-17,7614,2795.75
2024-02-18,6525,2799.29
2024-02-19,6455,2926.97
2024-02-20,7012,2920.19
2024-02-21,7225,2939.51
2024-02-22,6344,2991.89
2024-02-23,6441,2931.73
2024-02-24,6004,2962.47
2024-02-25,8230,3030.01
2024-02-26,5888,3087.03
2024-02-27,7131,3217.65
2024-02-28,6332,3301.55
2024-02-29,6050,3467.51
2024-03-01,7923,3368.19
2024-03-02,6674,3434.21
2024-03-03,6183,3395.91
2024-03-04,8775,3480.85
2024-03-05,7558,3678.57
2024-03-06,5928,3787.61
2024-03-07,7466,3789.73
2024-03-08,6895,3913.76
2024-03-09,6365,3933.03
2024-03-10,5834,3951.81
2024-03-11,7450,4007.61
2024-03-12,7660,4027.0
2024-03-13,6091,4040.13
2024-03-14,8331,3965.98
2024-03-15,8474,3752.36
2024-03-16,8067,3739.29
2024-03-17,5158,3471.06
2024-03-18,5383,3625.68
2024-03-19,5636,3357.99
2024-03-20,7749,3218.62
2024-03-21,9475,3518.36
2024-03-22,8852,3511.31
2024-03-23,5023,3365.91
2024-03-24,5457,3340.29
2024-03-25,5419,3446.92
2024-03-26,7404,3636.98
2024-03-27,5455,3564.74
2024-03-28,5275,3573.63
2024-03-29,5433,3519.97
2024-03-30,4602,3495.29
2024-03-31,6061,3626.04
2024-04-01,4937,3548.24
2024-04-02,4508,3365.8
2024-04-03,5644,3306.98
2024-04-04,5822,3322.3
2024-04-05,11207,3287.07
2024-04-06,6337,3332.09
2024-04-07,5287,3387.36
2024-04-08,6813,3472.27
2024-04-09,4129,3638.4
2024-04-10,4950,3537.41
2024-04-11,4672,3585.25
2024-04-12,6031,3516.68
2024-04-13,9125,3256.35
2024-04-14,3887,3084.82
2024-04-15,9766,3248.39
2024-04-16,9458,3108.99
2024-04-17,6635,3082.62
2024-04-18,5937,2976.95
2024-04-19,5246,3085.46
2024-04-20,12824,3061.98
2024-04-21,19039,3181.8
2024-04-22,16466,3206.4
2024-04-23,8175,3162.14
2024-04-24,5310,3251.12
2024-04-25,9687,3136.54
2024-04-26,19095,3136.29
2024-04-27,34119,3120.07
2024-04-28,28040,3316.42
2024-04-29,22213,3186.45
2024-04-30,7337,3157.14
2024-05-01,6999,2861.35
2024-05-02,9961,2921.41
2024-05-03,9111,2969.25
2024-05-04,7766,3098.06
2024-05-05,20543,3108.45
2024-05-06,21872,3184.2
2024-05-07,31953,3079.2
2024-05-08,28381,2995.1
2024-05-09,37539,2982.25
2024-05-10,32804,3043.28
2024-05-11,6387,2920.92
2024-05-12,64081,2905.21
2024-05-13,39387,2952.01
2024-05-14,11476,2918.28
2024-05-15,16983,2915.77
2024-05-16,9984,3017.14
2024-05-17,25816,3025.2
2024-05-18,37518,3101.77
2024-05-19,50688,3115.71
2024-05-20,57024,3093.73
2024-05-21,4183,3658.81
2024-05-22,4455,3748.04
2024-05-23,4697,3811.15
2024-05-24,5130,3678.25
2024-05-25,8273,3745.93
2024-05-26,14411,3785.03
2024-05-27,3900,3914.03
2024-05-28,4656,3844.34
2024-05-29,4744,3824.01
2024-05-30,5281,3716.3
2024-05-31,4184,3727.26
2024-06-01,3808,3769.43
2024-06-02,3615,3793.7
2024-06-03,4470,3815.19
2024-06-04,4878,3774.27
2024-06-05,5201,3809.93
2024-06-06,0,3852.13
2024-06-07,0,3814.52
2024-06-08,0,3707.23
2024-06-09,0,3685.73
2024-06-10,0,3651.49
2024-06-11,0,3533.38
2024-06-12,0,3526.47
2024-06-13,0,3506.3
2024-06-14,0,3516.14
2024-06-15,0,3529.04
2024-06-16,0,3559.24
2024-06-17,0,3551.09
2024-06-18,0,3443.4
2024-06-19,0,3543.21
2024-06-20,0,3605.36
2024-06-21,0,3473.15
2024-06-22,0,3492.29
2024-06-23,0,3510.16
2024-06-24,0,3367.95
2024-06-25,0,3357.78
2024-06-26,0,3400.31
2024-06-27,0,3372.77
2024-06-28,0,3429.0
2024-06-29,0,3395.09
2024-06-30,0,3387.28
2024-07-01,0,3487.12
2024-07-02,0,3435.7
2024-07-03,0,3350.25
2024-07-04,4408,3178.05
2024-07-05,3820,2879.24
2024-07-06,11547,3005.45
2024-07-07,49917,3004.98
2024-07-08,19500,2927.75
2024-07-09,9468,3061.35
2024-07-10,9212,3097.83
2024-07-11,5199,3120.06
2024-07-12,7163,3071.47
2024-07-13,24731,3140.06
2024-07-14,9118,3197.98
2024-07-15,5858,3358.09
2024-07-16,6822,3379.3
2024-07-17,4828,3489.52
2024-07-18,5717,3435.17
2024-07-19,4888,3391.34
2024-07-20,5701,3491.14
2024-07-21,8670,3486.65
2024-07-22,6222,3479.9
2024-07-23,6681,3453.1
2024-07-24,18043,3446.31
2024-07-25,6268,3171.83
2024-07-26,9032,3249.75
2024-07-27,38545,3273.37
2024-07-28,34571,3227.59
2024-07-29,39982,3367.4
2024-07-30,21366,3340.22
2024-07-31,5851,3316.77
2024-08-01,5460,3165.99
2024-08-02,6707,3146.32
2024-08-03,20026,2982.6
2024-08-04,56635,2891.85
2024-08-05,4445,2358.16
2024-08-06,5735,2526.79
2024-08-07,10977,2511.03
2024-08-08,14660,2414.03
2024-08-09,9903,2670.41
2024-08-10,32866,2634.82
2024-08-11,72229,2678.78
2024-08-12,30516,2569.76
2024-08-13,18996,2649.51
2024-08-14,13590,2728.59
2024-08-15,6589,2615.5
2024-08-16,14900,2617.54
2024-08-17,60365,2600.38
