Start Time,Duration,Run ID,Name,Source Type,Source Name,User,Status,batch_size,cnn_layers,dropout,epoch,features,filters,gru_layers,kernel_size,lags,learning_rate,n_periods,pool_size,prediction_start_date,units,accuracy_daily,avg_accuracy,avg_mae,avg_mape,avg_mse,avg_precision,avg_rmse,avg_rmspe,mae_daily,mape_daily,mse_daily,precision_daily,rmse_daily,rmspe_daily,model_selected
16/08/2025 15:57,127ms,933ad627e94442f59723c5f8a52590c7,ETH_base_sent_cryptobert,LOCAL,/home/ec2-user/ETH_Price_Predition/.venv/lib/python3.11/site-packages/ipykernel_launcher.py,ec2-user,FAILED,,,,,,,,,,,,,,,,,,,,,,,,,,,,,0
16/08/2025 15:16,47.2s,0d7c85e7da5e4e9c9ada329e67b5d0ab,ETH_base_BTC_blk_LTC_blk,LOCAL,/home/ec2-user/ETH_Price_Predition/.venv/lib/python3.11/site-packages/ipykernel_launcher.py,ec2-user,FINISHED,32,3,0.05,64,"['ETH_D_AvgPrc', 'BTC_D_AvgPrc', 'LTC_D_AvgPrc']",16,2,7,28,0.01,7,0,04/03/2023,64,0.436090226,0.49301826,52.95779173,0.029098338,4993.432897,0.499855763,68.29639846,3.785059444,72.46106439,0.039425617,8583.076846,0.444444444,92.64489649,5.039141543,1
16/08/2025 15:56,119ms,2116a5bccd3a438d9776fdf12770f068,ETH_base_sent_cryptobert,LOCAL,/home/ec2-user/ETH_Price_Predition/.venv/lib/python3.11/site-packages/ipykernel_launcher.py,ec2-user,FAILED,,,,,,,,,,,,,,,,,,,,,,,,,,,,,0
16/08/2025 15:45,29.4s,5c58ff7394aa4bd4a7000b3633d65217,ETH_base_sent_cryptobert,LOCAL,/home/ec2-user/ETH_Price_Predition/.venv/lib/python3.11/site-packages/ipykernel_launcher.py,ec2-user,FINISHED,32,1,0.05,39,"['ETH_D_AvgPrc', 'D_CRYPTOBERT_AvgScr_Ex', 'D_CRYPTOBERT_Sent_AvgEx']",16,2,3,14,0.01,7,0,04/03/2023,32,0.45112782,0.50698174,60.52085606,0.03305774,6272.633483,0.51165118,76.82078237,4.202046908,79.75017783,0.043577716,10366.75523,0.458333333,101.8172639,5.587484451,0
16/08/2025 15:56,120ms,20ae0fbe4bee4dc199c2e58f4f3ed5c5,ETH_base_sent_cryptobert,LOCAL,/home/ec2-user/ETH_Price_Predition/.venv/lib/python3.11/site-packages/ipykernel_launcher.py,ec2-user,FAILED,,,,,,,,,,,,,,,,,,,,,,,,,,,,,0
16/08/2025 15:50,42.9s,33cfa1901b1241e2968c7d2bbe601a36,ETH_base_sent_cryptobert,LOCAL,/home/ec2-user/ETH_Price_Predition/.venv/lib/python3.11/site-packages/ipykernel_launcher.py,ec2-user,FINISHED,32,2,0.05,66,"['ETH_D_AvgPrc', 'D_CRYPTOBERT_AvgScr_Ex', 'D_CRYPTOBERT_Sent_AvgEx']",16,2,3,14,0.01,7,0,04/03/2023,32,0.45112782,0.489795918,60.67545398,0.033357589,6502.04264,0.495887352,76.82629996,4.257448432,86.12354089,0.047394927,12162.45574,0.455882353,110.2835243,6.132274617,0
16/08/2025 15:55,120ms,e07a22e7c41b49ee8ecc1cbcdba4487c,ETH_base_sent_cryptobert,LOCAL,/home/ec2-user/ETH_Price_Predition/.venv/lib/python3.11/site-packages/ipykernel_launcher.py,ec2-user,FAILED,,,,,,,,,,,,,,,,,,,,,,,,,,,,,0
16/08/2025 15:55,29.2s,322ea8e7c8d44f8d8e5d88c548a68b33,ETH_base_sent_cryptobert,LOCAL,/home/ec2-user/ETH_Price_Predition/.venv/lib/python3.11/site-packages/ipykernel_launcher.py,ec2-user,FINISHED,32,3,0.05,29,"['ETH_D_AvgPrc', 'D_CRYPTOBERT_AvgScr_Ex', 'D_CRYPTOBERT_Sent_AvgEx']",16,2,3,14,0.01,7,0,04/03/2023,32,0.443609023,0.508055854,60.31524802,0.033005964,6379.251351,0.510988533,76.88751914,4.222573965,82.31747161,0.04520566,11476.48812,0.449275362,107.1283722,5.931615072,0
16/08/2025 15:46,28.6s,5bad06795d4f45d7aba6f33428593b7d,ETH_base_sent_cryptobert,LOCAL,/home/ec2-user/ETH_Price_Predition/.venv/lib/python3.11/site-packages/ipykernel_launcher.py,ec2-user,FINISHED,32,1,0.05,40,"['ETH_D_AvgPrc', 'D_CRYPTOBERT_AvgScr_Ex', 'D_CRYPTOBERT_Sent_AvgEx']",16,2,3,14,0.01,7,2,04/03/2023,32,0.443609023,0.496240602,61.55088628,0.033733868,6549.848125,0.501125986,78.29487995,4.316765722,82.06436341,0.044840448,11103.74343,0.449275362,105.3743016,5.792715736,0
16/08/2025 15:49,31.0s,b80173616c15460a99b63727eca40e13,ETH_base_sent_cryptobert,LOCAL,/home/ec2-user/ETH_Price_Predition/.venv/lib/python3.11/site-packages/ipykernel_launcher.py,ec2-user,FINISHED,32,1,0.05,42,"['ETH_D_AvgPrc', 'D_CRYPTOBERT_AvgScr_Ex', 'D_CRYPTOBERT_Sent_AvgEx']",32,2,7,14,0.01,7,0,04/03/2023,32,0.436090226,0.496240602,61.73426296,0.033980891,6668.040079,0.500508228,78.88021128,4.38556535,80.49063569,0.044318361,11271.58788,0.439393939,106.1677346,5.92702503,0
16/08/2025 15:48,31.5s,b81f207816dc442eb863744ed95583b9,ETH_base_sent_cryptobert,LOCAL,/home/ec2-user/ETH_Price_Predition/.venv/lib/python3.11/site-packages/ipykernel_launcher.py,ec2-user,FINISHED,32,1,0.05,46,"['ETH_D_AvgPrc', 'D_CRYPTOBERT_AvgScr_Ex', 'D_CRYPTOBERT_Sent_AvgEx']",32,2,3,14,0.01,7,2,04/03/2023,32,0.458646617,0.500537057,62.15397937,0.034089082,6825.140886,0.505084406,79.4989519,4.382230494,84.44867104,0.04625908,11881.4219,0.463768116,109.0019353,6.009852856,0
16/08/2025 15:47,28.7s,247754f14f02465d97aed43def66c1ab,ETH_base_sent_cryptobert,LOCAL,/home/ec2-user/ETH_Price_Predition/.venv/lib/python3.11/site-packages/ipykernel_launcher.py,ec2-user,FINISHED,32,1,0.05,40,"['ETH_D_AvgPrc', 'D_CRYPTOBERT_AvgScr_Ex', 'D_CRYPTOBERT_Sent_AvgEx']",16,2,7,14,0.01,7,2,04/03/2023,32,0.45112782,0.502685285,62.18788712,0.034227979,6902.475906,0.506566096,80.23061395,4.462054454,85.48434586,0.047118286,12345.43602,0.458333333,111.1100176,6.20473215,0
16/08/2025 15:53,20.1s,ed71e60dd02a4ecc90eae4942e8ac0dc,ETH_base_sent_cryptobert,LOCAL,/home/ec2-user/ETH_Price_Predition/.venv/lib/python3.11/site-packages/ipykernel_launcher.py,ec2-user,FINISHED,32,2,0.05,11,"['ETH_D_AvgPrc', 'D_CRYPTOBERT_AvgScr_Ex', 'D_CRYPTOBERT_Sent_AvgEx']",32,2,3,14,0.01,7,0,04/03/2023,32,0.458646617,0.484425349,62.76683318,0.034359585,6694.280495,0.489401731,80.458244,4.420528282,78.34022763,0.042847131,10435.97056,0.463768116,102.1565982,5.62495827,0
16/08/2025 15:50,33.7s,1dd1264fd59b4dec8dea094e84916eee,ETH_base_sent_cryptobert,LOCAL,/home/ec2-user/ETH_Price_Predition/.venv/lib/python3.11/site-packages/ipykernel_launcher.py,ec2-user,FINISHED,32,1,0.05,52,"['ETH_D_AvgPrc', 'D_CRYPTOBERT_AvgScr_Ex', 'D_CRYPTOBERT_Sent_AvgEx']",32,2,7,14,0.01,7,2,04/03/2023,32,0.428571429,0.494092374,63.34298978,0.034893442,6805.948704,0.499301782,81.04315135,4.506507904,77.22874347,0.042362669,10488.23673,0.430769231,102.4120927,5.673511225,0
16/08/2025 15:56,20.8s,1687b23385dc427e821279a84d839878,ETH_base_sent_cryptobert,LOCAL,/home/ec2-user/ETH_Price_Predition/.venv/lib/python3.11/site-packages/ipykernel_launcher.py,ec2-user,FINISHED,32,3,0.05,12,"['ETH_D_AvgPrc', 'D_CRYPTOBERT_AvgScr_Ex', 'D_CRYPTOBERT_Sent_AvgEx']",32,2,3,14,0.01,7,0,04/03/2023,32,0.488721805,0.489795918,63.4122913,0.035096154,6813.984189,0.494377278,81.47961841,4.595447722,73.46521937,0.040403786,9498.961507,0.492753623,97.46261595,5.447153571,0
16/08/2025 15:52,31.2s,da1f222347c14a0f9f2d0e1b825ee0db,ETH_base_sent_cryptobert,LOCAL,/home/ec2-user/ETH_Price_Predition/.venv/lib/python3.11/site-packages/ipykernel_launcher.py,ec2-user,FINISHED,32,2,0.05,38,"['ETH_D_AvgPrc', 'D_CRYPTOBERT_AvgScr_Ex', 'D_CRYPTOBERT_Sent_AvgEx']",16,2,7,14,0.01,7,0,04/03/2023,32,0.443609023,0.499462943,63.00722614,0.034621227,6962.574544,0.50398189,81.5267975,4.524579821,79.20683598,0.043538704,11317.6836,0.450704225,106.3846023,5.927266695,0
16/08/2025 15:51,25.1s,212b9b87eef945d9ac3ba6df3e939477,ETH_base_sent_cryptobert,LOCAL,/home/ec2-user/ETH_Price_Predition/.venv/lib/python3.11/site-packages/ipykernel_launcher.py,ec2-user,FINISHED,32,2,0.05,28,"['ETH_D_AvgPrc', 'D_CRYPTOBERT_AvgScr_Ex', 'D_CRYPTOBERT_Sent_AvgEx']",16,2,3,14,0.01,7,2,04/03/2023,32,0.473684211,0.510204082,63.78174071,0.035011473,7138.394283,0.514492754,81.67623675,4.507355054,84.04279826,0.046143726,12416.62962,0.47826087,111.4299314,6.168159198,0
16/08/2025 15:47,22.7s,f7458bb7bc624f09ae8bedaf6a6251a9,ETH_base_sent_cryptobert,LOCAL,/home/ec2-user/ETH_Price_Predition/.venv/lib/python3.11/site-packages/ipykernel_launcher.py,ec2-user,FINISHED,32,1,0.05,22,"['ETH_D_AvgPrc', 'D_CRYPTOBERT_AvgScr_Ex', 'D_CRYPTOBERT_Sent_AvgEx']",16,2,7,14,0.01,7,0,04/03/2023,32,0.496240602,0.488721805,64.49720359,0.035656225,7462.601541,0.493759243,83.92034985,4.705957098,88.04575824,0.048704003,13687.12648,0.5,116.9919932,6.587800064,0
16/08/2025 15:53,20.9s,170c1982f0e9416cb42df95ff14823ac,ETH_base_sent_cryptobert,LOCAL,/home/ec2-user/ETH_Price_Predition/.venv/lib/python3.11/site-packages/ipykernel_launcher.py,ec2-user,FINISHED,32,2,0.05,18,"['ETH_D_AvgPrc', 'D_CRYPTOBERT_AvgScr_Ex', 'D_CRYPTOBERT_Sent_AvgEx']",32,2,3,14,0.01,7,2,04/03/2023,32,0.421052632,0.504833512,66.23717816,0.036514718,7772.378761,0.50975691,85.65124851,4.780341287,85.65308007,0.047105646,12942.45302,0.424242424,113.7649024,6.334441674,0
16/08/2025 15:54,19.5s,5997ade1f8ea4f7a9bfb6a64e33e3091,ETH_base_sent_cryptobert,LOCAL,/home/ec2-user/ETH_Price_Predition/.venv/lib/python3.11/site-packages/ipykernel_launcher.py,ec2-user,FINISHED,32,2,0.05,15,"['ETH_D_AvgPrc', 'D_CRYPTOBERT_AvgScr_Ex', 'D_CRYPTOBERT_Sent_AvgEx']",32,2,7,14,0.01,7,2,04/03/2023,32,0.458646617,0.500537057,70.49152995,0.038524024,8315.171299,0.504511568,89.50070461,4.904630565,85.80604427,0.046965856,12588.17827,0.465753425,112.1970511,6.189008406,0
16/08/2025 15:52,31.2s,2c7c4d8def9f4845a04d556805c1530b,ETH_base_sent_cryptobert,LOCAL,/home/ec2-user/ETH_Price_Predition/.venv/lib/python3.11/site-packages/ipykernel_launcher.py,ec2-user,FINISHED,32,2,0.05,46,"['ETH_D_AvgPrc', 'D_CRYPTOBERT_AvgScr_Ex', 'D_CRYPTOBERT_Sent_AvgEx']",16,2,7,14,0.01,7,2,04/03/2023,32,0.428571429,0.49301826,71.25273701,0.039197944,8372.702943,0.497247914,89.71449461,4.9915134,89.29316539,0.048818285,13156.08406,0.426229508,114.6999741,6.313227717,0
16/08/2025 15:55,25.2s,c938498a442f4fae837259031c228939,ETH_base_sent_cryptobert,LOCAL,/home/ec2-user/ETH_Price_Predition/.venv/lib/python3.11/site-packages/ipykernel_launcher.py,ec2-user,FINISHED,32,3,0.05,21,"['ETH_D_AvgPrc', 'D_CRYPTOBERT_AvgScr_Ex', 'D_CRYPTOBERT_Sent_AvgEx']",16,2,7,14,0.01,7,0,04/03/2023,32,0.481203008,0.490870032,71.96947318,0.039246133,8732.794264,0.495502414,91.49598847,4.993972989,87.2652347,0.04803184,13327.52982,0.484848485,115.4449211,6.440192583,0
16/08/2025 15:54,21.4s,85a1e68060bc47fbbec6a2de5383713b,ETH_base_sent_cryptobert,LOCAL,/home/ec2-user/ETH_Price_Predition/.venv/lib/python3.11/site-packages/ipykernel_launcher.py,ec2-user,FINISHED,32,2,0.05,15,"['ETH_D_AvgPrc', 'D_CRYPTOBERT_AvgScr_Ex', 'D_CRYPTOBERT_Sent_AvgEx']",32,2,7,14,0.01,7,0,04/03/2023,32,0.481203008,0.481203008,71.74020946,0.039551074,9463.427583,0.485744959,96.94653121,5.392721874,78.05985553,0.043150706,11613.74455,0.484375,107.7670847,6.06118958,0
16/08/2025 15:56,29.9s,4781af46e9f54ebaa952e2f2367faede,ETH_base_sent_cryptobert,LOCAL,/home/ec2-user/ETH_Price_Predition/.venv/lib/python3.11/site-packages/ipykernel_launcher.py,ec2-user,FINISHED,32,3,0.05,35,"['ETH_D_AvgPrc', 'D_CRYPTOBERT_AvgScr_Ex', 'D_CRYPTOBERT_Sent_AvgEx']",32,2,7,14,0.01,7,0,04/03/2023,32,0.503759398,0.500537057,84.98983578,0.047237008,11376.7833,0.506093551,105.9010306,5.988416282,92.88031993,0.051178155,13019.69308,0.508474576,114.1038697,6.397200263,0
16/08/2025 14:15,49.5s,eb87a76a4fda436993283a0429a0ec7b,ETH_base,LOCAL,/home/ec2-user/ETH_Price_Predition/.venv/lib/python3.11/site-packages/ipykernel_launcher.py,ec2-user,FINISHED,32,1,0.05,67,['ETH_D_AvgPrc'],16,3,7,14,0.01,7,0,04/03/2023,32,0.436090226,0.485499463,53.17915805,0.029196206,5484.256043,0.490082057,70.37356433,3.891897827,74.85631016,0.041004067,9656.010871,0.439393939,98.26500329,5.428535354,1
16/08/2025 15:37,24.9s,8d07858567ad4cbba94515f131d1c4f1,ETH_base_sent_finbert,LOCAL,/home/ec2-user/ETH_Price_Predition/.venv/lib/python3.11/site-packages/ipykernel_launcher.py,ec2-user,FINISHED,64,2,0.05,50,"['ETH_D_AvgPrc', 'D_FINBERT_AvgScr_Ex', 'D_FINBERT_Sent_AvgEx']",16,2,3,21,0.01,7,0,04/03/2023,32,0.436090226,0.496240602,65.54644657,0.036164465,7288.793484,0.501864951,82.75095674,4.623368595,86.03121443,0.047257204,12181.88602,0.435483871,110.3715816,6.136615302,0
16/08/2025 15:39,21.1s,258a78607ea2420c897483a59752ebcd,ETH_base_sent_finbert,LOCAL,/home/ec2-user/ETH_Price_Predition/.venv/lib/python3.11/site-packages/ipykernel_launcher.py,ec2-user,FINISHED,64,2,0.05,36,"['ETH_D_AvgPrc', 'D_FINBERT_AvgScr_Ex', 'D_FINBERT_Sent_AvgEx']",32,2,3,21,0.01,7,0,04/03/2023,32,0.413533835,0.495166488,65.78558186,0.036345118,7760.951093,0.499676129,84.8545949,4.75238586,91.71699719,0.050515404,14138.10284,0.412698413,118.9037545,6.620459048,0
16/08/2025 15:34,16.6s,81d6aacf74c64593a08a4646cecfe82d,ETH_base_sent_finbert,LOCAL,/home/ec2-user/ETH_Price_Predition/.venv/lib/python3.11/site-packages/ipykernel_launcher.py,ec2-user,FINISHED,64,1,0.05,23,"['ETH_D_AvgPrc', 'D_FINBERT_AvgScr_Ex', 'D_FINBERT_Sent_AvgEx']",16,2,3,21,0.01,7,0,04/03/2023,32,0.443609023,0.481203008,66.63310666,0.03672714,7937.841238,0.48672889,86.57894399,4.831216851,89.62136703,0.049372241,13562.6569,0.453333333,116.4588206,6.488989998,0
16/08/2025 15:42,21.2s,4bde4e9b6ff645afa7e92668f26a49f6,ETH_base_sent_finbert,LOCAL,/home/ec2-user/ETH_Price_Predition/.venv/lib/python3.11/site-packages/ipykernel_launcher.py,ec2-user,FINISHED,64,3,0.05,34,"['ETH_D_AvgPrc', 'D_FINBERT_AvgScr_Ex', 'D_FINBERT_Sent_AvgEx']",32,2,3,21,0.01,7,0,04/03/2023,32,0.466165414,0.502685285,69.34132498,0.038463585,8135.57156,0.508289022,87.1247932,4.913373738,89.83598959,0.049695311,13143.97221,0.471428571,114.647164,6.447854749,0
16/08/2025 15:37,18.0s,1aadbb72ddec4a1f85bbe7e333dc5af4,ETH_base_sent_finbert,LOCAL,/home/ec2-user/ETH_Price_Predition/.venv/lib/python3.11/site-packages/ipykernel_launcher.py,ec2-user,FINISHED,64,1,0.05,29,"['ETH_D_AvgPrc', 'D_FINBERT_AvgScr_Ex', 'D_FINBERT_Sent_AvgEx']",32,2,7,21,0.01,7,0,04/03/2023,32,0.421052632,0.513426423,69.95506632,0.038751309,7955.557359,0.516652474,87.14220204,4.910674961,90.58914873,0.049867798,12831.96212,0.419354839,113.2782509,6.318840232,0
16/08/2025 15:41,21.1s,e550d3d334ec4bb897e75da2f2adbcc4,ETH_base_sent_finbert,LOCAL,/home/ec2-user/ETH_Price_Predition/.venv/lib/python3.11/site-packages/ipykernel_launcher.py,ec2-user,FINISHED,64,3,0.05,35,"['ETH_D_AvgPrc', 'D_FINBERT_AvgScr_Ex', 'D_FINBERT_Sent_AvgEx']",16,2,3,21,0.01,7,0,04/03/2023,32,0.45112782,0.501611171,69.76134421,0.038410055,8409.450657,0.505534578,89.14446561,4.964331846,91.36530023,0.050186943,13712.35994,0.454545455,117.0997862,6.496083906,0
16/08/2025 15:38,18.4s,619152a06fa14b0099026fedb838ffae,ETH_base_sent_finbert,LOCAL,/home/ec2-user/ETH_Price_Predition/.venv/lib/python3.11/site-packages/ipykernel_launcher.py,ec2-user,FINISHED,64,2,0.05,25,"['ETH_D_AvgPrc', 'D_FINBERT_AvgScr_Ex', 'D_FINBERT_Sent_AvgEx']",16,2,7,21,0.01,7,0,04/03/2023,32,0.473684211,0.510204082,69.70996789,0.038402588,8458.668323,0.513555641,89.14865135,4.970343448,92.98120094,0.051282128,13509.40262,0.478873239,116.2299558,6.518437273,0
16/08/2025 15:35,14.4s,b424285eb68a48c19d698797a47c5402,ETH_base_sent_finbert,LOCAL,/home/ec2-user/ETH_Price_Predition/.venv/lib/python3.11/site-packages/ipykernel_launcher.py,ec2-user,FINISHED,64,1,0.05,15,"['ETH_D_AvgPrc', 'D_FINBERT_AvgScr_Ex', 'D_FINBERT_Sent_AvgEx']",16,2,7,21,0.01,7,0,04/03/2023,32,0.406015038,0.505907626,73.0296406,0.04025625,9294.038777,0.510658398,94.24583536,5.268440222,94.2007421,0.051840807,14181.91144,0.411764706,119.0878308,6.639839756,0
16/08/2025 15:40,19.8s,cb432a64c0e44aed9fb95b567113c118,ETH_base_sent_finbert,LOCAL,/home/ec2-user/ETH_Price_Predition/.venv/lib/python3.11/site-packages/ipykernel_launcher.py,ec2-user,FINISHED,64,2,0.05,31,"['ETH_D_AvgPrc', 'D_FINBERT_AvgScr_Ex', 'D_FINBERT_Sent_AvgEx']",32,2,7,21,0.01,7,0,04/03/2023,32,0.458646617,0.497314715,79.35467785,0.043621708,10045.28154,0.501947919,98.0155942,5.434255167,99.774278,0.054816792,15159.98028,0.461538462,123.1258717,6.843127173,0
16/08/2025 15:41,17.7s,6c65b88b3ca7412a97f89fc7e2ea2e1e,ETH_base_sent_finbert,LOCAL,/home/ec2-user/ETH_Price_Predition/.venv/lib/python3.11/site-packages/ipykernel_launcher.py,ec2-user,FINISHED,64,3,0.05,22,"['ETH_D_AvgPrc', 'D_FINBERT_AvgScr_Ex', 'D_FINBERT_Sent_AvgEx']",16,2,7,21,0.01,7,0,04/03/2023,32,0.473684211,0.513426423,82.68705571,0.045623443,10814.32687,0.516823264,102.5857314,5.738195704,98.8008214,0.054170768,14604.29325,0.47826087,120.848224,6.686794989,0
16/08/2025 15:35,18.1s,0e2372649aa742e49340a3ac9542038a,ETH_base_sent_finbert,LOCAL,/home/ec2-user/ETH_Price_Predition/.venv/lib/python3.11/site-packages/ipykernel_launcher.py,ec2-user,FINISHED,64,1,0.05,34,"['ETH_D_AvgPrc', 'D_FINBERT_AvgScr_Ex', 'D_FINBERT_Sent_AvgEx']",16,2,3,21,0.01,7,2,04/03/2023,32,0.488721805,0.498388829,83.65135119,0.045963249,11155.79911,0.503195217,102.9241137,5.708478188,112.7338209,0.061594033,18229.91666,0.492063492,135.0182086,7.430517432,0
16/08/2025 15:37,12.8s,6d695a74b53a49e9bcf676843152739f,ETH_base_sent_finbert,LOCAL,/home/ec2-user/ETH_Price_Predition/.venv/lib/python3.11/site-packages/ipykernel_launcher.py,ec2-user,FINISHED,64,1,0.05,11,"['ETH_D_AvgPrc', 'D_FINBERT_AvgScr_Ex', 'D_FINBERT_Sent_AvgEx']",32,2,7,21,0.01,7,2,04/03/2023,32,0.443609023,0.497314715,88.38145432,0.048574015,12410.40153,0.50318735,109.7894288,6.077545552,112.6393871,0.061897767,19722.40509,0.447761194,140.4364806,7.793512652,0
16/08/2025 15:36,14.5s,71a3b0f58e05480e8532a9e1510c3195,ETH_base_sent_finbert,LOCAL,/home/ec2-user/ETH_Price_Predition/.venv/lib/python3.11/site-packages/ipykernel_launcher.py,ec2-user,FINISHED,64,1,0.05,18,"['ETH_D_AvgPrc', 'D_FINBERT_AvgScr_Ex', 'D_FINBERT_Sent_AvgEx']",32,2,3,21,0.01,7,2,04/03/2023,32,0.406015038,0.483351235,93.47696785,0.051612952,14167.38167,0.489363636,116.1788497,6.483378278,125.0968754,0.068793963,23904.51967,0.411764706,154.6108653,8.610291389,0
16/08/2025 15:36,14.4s,22a2402d28ba4a33b831b8f30ef96c7c,ETH_base_sent_finbert,LOCAL,/home/ec2-user/ETH_Price_Predition/.venv/lib/python3.11/site-packages/ipykernel_launcher.py,ec2-user,FINISHED,64,1,0.05,18,"['ETH_D_AvgPrc', 'D_FINBERT_AvgScr_Ex', 'D_FINBERT_Sent_AvgEx']",16,2,7,21,0.01,7,2,04/03/2023,32,0.466165414,0.509129968,96.26525577,0.052826237,15212.80382,0.51272318,121.6665405,6.709470451,120.4332457,0.066313012,23775.11883,0.46969697,154.1918248,8.575559509,0
16/08/2025 15:43,20.7s,927bdddc35234a019fdb3ecc2e2fb189,ETH_base_sent_finbert,LOCAL,/home/ec2-user/ETH_Price_Predition/.venv/lib/python3.11/site-packages/ipykernel_launcher.py,ec2-user,FINISHED,64,3,0.05,32,"['ETH_D_AvgPrc', 'D_FINBERT_AvgScr_Ex', 'D_FINBERT_Sent_AvgEx']",32,2,7,21,0.01,7,0,04/03/2023,32,0.413533835,0.514500537,97.8581463,0.05333626,15327.1505,0.517997701,122.0180025,6.656551791,122.0570754,0.066150573,22654.03993,0.424657534,150.5125906,8.140042621,0
16/08/2025 15:38,12.5s,7f9eb691be044c9eb64e303f8f136ce6,ETH_base_sent_finbert,LOCAL,/home/ec2-user/ETH_Price_Predition/.venv/lib/python3.11/site-packages/ipykernel_launcher.py,ec2-user,FINISHED,64,2,0.05,5,"['ETH_D_AvgPrc', 'D_FINBERT_AvgScr_Ex', 'D_FINBERT_Sent_AvgEx']",16,2,3,21,0.01,7,2,04/03/2023,32,0.458646617,0.511278195,103.2378656,0.055967527,18024.03548,0.517028747,133.7286461,7.194425012,115.114091,0.063056638,20818.2054,0.46031746,144.2851531,7.962875441,0
16/08/2025 15:43,12.0s,1ef338cae07941228c80d5dc270eda3f,ETH_base_sent_finbert,LOCAL,/home/ec2-user/ETH_Price_Predition/.venv/lib/python3.11/site-packages/ipykernel_launcher.py,ec2-user,FINISHED,64,3,0.05,2,"['ETH_D_AvgPrc', 'D_FINBERT_AvgScr_Ex', 'D_FINBERT_Sent_AvgEx']",32,2,3,21,0.01,7,2,04/03/2023,32,0.616541353,0.501611171,110.9313722,0.060610845,19179.23326,0.507542578,137.0600243,7.526904077,127.4237086,0.069225216,24906.11163,0.629032258,157.8167026,8.567236585,0
16/08/2025 15:41,15.0s,dafd7835bde446e18775850e00f90b7d,ETH_base_sent_finbert,LOCAL,/home/ec2-user/ETH_Price_Predition/.venv/lib/python3.11/site-packages/ipykernel_launcher.py,ec2-user,FINISHED,64,3,0.05,15,"['ETH_D_AvgPrc', 'D_FINBERT_AvgScr_Ex', 'D_FINBERT_Sent_AvgEx']",16,2,3,21,0.01,7,2,04/03/2023,32,0.496240602,0.513426423,106.5355083,0.057937747,19550.03594,0.51763318,139.0415044,7.497797402,121.5760936,0.066035725,25887.1133,0.5,160.8947274,8.659422647,0
16/08/2025 15:43,12.3s,f806fd9e1af6483ab92c8458ce9ea573,ETH_base_sent_finbert,LOCAL,/home/ec2-user/ETH_Price_Predition/.venv/lib/python3.11/site-packages/ipykernel_launcher.py,ec2-user,FINISHED,64,3,0.05,1,"['ETH_D_AvgPrc', 'D_FINBERT_AvgScr_Ex', 'D_FINBERT_Sent_AvgEx']",32,2,7,21,0.01,7,2,04/03/2023,32,0.496240602,0.503759398,115.3793141,0.065458811,22889.0142,0.508463632,145.7618739,8.677321656,79.4338395,0.045044525,12265.55273,0.5,110.7499559,6.670128319,0
16/08/2025 15:39,13.8s,19def1da2fa74fb9a176135367be4650,ETH_base_sent_finbert,LOCAL,/home/ec2-user/ETH_Price_Predition/.venv/lib/python3.11/site-packages/ipykernel_launcher.py,ec2-user,FINISHED,64,2,0.05,10,"['ETH_D_AvgPrc', 'D_FINBERT_AvgScr_Ex', 'D_FINBERT_Sent_AvgEx']",32,2,3,21,0.01,7,2,04/03/2023,32,0.458646617,0.490870032,122.4947714,0.066824166,22243.51142,0.495412553,148.1918294,8.075604575,144.1455181,0.078686823,29928.09665,0.461538462,172.9973891,9.467730318,0
16/08/2025 15:42,13.9s,9c1c3017abcb4c8481d0d23f3acc2670,ETH_base_sent_finbert,LOCAL,/home/ec2-user/ETH_Price_Predition/.venv/lib/python3.11/site-packages/ipykernel_launcher.py,ec2-user,FINISHED,64,3,0.05,10,"['ETH_D_AvgPrc', 'D_FINBERT_AvgScr_Ex', 'D_FINBERT_Sent_AvgEx']",16,2,7,21,0.01,7,2,04/03/2023,32,0.496240602,0.501611171,126.7692527,0.069075541,23839.35634,0.506000168,153.6224707,8.395706793,149.5123601,0.081470456,31711.15853,0.5,178.0762717,9.73029597,0
16/08/2025 15:39,14.2s,227f11b453a54b269a2aa7bdd3d36827,ETH_base_sent_finbert,LOCAL,/home/ec2-user/ETH_Price_Predition/.venv/lib/python3.11/site-packages/ipykernel_launcher.py,ec2-user,FINISHED,64,2,0.05,13,"['ETH_D_AvgPrc', 'D_FINBERT_AvgScr_Ex', 'D_FINBERT_Sent_AvgEx']",16,2,7,21,0.01,7,2,04/03/2023,32,0.526315789,0.529538131,128.2144901,0.069832901,25726.76129,0.530912931,159.6624916,8.681264075,143.2521626,0.078242736,31445.98343,0.527777778,177.3301537,9.727874765,0
16/08/2025 15:40,14.1s,e6df6f02ffa34f94b7852596ddc96b7e,ETH_base_sent_finbert,LOCAL,/home/ec2-user/ETH_Price_Predition/.venv/lib/python3.11/site-packages/ipykernel_launcher.py,ec2-user,FINISHED,64,2,0.05,12,"['ETH_D_AvgPrc', 'D_FINBERT_AvgScr_Ex', 'D_FINBERT_Sent_AvgEx']",32,2,7,21,0.01,7,2,04/03/2023,32,0.481203008,0.512352309,138.3927111,0.075472557,27811.61773,0.518199028,165.5811633,9.034617647,163.4218188,0.088948925,38227.94739,0.484848485,195.5196854,10.67168149,0
16/08/2025 15:32,124ms,c70eb1a1fa7f454790f26a1bdc064fae,ETH_base_sent_vader,LOCAL,/home/ec2-user/ETH_Price_Predition/.venv/lib/python3.11/site-packages/ipykernel_launcher.py,ec2-user,FAILED,,,,,,,,,,,,,,,,,,,,,,,,,,,,,0
16/08/2025 14:46,46.5s,5865de92e5934d53941ea4b8a371d041,ETH_base_LTC_blk,LOCAL,/home/ec2-user/ETH_Price_Predition/.venv/lib/python3.11/site-packages/ipykernel_launcher.py,ec2-user,FINISHED,32,1,0.1,79,"['ETH_D_AvgPrc', 'LTC_D_AvgPrc', 'LTC_YF_Vol', 'LTC_OL_MinDif', 'LTC_BIC_HshRt']",32,2,3,14,0.01,7,0,04/03/2023,32,0.413533835,0.487647691,56.27025941,0.031167589,5494.24345,0.493618428,72.15792003,4.10479077,72.39350994,0.039753879,7946.688463,0.422535211,89.14420039,5.04018088,1
16/08/2025 15:32,123ms,78f711ee4282446c87d942808187d2fd,ETH_base_sent_vader,LOCAL,/home/ec2-user/ETH_Price_Predition/.venv/lib/python3.11/site-packages/ipykernel_launcher.py,ec2-user,FAILED,,,,,,,,,,,,,,,,,,,,,,,,,,,,,0
16/08/2025 15:22,33.1s,f76e82aef09b4392b6846d471d5fca12,ETH_base_sent_vader,LOCAL,/home/ec2-user/ETH_Price_Predition/.venv/lib/python3.11/site-packages/ipykernel_launcher.py,ec2-user,FINISHED,32,1,0.1,35,"['ETH_D_AvgPrc', 'D_VADER_AvgScr_Ex', 'D_VADER_Sent_AvgEx']",16,3,3,14,0.01,7,2,04/03/2023,32,0.496240602,0.498388829,63.58428496,0.035050633,7027.011648,0.502859279,81.56164234,4.56673044,85.00645757,0.046679609,12182.75095,0.5,110.3754998,6.145170644,0
16/08/2025 15:31,122ms,0a3f510e471e44babf2c7d8dab2619f6,ETH_base_sent_vader,LOCAL,/home/ec2-user/ETH_Price_Predition/.venv/lib/python3.11/site-packages/ipykernel_launcher.py,ec2-user,FAILED,,,,,,,,,,,,,,,,,,,,,,,,,,,,,0
16/08/2025 15:24,27.6s,e105298394ee4159b2cc1c9d2c870b29,ETH_base_sent_vader,LOCAL,/home/ec2-user/ETH_Price_Predition/.venv/lib/python3.11/site-packages/ipykernel_launcher.py,ec2-user,FINISHED,32,1,0.1,20,"['ETH_D_AvgPrc', 'D_VADER_AvgScr_Ex', 'D_VADER_Sent_AvgEx']",32,3,3,14,0.01,7,0,04/03/2023,32,0.421052632,0.484425349,62.18662407,0.034168412,7008.91574,0.489794632,81.63413168,4.538814358,81.87047124,0.045087527,11346.29079,0.428571429,106.5189692,5.989448761,0
16/08/2025 15:30,124ms,cca6d5f64eb842f4b21b1d24250b27bb,ETH_base_sent_vader,LOCAL,/home/ec2-user/ETH_Price_Predition/.venv/lib/python3.11/site-packages/ipykernel_launcher.py,ec2-user,FAILED,,,,,,,,,,,,,,,,,,,,,,,,,,,,,0
16/08/2025 15:25,29.9s,f1eab810f352422ca615a78016b08e95,ETH_base_sent_vader,LOCAL,/home/ec2-user/ETH_Price_Predition/.venv/lib/python3.11/site-packages/ipykernel_launcher.py,ec2-user,FINISHED,32,1,0.1,25,"['ETH_D_AvgPrc', 'D_VADER_AvgScr_Ex', 'D_VADER_Sent_AvgEx']",32,3,7,14,0.01,7,0,04/03/2023,32,0.466165414,0.505907626,63.6625045,0.035133786,7091.959637,0.509814545,81.6794102,4.571765111,83.47918128,0.046068315,11924.68002,0.470588235,109.2001832,6.152611804,0
16/08/2025 15:31,33.8s,e0d159892f7545a78b7b5b3196605e5b,ETH_base_sent_vader,LOCAL,/home/ec2-user/ETH_Price_Predition/.venv/lib/python3.11/site-packages/ipykernel_launcher.py,ec2-user,FINISHED,32,3,0.1,27,"['ETH_D_AvgPrc', 'D_VADER_AvgScr_Ex', 'D_VADER_Sent_AvgEx']",32,3,3,14,0.01,7,0,04/03/2023,32,0.428571429,0.497314715,62.8923901,0.034566457,7016.817611,0.502236252,81.95835271,4.580878725,81.33780228,0.044411047,11013.72013,0.438356164,104.9462726,5.804627686,0
16/08/2025 15:21,26.5s,6c69030a82ec47d7b79a792d4ed76b71,ETH_base_sent_vader,LOCAL,/home/ec2-user/ETH_Price_Predition/.venv/lib/python3.11/site-packages/ipykernel_launcher.py,ec2-user,FINISHED,32,1,0.1,18,"['ETH_D_AvgPrc', 'D_VADER_AvgScr_Ex', 'D_VADER_Sent_AvgEx']",16,3,3,14,0.01,7,0,04/03/2023,32,0.428571429,0.47905478,63.57217817,0.034799557,7091.762236,0.483914688,82.32477237,4.53422317,79.27764686,0.043547216,10813.19386,0.432835821,103.9865081,5.818082362,0
16/08/2025 15:26,29.2s,20b70468bdb840f5ab0f11560138c5a7,ETH_base_sent_vader,LOCAL,/home/ec2-user/ETH_Price_Predition/.venv/lib/python3.11/site-packages/ipykernel_launcher.py,ec2-user,FINISHED,32,2,0.1,20,"['ETH_D_AvgPrc', 'D_VADER_AvgScr_Ex', 'D_VADER_Sent_AvgEx']",16,3,3,14,0.01,7,0,04/03/2023,32,0.466165414,0.487647691,65.07015883,0.035923579,7343.378032,0.492593326,82.33181198,4.60699582,90.17701457,0.049885223,13682.69846,0.472222222,116.9730672,6.615544573,0
16/08/2025 15:24,25.0s,aee53f4b2f624b2fa45f0ac098eac004,ETH_base_sent_vader,LOCAL,/home/ec2-user/ETH_Price_Predition/.venv/lib/python3.11/site-packages/ipykernel_launcher.py,ec2-user,FINISHED,32,1,0.1,17,"['ETH_D_AvgPrc', 'D_VADER_AvgScr_Ex', 'D_VADER_Sent_AvgEx']",32,3,3,14,0.01,7,2,04/03/2023,32,0.488721805,0.486573577,64.29239616,0.035349545,7243.297444,0.491477133,82.92225011,4.586920468,82.8545406,0.045455021,11494.38987,0.493333333,107.2118924,5.927232668,0
16/08/2025 15:28,23.3s,3c3a98d4008849879a29bd059dcb5e3b,ETH_base_sent_vader,LOCAL,/home/ec2-user/ETH_Price_Predition/.venv/lib/python3.11/site-packages/ipykernel_launcher.py,ec2-user,FINISHED,32,2,0.1,10,"['ETH_D_AvgPrc', 'D_VADER_AvgScr_Ex', 'D_VADER_Sent_AvgEx']",32,3,3,14,0.01,7,0,04/03/2023,32,0.436090226,0.499462943,65.87165133,0.036218225,7419.674186,0.503881224,83.61400771,4.630198848,89.34471715,0.049153744,12608.6163,0.442857143,112.2880951,6.26159496,0
16/08/2025 15:25,20.8s,1cbfb874d3744a9c8e64c5a19921b882,ETH_base_sent_vader,LOCAL,/home/ec2-user/ETH_Price_Predition/.venv/lib/python3.11/site-packages/ipykernel_launcher.py,ec2-user,FINISHED,32,1,0.1,8,"['ETH_D_AvgPrc', 'D_VADER_AvgScr_Ex', 'D_VADER_Sent_AvgEx']",32,3,7,14,0.01,7,2,04/03/2023,32,0.406015038,0.49301826,64.00946353,0.035139509,7242.960569,0.496594595,83.72083924,4.611237115,82.03722066,0.044912165,11619.43026,0.403225806,107.7934611,5.939728688,0
16/08/2025 15:23,27.6s,b75c79c9599c40d9b3fb02db5ce1b191,ETH_base_sent_vader,LOCAL,/home/ec2-user/ETH_Price_Predition/.venv/lib/python3.11/site-packages/ipykernel_launcher.py,ec2-user,FINISHED,32,1,0.1,20,"['ETH_D_AvgPrc', 'D_VADER_AvgScr_Ex', 'D_VADER_Sent_AvgEx']",16,3,7,14,0.01,7,0,04/03/2023,32,0.443609023,0.475832438,66.22788954,0.036434547,7353.756798,0.480450536,84.15103297,4.683336911,82.49287931,0.045419135,11497.06858,0.447761194,107.2243843,6.012923869,0
16/08/2025 15:30,31.3s,7255e64ab5504bee81a2fb8e15be991f,ETH_base_sent_vader,LOCAL,/home/ec2-user/ETH_Price_Predition/.venv/lib/python3.11/site-packages/ipykernel_launcher.py,ec2-user,FINISHED,32,3,0.1,23,"['ETH_D_AvgPrc', 'D_VADER_AvgScr_Ex', 'D_VADER_Sent_AvgEx']",16,3,7,14,0.01,7,0,04/03/2023,32,0.443609023,0.49301826,65.2959773,0.035979416,7509.32142,0.498206711,84.64660825,4.720900519,83.40622637,0.045942119,11769.45452,0.446153846,108.4871169,6.090974653,0
16/08/2025 15:28,22.1s,410c02d48aa94720a43195816c12f38f,ETH_base_sent_vader,LOCAL,/home/ec2-user/ETH_Price_Predition/.venv/lib/python3.11/site-packages/ipykernel_launcher.py,ec2-user,FINISHED,32,2,0.1,11,"['ETH_D_AvgPrc', 'D_VADER_AvgScr_Ex', 'D_VADER_Sent_AvgEx']",32,3,3,14,0.01,7,2,04/03/2023,32,0.428571429,0.497314715,68.09015233,0.037629897,7695.008915,0.502371383,86.14464459,4.849438498,90.10825319,0.04974006,12794.5242,0.434782609,113.1128825,6.410449139,0
16/08/2025 15:26,20.7s,606588fe653a4874868002dfa80780aa,ETH_base_sent_vader,LOCAL,/home/ec2-user/ETH_Price_Predition/.venv/lib/python3.11/site-packages/ipykernel_launcher.py,ec2-user,FINISHED,32,2,0.1,7,"['ETH_D_AvgPrc', 'D_VADER_AvgScr_Ex', 'D_VADER_Sent_AvgEx']",16,3,3,14,0.01,7,2,04/03/2023,32,0.518796992,0.511278195,66.82737062,0.037219235,7779.456932,0.516692831,87.43173552,5.02768294,83.83579822,0.046497083,11688.6868,0.523076923,108.1142303,6.207265389,0
16/08/2025 15:27,33.2s,abb3c04fe47542379e0c58c936e75b74,ETH_base_sent_vader,LOCAL,/home/ec2-user/ETH_Price_Predition/.venv/lib/python3.11/site-packages/ipykernel_launcher.py,ec2-user,FINISHED,32,2,0.1,27,"['ETH_D_AvgPrc', 'D_VADER_AvgScr_Ex', 'D_VADER_Sent_AvgEx']",16,3,7,14,0.01,7,0,04/03/2023,32,0.458646617,0.474758324,68.00062418,0.037615824,8114.23818,0.478321774,88.09409061,4.949206142,87.35931374,0.048212533,13150.42072,0.46031746,114.6752838,6.432235794,0
16/08/2025 15:29,21.9s,ab1741c1849d441a96cfd9c0684f0391,ETH_base_sent_vader,LOCAL,/home/ec2-user/ETH_Price_Predition/.venv/lib/python3.11/site-packages/ipykernel_launcher.py,ec2-user,FINISHED,32,2,0.1,6,"['ETH_D_AvgPrc', 'D_VADER_AvgScr_Ex', 'D_VADER_Sent_AvgEx']",32,3,7,14,0.01,7,0,04/03/2023,32,0.518796992,0.503759398,66.74349081,0.037061965,8027.168103,0.507694492,89.27364812,5.114861114,70.58639802,0.039085698,8679.32878,0.518518519,93.16291526,5.358986577,0
16/08/2025 15:23,23.4s,bb208bbcb8c34710ab4d8e495d7bc0c4,ETH_base_sent_vader,LOCAL,/home/ec2-user/ETH_Price_Predition/.venv/lib/python3.11/site-packages/ipykernel_launcher.py,ec2-user,FINISHED,32,1,0.1,14,"['ETH_D_AvgPrc', 'D_VADER_AvgScr_Ex', 'D_VADER_Sent_AvgEx']",16,3,7,14,0.01,7,2,04/03/2023,32,0.45112782,0.487647691,74.44668451,0.041494692,9160.536016,0.49314056,93.87359852,5.366404352,87.9843454,0.048690805,12575.82495,0.459459459,112.1419857,6.36344107,0
16/08/2025 15:27,20.4s,98ff1f736f0d4128ae4ac998d71f12bb,ETH_base_sent_vader,LOCAL,/home/ec2-user/ETH_Price_Predition/.venv/lib/python3.11/site-packages/ipykernel_launcher.py,ec2-user,FINISHED,32,2,0.1,5,"['ETH_D_AvgPrc', 'D_VADER_AvgScr_Ex', 'D_VADER_Sent_AvgEx']",16,3,7,14,0.01,7,2,04/03/2023,32,0.481203008,0.485499463,86.14576729,0.047936295,11985.29165,0.49068323,108.2547033,6.159127183,108.3621365,0.060211035,18621.0694,0.485294118,136.4590393,7.799092578,0
16/08/2025 15:29,18.2s,5ce9c412188b45d5a47ceb3b41f2a212,ETH_base_sent_vader,LOCAL,/home/ec2-user/ETH_Price_Predition/.venv/lib/python3.11/site-packages/ipykernel_launcher.py,ec2-user,FINISHED,32,2,0.1,1,"['ETH_D_AvgPrc', 'D_VADER_AvgScr_Ex', 'D_VADER_Sent_AvgEx']",32,3,7,14,0.01,7,2,04/03/2023,32,0.54887218,0.456498389,86.48268804,0.047962277,12020.79465,0.460253278,108.9871751,6.194907157,94.20819023,0.052448698,14601.74737,0.555555556,120.8376902,6.948775224,0
16/08/2025 15:32,19.6s,4375605b1c0146c0b86c85f6074d121b,ETH_base_sent_vader,LOCAL,/home/ec2-user/ETH_Price_Predition/.venv/lib/python3.11/site-packages/ipykernel_launcher.py,ec2-user,FINISHED,32,3,0.1,1,"['ETH_D_AvgPrc', 'D_VADER_AvgScr_Ex', 'D_VADER_Sent_AvgEx']",32,3,7,14,0.01,7,0,04/03/2023,32,0.556390977,0.537056928,164.2642321,0.089206765,41161.84761,0.576804031,188.426949,10.31838466,75.60240208,0.042851323,11882.29103,0.583333333,109.005922,6.68163204,0
16/08/2025 15:48,29.8s,56a8ac6638ce40cbbe9b15aa36e7ef5d,ETH_base_sent_cryptobert,LOCAL,/home/ec2-user/ETH_Price_Predition/.venv/lib/python3.11/site-packages/ipykernel_launcher.py,ec2-user,FINISHED,32,1,0.05,40,"['ETH_D_AvgPrc', 'D_CRYPTOBERT_AvgScr_Ex', 'D_CRYPTOBERT_Sent_AvgEx']",32,2,3,14,0.01,7,0,04/03/2023,32,0.421052632,0.514500537,58.94384471,0.032375459,6088.564224,0.517865186,75.01362743,4.153303469,82.20210048,0.045261275,11227.8693,0.426470588,105.9616407,5.9082151,1
16/08/2025 15:12,32.7s,f3dc4a5cdcf84085a338bf9e0c9fb631,ETH_base_BTC_blk_LTC_blk,LOCAL,/home/ec2-user/ETH_Price_Predition/.venv/lib/python3.11/site-packages/ipykernel_launcher.py,ec2-user,FINISHED,32,2,0.05,37,"['ETH_D_AvgPrc', 'BTC_D_AvgPrc', 'LTC_D_AvgPrc']",32,2,3,28,0.01,7,0,04/03/2023,64,0.406015038,0.474758324,52.71209107,0.028896085,5107.278179,0.481653083,69.22979376,3.811039203,69.31507059,0.037848802,8257.462507,0.414285714,90.87058109,4.970597662,0
16/08/2025 15:17,44.2s,1c43bbcc5129401c923e853cb79856b6,ETH_base_BTC_blk_LTC_blk,LOCAL,/home/ec2-user/ETH_Price_Predition/.venv/lib/python3.11/site-packages/ipykernel_launcher.py,ec2-user,FINISHED,32,3,0.05,56,"['ETH_D_AvgPrc', 'BTC_D_AvgPrc', 'LTC_D_AvgPrc']",32,2,3,28,0.01,7,0,04/03/2023,64,0.398496241,0.484425349,54.34699384,0.029782905,5267.969488,0.4898425,70.51986233,3.886151643,68.74760471,0.037302176,8150.697262,0.4,90.28121212,4.882076988,0
16/08/2025 15:14,33.6s,7cfe65362cfd4f16abe4d35e8352313d,ETH_base_BTC_blk_LTC_blk,LOCAL,/home/ec2-user/ETH_Price_Predition/.venv/lib/python3.11/site-packages/ipykernel_launcher.py,ec2-user,FINISHED,32,2,0.05,51,"['ETH_D_AvgPrc', 'BTC_D_AvgPrc', 'LTC_D_AvgPrc']",32,2,7,28,0.01,7,2,04/03/2023,64,0.443609023,0.475832438,55.71991111,0.030604748,5310.287556,0.480258334,70.75308422,3.915249547,72.92362322,0.039844615,8618.016218,0.449275362,92.83327107,5.109941283,0
16/08/2025 15:08,38.6s,811674b4aaed47d99edc256091216d34,ETH_base_BTC_blk_LTC_blk,LOCAL,/home/ec2-user/ETH_Price_Predition/.venv/lib/python3.11/site-packages/ipykernel_launcher.py,ec2-user,FINISHED,32,1,0.05,63,"['ETH_D_AvgPrc', 'BTC_D_AvgPrc', 'LTC_D_AvgPrc']",16,2,7,28,0.01,7,2,04/03/2023,64,0.436090226,0.477980666,54.03767344,0.029587506,5375.77406,0.484635873,71.12478969,3.911669022,70.61153119,0.038322825,8661.880902,0.442857143,93.0692264,5.047258375,0
16/08/2025 15:15,37.0s,a10f3ecf29014c219d306c97e9700ff8,ETH_base_BTC_blk_LTC_blk,LOCAL,/home/ec2-user/ETH_Price_Predition/.venv/lib/python3.11/site-packages/ipykernel_launcher.py,ec2-user,FINISHED,32,3,0.05,44,"['ETH_D_AvgPrc', 'BTC_D_AvgPrc', 'LTC_D_AvgPrc']",16,2,3,28,0.01,7,0,04/03/2023,64,0.458646617,0.481203008,54.96417571,0.03014412,5478.594284,0.487159628,71.27160304,3.935162326,74.15488864,0.040211888,9294.593686,0.462686567,96.4084731,5.20437553,0
16/08/2025 15:09,26.7s,a442ad1e0cf1438a957ce0241ab2a06e,ETH_base_BTC_blk_LTC_blk,LOCAL,/home/ec2-user/ETH_Price_Predition/.venv/lib/python3.11/site-packages/ipykernel_launcher.py,ec2-user,FINISHED,32,1,0.05,33,"['ETH_D_AvgPrc', 'BTC_D_AvgPrc', 'LTC_D_AvgPrc']",32,2,3,28,0.01,7,2,04/03/2023,64,0.37593985,0.468313641,54.9430365,0.030054433,5418.434493,0.47350553,71.51638573,3.929114189,75.00787147,0.040568349,9378.939267,0.385714286,96.84492381,5.228071293,0
16/08/2025 15:08,22.3s,8450f87bc9fa467a8d87d93a1fdb462f,ETH_base_BTC_blk_LTC_blk,LOCAL,/home/ec2-user/ETH_Price_Predition/.venv/lib/python3.11/site-packages/ipykernel_launcher.py,ec2-user,FINISHED,32,1,0.05,18,"['ETH_D_AvgPrc', 'BTC_D_AvgPrc', 'LTC_D_AvgPrc']",16,2,7,28,0.01,7,0,04/03/2023,64,0.421052632,0.469387755,55.4806139,0.03041661,5512.180727,0.475697869,71.72137126,3.949560371,73.19503968,0.039701248,9193.052765,0.426470588,95.88040866,5.178702892,0
16/08/2025 15:13,40.1s,6ab44f9435b843d8808d4415c1496bdd,ETH_base_BTC_blk_LTC_blk,LOCAL,/home/ec2-user/ETH_Price_Predition/.venv/lib/python3.11/site-packages/ipykernel_launcher.py,ec2-user,FINISHED,32,2,0.05,53,"['ETH_D_AvgPrc', 'BTC_D_AvgPrc', 'LTC_D_AvgPrc']",32,2,7,28,0.01,7,0,04/03/2023,64,0.368421053,0.464017186,55.56005223,0.030535631,5451.615983,0.467767059,71.79590615,3.985094964,76.68520522,0.041563757,9543.415122,0.369230769,97.69040445,5.261211429,0
16/08/2025 15:11,26.7s,11fa124ab5844f938866e4c78390db69,ETH_base_BTC_blk_LTC_blk,LOCAL,/home/ec2-user/ETH_Price_Predition/.venv/lib/python3.11/site-packages/ipykernel_launcher.py,ec2-user,FINISHED,32,2,0.05,24,"['ETH_D_AvgPrc', 'BTC_D_AvgPrc', 'LTC_D_AvgPrc']",16,2,3,28,0.01,7,0,04/03/2023,64,0.45112782,0.472610097,55.90266001,0.030878408,5545.412977,0.477419544,72.08381469,4.029511583,70.59584103,0.038540889,8694.965459,0.454545455,93.24679865,5.10201147,0
16/08/2025 15:17,20.0s,47d340337abd4915ab980883ce09aa8d,ETH_base_BTC_blk_LTC_blk,LOCAL,/home/ec2-user/ETH_Price_Predition/.venv/lib/python3.11/site-packages/ipykernel_launcher.py,ec2-user,FINISHED,32,3,0.05,15,"['ETH_D_AvgPrc', 'BTC_D_AvgPrc', 'LTC_D_AvgPrc']",16,2,7,28,0.01,7,2,04/03/2023,64,0.421052632,0.477980666,59.28830222,0.03225741,5397.903773,0.482963706,72.18298766,3.91954696,72.13051267,0.039270684,7453.977227,0.424242424,86.33641889,4.72525912,0
16/08/2025 15:09,29.0s,171fe7a3cb494873a331c6b48e2a08d9,ETH_base_BTC_blk_LTC_blk,LOCAL,/home/ec2-user/ETH_Price_Predition/.venv/lib/python3.11/site-packages/ipykernel_launcher.py,ec2-user,FINISHED,32,1,0.05,33,"['ETH_D_AvgPrc', 'BTC_D_AvgPrc', 'LTC_D_AvgPrc']",32,2,3,28,0.01,7,0,04/03/2023,64,0.421052632,0.474758324,55.94643578,0.030800153,5655.016573,0.482322913,72.82475255,4.04466818,73.92059028,0.040032036,9574.254155,0.430555556,97.84811779,5.279125846,0
16/08/2025 15:19,37.6s,bfe902ec09f0477999f123f675925f64,ETH_base_BTC_blk_LTC_blk,LOCAL,/home/ec2-user/ETH_Price_Predition/.venv/lib/python3.11/site-packages/ipykernel_launcher.py,ec2-user,FINISHED,32,3,0.05,42,"['ETH_D_AvgPrc', 'BTC_D_AvgPrc', 'LTC_D_AvgPrc']",32,2,7,28,0.01,7,0,04/03/2023,64,0.413533835,0.482277121,55.07267268,0.030331282,5844.334003,0.487715199,73.5946796,4.086383416,72.05485248,0.039248303,9081.845536,0.420289855,95.29871739,5.204744413,0
16/08/2025 15:11,22.0s,3f03173accd04760a4d5efecf8c20790,ETH_base_BTC_blk_LTC_blk,LOCAL,/home/ec2-user/ETH_Price_Predition/.venv/lib/python3.11/site-packages/ipykernel_launcher.py,ec2-user,FINISHED,32,2,0.05,20,"['ETH_D_AvgPrc', 'BTC_D_AvgPrc', 'LTC_D_AvgPrc']",16,2,3,28,0.01,7,2,04/03/2023,64,0.443609023,0.483351235,57.79261591,0.031968881,5973.898208,0.488305186,74.84663998,4.198863328,75.82281334,0.04153703,10074.66573,0.447761194,100.3726344,5.534538155,0
16/08/2025 15:07,30.2s,79aae7b68a7f47d3a2a151865c382d2f,ETH_base_BTC_blk_LTC_blk,LOCAL,/home/ec2-user/ETH_Price_Predition/.venv/lib/python3.11/site-packages/ipykernel_launcher.py,ec2-user,FINISHED,32,1,0.05,36,"['ETH_D_AvgPrc', 'BTC_D_AvgPrc', 'LTC_D_AvgPrc']",16,2,3,28,0.01,7,0,04/03/2023,64,0.436090226,0.468313641,57.33840054,0.031315667,6265.419332,0.474667347,75.31814521,4.120594928,75.5622414,0.041247458,10253.08154,0.439393939,101.2575011,5.549451239,0
16/08/2025 15:07,29.5s,7e1688c856c24d2fb5f764212ccbfcbd,ETH_base_BTC_blk_LTC_blk,LOCAL,/home/ec2-user/ETH_Price_Predition/.venv/lib/python3.11/site-packages/ipykernel_launcher.py,ec2-user,FINISHED,32,1,0.05,41,"['ETH_D_AvgPrc', 'BTC_D_AvgPrc', 'LTC_D_AvgPrc']",16,2,3,28,0.01,7,2,04/03/2023,64,0.390977444,0.475832438,62.98934114,0.034707134,6520.00836,0.481534889,79.28909956,4.398560289,75.8152179,0.041156778,9787.445766,0.397058824,98.93152059,5.359240839,0
16/08/2025 15:13,17.5s,d3615e48c7b1427aad3e98cbac57c188,ETH_base_BTC_blk_LTC_blk,LOCAL,/home/ec2-user/ETH_Price_Predition/.venv/lib/python3.11/site-packages/ipykernel_launcher.py,ec2-user,FINISHED,32,2,0.05,9,"['ETH_D_AvgPrc', 'BTC_D_AvgPrc', 'LTC_D_AvgPrc']",32,2,3,28,0.01,7,2,04/03/2023,64,0.481203008,0.476906552,61.99472895,0.03394568,6814.294767,0.480206996,79.49395915,4.37308854,86.92931418,0.047152124,12563.40376,0.483870968,112.0865904,6.082363954,0
16/08/2025 15:12,24.5s,5957b2c947f54033a6214025bb66bdb9,ETH_base_BTC_blk_LTC_blk,LOCAL,/home/ec2-user/ETH_Price_Predition/.venv/lib/python3.11/site-packages/ipykernel_launcher.py,ec2-user,FINISHED,32,2,0.05,27,"['ETH_D_AvgPrc', 'BTC_D_AvgPrc', 'LTC_D_AvgPrc']",16,2,7,28,0.01,7,2,04/03/2023,64,0.458646617,0.494092374,63.75309771,0.034922379,6690.03983,0.498553567,79.82696716,4.396393921,84.65485973,0.045826766,11263.24096,0.463768116,106.1284173,5.730668577,0
16/08/2025 15:10,17.5s,55095b3a41c84d6a8e8769581ee53049,ETH_base_BTC_blk_LTC_blk,LOCAL,/home/ec2-user/ETH_Price_Predition/.venv/lib/python3.11/site-packages/ipykernel_launcher.py,ec2-user,FINISHED,32,1,0.05,7,"['ETH_D_AvgPrc', 'BTC_D_AvgPrc', 'LTC_D_AvgPrc']",32,2,7,28,0.01,7,0,04/03/2023,64,0.421052632,0.462943072,64.69879485,0.035436355,7262.88946,0.467585912,82.79148824,4.549876694,82.64118005,0.045327205,11211.82448,0.424242424,105.8859031,5.844414406,0
16/08/2025 15:19,27.9s,106e00d985a04c169f51d57cbb8ac1ac,ETH_base_BTC_blk_LTC_blk,LOCAL,/home/ec2-user/ETH_Price_Predition/.venv/lib/python3.11/site-packages/ipykernel_launcher.py,ec2-user,FINISHED,32,3,0.05,32,"['ETH_D_AvgPrc', 'BTC_D_AvgPrc', 'LTC_D_AvgPrc']",32,2,7,28,0.01,7,2,04/03/2023,64,0.436090226,0.471535983,66.29861047,0.03654082,7556.824786,0.477705566,84.1322451,4.709644387,89.01020916,0.048522174,12908.7392,0.442857143,113.6166326,6.238239735,0
16/08/2025 15:16,31.4s,a19f667f21204c2ea9173adeaa7cdc1e,ETH_base_BTC_blk_LTC_blk,LOCAL,/home/ec2-user/ETH_Price_Predition/.venv/lib/python3.11/site-packages/ipykernel_launcher.py,ec2-user,FINISHED,32,3,0.05,45,"['ETH_D_AvgPrc', 'BTC_D_AvgPrc', 'LTC_D_AvgPrc']",16,2,3,28,0.01,7,2,04/03/2023,64,0.436090226,0.497314715,68.61365513,0.03733984,7518.665697,0.501215238,84.62363866,4.60808205,89.36748051,0.048266964,11497.3106,0.439393939,107.2255128,5.792024411,0
16/08/2025 15:18,18.1s,3f76a76118d04a069ae960e0a3124862,ETH_base_BTC_blk_LTC_blk,LOCAL,/home/ec2-user/ETH_Price_Predition/.venv/lib/python3.11/site-packages/ipykernel_launcher.py,ec2-user,FINISHED,32,3,0.05,7,"['ETH_D_AvgPrc', 'BTC_D_AvgPrc', 'LTC_D_AvgPrc']",32,2,3,28,0.01,7,2,04/03/2023,64,0.45112782,0.474758324,66.97831075,0.036866389,7831.762801,0.479022514,85.49179717,4.737105587,89.56294767,0.049147635,13423.50984,0.454545455,115.8598716,6.405437192,0
16/08/2025 15:12,17.0s,07e614fce38a407cb8c4c3def100dcb0,ETH_base_BTC_blk_LTC_blk,LOCAL,/home/ec2-user/ETH_Price_Predition/.venv/lib/python3.11/site-packages/ipykernel_launcher.py,ec2-user,FINISHED,32,2,0.05,3,"['ETH_D_AvgPrc', 'BTC_D_AvgPrc', 'LTC_D_AvgPrc']",16,2,7,28,0.01,7,0,04/03/2023,64,0.481203008,0.482277121,68.07703384,0.037273338,8119.800038,0.4872886,88.37099357,4.84554991,87.38727013,0.047393768,12682.02241,0.484375,112.6144858,6.086091775,0
16/08/2025 15:10,18.5s,ff5c70f2cbe54a059bdaf43f23fa05d0,ETH_base_BTC_blk_LTC_blk,LOCAL,/home/ec2-user/ETH_Price_Predition/.venv/lib/python3.11/site-packages/ipykernel_launcher.py,ec2-user,FINISHED,32,1,0.05,12,"['ETH_D_AvgPrc', 'BTC_D_AvgPrc', 'LTC_D_AvgPrc']",32,2,7,28,0.01,7,2,04/03/2023,64,0.421052632,0.462943072,71.40246031,0.038818554,8399.080036,0.469159862,88.63409432,4.815405993,90.72418878,0.048968036,12874.81873,0.434210526,113.4672584,6.094645802,0
16/08/2025 15:01,27.5s,bfac97571eb14019b4370f2158cb1628,ETH_base_BTC_blk_LTC_blk,LOCAL,/home/ec2-user/ETH_Price_Predition/.venv/lib/python3.11/site-packages/ipykernel_launcher.py,ec2-user,FINISHED,32,2,0.05,26,"['ETH_D_AvgPrc', 'BTC_D_AvgPrc', 'BTC_OL_MinDif', 'BTC_OL_AvgTransFee', 'BTC_BIC_HshRt', 'LTC_D_AvgPrc', 'LTC_YF_Vol', 'LTC_OL_MinDif', 'LTC_BIC_HshRt']",32,2,7,28,0.01,7,0,04/03/2023,64,0.481203008,0.514500537,88.25464267,0.048128234,12708.21069,0.517278557,110.8501722,6.123650398,136.3555952,0.07306411,23367.21821,0.486842105,152.8633972,8.101652417,0
16/08/2025 15:03,15.5s,9a8a07d4aa7c4d2383cd3ffd242a4501,ETH_base_BTC_blk_LTC_blk,LOCAL,/home/ec2-user/ETH_Price_Predition/.venv/lib/python3.11/site-packages/ipykernel_launcher.py,ec2-user,FINISHED,32,3,0.05,3,"['ETH_D_AvgPrc', 'BTC_D_AvgPrc', 'BTC_OL_MinDif', 'BTC_OL_AvgTransFee', 'BTC_BIC_HshRt', 'LTC_D_AvgPrc', 'LTC_YF_Vol', 'LTC_OL_MinDif', 'LTC_BIC_HshRt']",32,2,3,28,0.01,7,2,04/03/2023,64,0.533834586,0.532760473,140.2959417,0.076240287,33784.92511,0.543087515,164.7734684,9.026941193,151.7617897,0.081053236,29641.68588,0.545454545,172.1676098,9.068388451,0
16/08/2025 15:00,14.6s,8a9d1000c6d245fcab215a82b090e2d4,ETH_base_BTC_blk_LTC_blk,LOCAL,/home/ec2-user/ETH_Price_Predition/.venv/lib/python3.11/site-packages/ipykernel_launcher.py,ec2-user,FINISHED,32,2,0.05,2,"['ETH_D_AvgPrc', 'BTC_D_AvgPrc', 'BTC_OL_MinDif', 'BTC_OL_AvgTransFee', 'BTC_BIC_HshRt', 'LTC_D_AvgPrc', 'LTC_YF_Vol', 'LTC_OL_MinDif', 'LTC_BIC_HshRt']",32,2,3,28,0.01,7,2,04/03/2023,64,0.488721805,0.500537057,172.7116623,0.093331116,45892.2004,0.504838249,195.2899257,10.51741952,337.1635442,0.180604742,123555.4614,0.492957746,351.5045681,18.64434581,0
16/08/2025 15:01,14.7s,0ba6f6f2c62e47ad94cd5188f8273489,ETH_base_BTC_blk_LTC_blk,LOCAL,/home/ec2-user/ETH_Price_Predition/.venv/lib/python3.11/site-packages/ipykernel_launcher.py,ec2-user,FINISHED,32,2,0.05,2,"['ETH_D_AvgPrc', 'BTC_D_AvgPrc', 'BTC_OL_MinDif', 'BTC_OL_AvgTransFee', 'BTC_BIC_HshRt', 'LTC_D_AvgPrc', 'LTC_YF_Vol', 'LTC_OL_MinDif', 'LTC_BIC_HshRt']",32,2,7,28,0.01,7,2,04/03/2023,64,0.466165414,0.504833512,185.859392,0.09997741,45731.87343,0.514845155,205.3902479,10.97490257,213.812084,0.114267336,52772.88428,0.46,229.7234953,12.10971314,0
16/08/2025 14:58,22.4s,f5215dd07efe412e9c7c3a1bdf587c85,ETH_base_BTC_blk_LTC_blk,LOCAL,/home/ec2-user/ETH_Price_Predition/.venv/lib/python3.11/site-packages/ipykernel_launcher.py,ec2-user,FINISHED,32,1,0.05,23,"['ETH_D_AvgPrc', 'BTC_D_AvgPrc', 'BTC_OL_MinDif', 'BTC_OL_AvgTransFee', 'BTC_BIC_HshRt', 'LTC_D_AvgPrc', 'LTC_YF_Vol', 'LTC_OL_MinDif', 'LTC_BIC_HshRt']",32,2,7,28,0.01,7,2,04/03/2023,64,0.45112782,0.490870032,182.8629111,0.098566522,56851.95219,0.495356906,215.5789619,11.55360473,342.2416311,0.183423461,144119.2198,0.454545455,379.6303725,20.2101481,0
16/08/2025 14:56,23.5s,933f1e510473468e8f1484c1eebfe40a,ETH_base_BTC_blk_LTC_blk,LOCAL,/home/ec2-user/ETH_Price_Predition/.venv/lib/python3.11/site-packages/ipykernel_launcher.py,ec2-user,FINISHED,32,1,0.05,20,"['ETH_D_AvgPrc', 'BTC_D_AvgPrc', 'BTC_OL_MinDif', 'BTC_OL_AvgTransFee', 'BTC_BIC_HshRt', 'LTC_D_AvgPrc', 'LTC_YF_Vol', 'LTC_OL_MinDif', 'LTC_BIC_HshRt']",32,2,3,28,0.01,7,0,04/03/2023,64,0.421052632,0.490870032,187.2528742,0.100980411,54481.07594,0.496324986,216.1964757,11.60250449,317.5620404,0.170668039,121963.0314,0.434210526,349.2320595,18.69023685,0
16/08/2025 14:56,25.7s,08c2a3a8c10745378c751ddc8d789b0e,ETH_base_BTC_blk_LTC_blk,LOCAL,/home/ec2-user/ETH_Price_Predition/.venv/lib/python3.11/site-packages/ipykernel_launcher.py,ec2-user,FINISHED,32,1,0.05,31,"['ETH_D_AvgPrc', 'BTC_D_AvgPrc', 'BTC_OL_MinDif', 'BTC_OL_AvgTransFee', 'BTC_BIC_HshRt', 'LTC_D_AvgPrc', 'LTC_YF_Vol', 'LTC_OL_MinDif', 'LTC_BIC_HshRt']",16,2,7,28,0.01,7,2,04/03/2023,64,0.503759398,0.495166488,196.3423493,0.105560672,61187.06507,0.498766849,230.5949767,12.30846071,306.6198214,0.164238776,126281.0442,0.50877193,355.3604426,18.91969547,0
16/08/2025 15:03,16.2s,81631638ce1648dbb491b37ae38148d0,ETH_base_BTC_blk_LTC_blk,LOCAL,/home/ec2-user/ETH_Price_Predition/.venv/lib/python3.11/site-packages/ipykernel_launcher.py,ec2-user,FINISHED,32,3,0.05,5,"['ETH_D_AvgPrc', 'BTC_D_AvgPrc', 'BTC_OL_MinDif', 'BTC_OL_AvgTransFee', 'BTC_BIC_HshRt', 'LTC_D_AvgPrc', 'LTC_YF_Vol', 'LTC_OL_MinDif', 'LTC_BIC_HshRt']",16,2,7,28,0.01,7,2,04/03/2023,64,0.563909774,0.526315789,214.6792417,0.114918597,58236.14789,0.536262385,239.857211,12.65089556,203.0449932,0.108254881,52972.36438,0.569230769,230.1572601,12.10198638,0
16/08/2025 14:59,34.2s,6dbf5157dd644a5c9f3868c312d3a0da,ETH_base_BTC_blk_LTC_blk,LOCAL,/home/ec2-user/ETH_Price_Predition/.venv/lib/python3.11/site-packages/ipykernel_launcher.py,ec2-user,FINISHED,32,2,0.05,41,"['ETH_D_AvgPrc', 'BTC_D_AvgPrc', 'BTC_OL_MinDif', 'BTC_OL_AvgTransFee', 'BTC_BIC_HshRt', 'LTC_D_AvgPrc', 'LTC_YF_Vol', 'LTC_OL_MinDif', 'LTC_BIC_HshRt']",16,2,7,28,0.01,7,0,04/03/2023,64,0.458646617,0.497314715,216.0957928,0.116453761,66455.00188,0.502415838,248.0655017,13.28155819,343.3284199,0.184301845,142969.1987,0.464788732,378.1126798,20.16613962,0
16/08/2025 14:57,19.2s,e799156a80c24494ba2d0ecd07422bff,ETH_base_BTC_blk_LTC_blk,LOCAL,/home/ec2-user/ETH_Price_Predition/.venv/lib/python3.11/site-packages/ipykernel_launcher.py,ec2-user,FINISHED,32,1,0.05,11,"['ETH_D_AvgPrc', 'BTC_D_AvgPrc', 'BTC_OL_MinDif', 'BTC_OL_AvgTransFee', 'BTC_BIC_HshRt', 'LTC_D_AvgPrc', 'LTC_YF_Vol', 'LTC_OL_MinDif', 'LTC_BIC_HshRt']",32,2,7,28,0.01,7,0,04/03/2023,64,0.488721805,0.497314715,235.5531441,0.126466032,83534.32295,0.502970778,268.6961823,14.31595765,417.123489,0.223993104,214122.4188,0.492307692,462.733637,24.75022227,0
16/08/2025 14:58,42.5s,6f2e9a0f0604438aa250c12b41d63e38,ETH_base_BTC_blk_LTC_blk,LOCAL,/home/ec2-user/ETH_Price_Predition/.venv/lib/python3.11/site-packages/ipykernel_launcher.py,ec2-user,FINISHED,32,2,0.05,58,"['ETH_D_AvgPrc', 'BTC_D_AvgPrc', 'BTC_OL_MinDif', 'BTC_OL_AvgTransFee', 'BTC_BIC_HshRt', 'LTC_D_AvgPrc', 'LTC_YF_Vol', 'LTC_OL_MinDif', 'LTC_BIC_HshRt']",16,2,3,28,0.01,7,0,04/03/2023,64,0.473684211,0.484425349,241.5332505,0.130242549,83917.22151,0.489178624,275.4447734,14.77615693,414.0977983,0.22222176,200970.5108,0.47761194,448.2973465,23.9152761,0
16/08/2025 14:55,28.5s,25d40eb87a9a4bdba75359ca506efa47,ETH_base_BTC_blk_LTC_blk,LOCAL,/home/ec2-user/ETH_Price_Predition/.venv/lib/python3.11/site-packages/ipykernel_launcher.py,ec2-user,FINISHED,32,1,0.05,32,"['ETH_D_AvgPrc', 'BTC_D_AvgPrc', 'BTC_OL_MinDif', 'BTC_OL_AvgTransFee', 'BTC_BIC_HshRt', 'LTC_D_AvgPrc', 'LTC_YF_Vol', 'LTC_OL_MinDif', 'LTC_BIC_HshRt']",16,2,7,28,0.01,7,0,04/03/2023,64,0.473684211,0.481203008,251.5256215,0.135220481,95329.62737,0.482853148,284.9897835,15.21939062,439.7141519,0.235994991,227793.4224,0.472727273,477.2770918,25.46999573,0
16/08/2025 14:55,24.4s,566b9cf2b092498584af99daa2c66fb3,ETH_base_BTC_blk_LTC_blk,LOCAL,/home/ec2-user/ETH_Price_Predition/.venv/lib/python3.11/site-packages/ipykernel_launcher.py,ec2-user,FINISHED,32,1,0.05,21,"['ETH_D_AvgPrc', 'BTC_D_AvgPrc', 'BTC_OL_MinDif', 'BTC_OL_AvgTransFee', 'BTC_BIC_HshRt', 'LTC_D_AvgPrc', 'LTC_YF_Vol', 'LTC_OL_MinDif', 'LTC_BIC_HshRt']",16,2,3,28,0.01,7,0,04/03/2023,64,0.428571429,0.487647691,271.412138,0.145970035,114749.5114,0.491928115,311.2837632,16.65594067,499.5300855,0.26833895,307493.2616,0.430769231,554.5207495,29.71610227,0
16/08/2025 14:59,16.0s,547551ade7d04379942ebec21a31cb2a,ETH_base_BTC_blk_LTC_blk,LOCAL,/home/ec2-user/ETH_Price_Predition/.venv/lib/python3.11/site-packages/ipykernel_launcher.py,ec2-user,FINISHED,32,2,0.05,6,"['ETH_D_AvgPrc', 'BTC_D_AvgPrc', 'BTC_OL_MinDif', 'BTC_OL_AvgTransFee', 'BTC_BIC_HshRt', 'LTC_D_AvgPrc', 'LTC_YF_Vol', 'LTC_OL_MinDif', 'LTC_BIC_HshRt']",16,2,3,28,0.01,7,2,04/03/2023,64,0.541353383,0.494092374,292.5282146,0.15697499,106603.2305,0.498789949,321.0358541,17.04657428,420.1251283,0.225745887,194125.8609,0.546875,440.597164,23.49193254,0
16/08/2025 15:02,16.9s,fc3778b6d96d44dd81944cbede58933d,ETH_base_BTC_blk_LTC_blk,LOCAL,/home/ec2-user/ETH_Price_Predition/.venv/lib/python3.11/site-packages/ipykernel_launcher.py,ec2-user,FINISHED,32,3,0.05,2,"['ETH_D_AvgPrc', 'BTC_D_AvgPrc', 'BTC_OL_MinDif', 'BTC_OL_AvgTransFee', 'BTC_BIC_HshRt', 'LTC_D_AvgPrc', 'LTC_YF_Vol', 'LTC_OL_MinDif', 'LTC_BIC_HshRt']",16,2,7,28,0.01,7,0,04/03/2023,64,0.458646617,0.450053706,289.37198,0.15666995,113803.6795,0.451213372,321.3710145,17.36209148,352.4168713,0.189991483,149043.6725,0.452830189,386.061747,20.73129911,0
16/08/2025 14:57,15.0s,e3adfabce8fe4d1689fda2c65c1ef8ff,ETH_base_BTC_blk_LTC_blk,LOCAL,/home/ec2-user/ETH_Price_Predition/.venv/lib/python3.11/site-packages/ipykernel_launcher.py,ec2-user,FINISHED,32,1,0.05,4,"['ETH_D_AvgPrc', 'BTC_D_AvgPrc', 'BTC_OL_MinDif', 'BTC_OL_AvgTransFee', 'BTC_BIC_HshRt', 'LTC_D_AvgPrc', 'LTC_YF_Vol', 'LTC_OL_MinDif', 'LTC_BIC_HshRt']",32,2,3,28,0.01,7,2,04/03/2023,64,0.518796992,0.487647691,305.0704632,0.164218518,122083.0214,0.493725849,329.365652,17.60157404,494.4108426,0.266590987,267489.553,0.521126761,517.193922,27.76110395,0
16/08/2025 15:02,15.3s,c5fa6c66dc12481a9a813ab4c19653f6,ETH_base_BTC_blk_LTC_blk,LOCAL,/home/ec2-user/ETH_Price_Predition/.venv/lib/python3.11/site-packages/ipykernel_launcher.py,ec2-user,FINISHED,32,3,0.05,3,"['ETH_D_AvgPrc', 'BTC_D_AvgPrc', 'BTC_OL_MinDif', 'BTC_OL_AvgTransFee', 'BTC_BIC_HshRt', 'LTC_D_AvgPrc', 'LTC_YF_Vol', 'LTC_OL_MinDif', 'LTC_BIC_HshRt']",16,2,3,28,0.01,7,2,04/03/2023,64,0.488721805,0.487647691,318.586619,0.171116849,114582.532,0.491821155,336.8331401,17.91188251,318.5714825,0.171116261,110572.3786,0.492537313,332.5242527,17.70234781,0
16/08/2025 15:04,16.8s,927c3f06b7f94919805f24eb3b0615da,ETH_base_BTC_blk_LTC_blk,LOCAL,/home/ec2-user/ETH_Price_Predition/.venv/lib/python3.11/site-packages/ipykernel_launcher.py,ec2-user,FINISHED,32,3,0.05,7,"['ETH_D_AvgPrc', 'BTC_D_AvgPrc', 'BTC_OL_MinDif', 'BTC_OL_AvgTransFee', 'BTC_BIC_HshRt', 'LTC_D_AvgPrc', 'LTC_YF_Vol', 'LTC_OL_MinDif', 'LTC_BIC_HshRt']",32,2,7,28,0.01,7,2,04/03/2023,64,0.518796992,0.530612245,326.6021236,0.175278603,117707.2084,0.553597008,342.1319627,18.16297045,303.180505,0.162395882,99955.44119,0.538461538,316.1573045,16.74787291,0
16/08/2025 15:00,15.2s,c5ec1714007b4751a2e30302cad6c94c,ETH_base_BTC_blk_LTC_blk,LOCAL,/home/ec2-user/ETH_Price_Predition/.venv/lib/python3.11/site-packages/ipykernel_launcher.py,ec2-user,FINISHED,32,2,0.05,3,"['ETH_D_AvgPrc', 'BTC_D_AvgPrc', 'BTC_OL_MinDif', 'BTC_OL_AvgTransFee', 'BTC_BIC_HshRt', 'LTC_D_AvgPrc', 'LTC_YF_Vol', 'LTC_OL_MinDif', 'LTC_BIC_HshRt']",16,2,7,28,0.01,7,2,04/03/2023,64,0.466165414,0.518796992,332.8106017,0.178715282,125771.2963,0.525363525,347.8430818,18.4884436,434.0754902,0.233131482,199257.7252,0.46969697,446.3829356,23.79184482,0
16/08/2025 15:00,17.8s,770382e542504681b51fb62f4046aa4d,ETH_base_BTC_blk_LTC_blk,LOCAL,/home/ec2-user/ETH_Price_Predition/.venv/lib/python3.11/site-packages/ipykernel_launcher.py,ec2-user,FINISHED,32,2,0.05,5,"['ETH_D_AvgPrc', 'BTC_D_AvgPrc', 'BTC_OL_MinDif', 'BTC_OL_AvgTransFee', 'BTC_BIC_HshRt', 'LTC_D_AvgPrc', 'LTC_YF_Vol', 'LTC_OL_MinDif', 'LTC_BIC_HshRt']",32,2,3,28,0.01,7,0,04/03/2023,64,0.503759398,0.471535983,321.8437748,0.173237115,132700.2039,0.474781362,347.9688935,18.60151506,363.4605366,0.195574096,150552.3463,0.507936508,388.0107554,20.76564568,0
16/08/2025 15:03,16.3s,3003e4c6d9be4d02994ed096752de9e5,ETH_base_BTC_blk_LTC_blk,LOCAL,/home/ec2-user/ETH_Price_Predition/.venv/lib/python3.11/site-packages/ipykernel_launcher.py,ec2-user,FINISHED,32,3,0.05,1,"['ETH_D_AvgPrc', 'BTC_D_AvgPrc', 'BTC_OL_MinDif', 'BTC_OL_AvgTransFee', 'BTC_BIC_HshRt', 'LTC_D_AvgPrc', 'LTC_YF_Vol', 'LTC_OL_MinDif', 'LTC_BIC_HshRt']",32,2,3,28,0.01,7,0,04/03/2023,64,0.473684211,0.475832438,332.8126012,0.179668609,164451.3061,0.480003808,354.3801008,18.97705972,443.7416696,0.238701923,210151.6596,0.476923077,458.4230139,24.44818662,0
16/08/2025 15:02,16.5s,8a71174cdba64610a8c4e192b8e629ad,ETH_base_BTC_blk_LTC_blk,LOCAL,/home/ec2-user/ETH_Price_Predition/.venv/lib/python3.11/site-packages/ipykernel_launcher.py,ec2-user,FINISHED,32,3,0.05,1,"['ETH_D_AvgPrc', 'BTC_D_AvgPrc', 'BTC_OL_MinDif', 'BTC_OL_AvgTransFee', 'BTC_BIC_HshRt', 'LTC_D_AvgPrc', 'LTC_YF_Vol', 'LTC_OL_MinDif', 'LTC_BIC_HshRt']",16,2,3,28,0.01,7,0,04/03/2023,64,0.496240602,0.502685285,348.8558352,0.192630472,215887.0064,0.510425292,374.7328954,21.10640967,877.4688567,0.480053463,780172.4472,0.5,883.2737103,48.65213001,0
16/08/2025 14:55,14.6s,6734341a56ca4cf38a14e9ee9b88ba9a,ETH_base_BTC_blk_LTC_blk,LOCAL,/home/ec2-user/ETH_Price_Predition/.venv/lib/python3.11/site-packages/ipykernel_launcher.py,ec2-user,FINISHED,32,1,0.05,3,"['ETH_D_AvgPrc', 'BTC_D_AvgPrc', 'BTC_OL_MinDif', 'BTC_OL_AvgTransFee', 'BTC_BIC_HshRt', 'LTC_D_AvgPrc', 'LTC_YF_Vol', 'LTC_OL_MinDif', 'LTC_BIC_HshRt']",16,2,3,28,0.01,7,2,04/03/2023,64,0.503759398,0.491944146,359.5755335,0.193853581,153604.0018,0.496786766,379.4639263,20.34588378,535.2183473,0.288095477,312020.7598,0.507462687,558.5881844,29.93398404,0
16/08/2025 15:04,20.8s,14a35b5f7586430f9c4cb7969df94e26,ETH_base_BTC_blk_LTC_blk,LOCAL,/home/ec2-user/ETH_Price_Predition/.venv/lib/python3.11/site-packages/ipykernel_launcher.py,ec2-user,FINISHED,32,3,0.05,10,"['ETH_D_AvgPrc', 'BTC_D_AvgPrc', 'BTC_OL_MinDif', 'BTC_OL_AvgTransFee', 'BTC_BIC_HshRt', 'LTC_D_AvgPrc', 'LTC_YF_Vol', 'LTC_OL_MinDif', 'LTC_BIC_HshRt']",32,2,7,28,0.01,7,0,04/03/2023,64,0.496240602,0.495166488,365.7406753,0.204068657,148340.4082,0,382.2598851,21.8705258,339.4989319,0.188071596,125493.1602,0,354.2501379,20.06832086,0
16/08/2025 14:54,115ms,592f402cb1f343bb943cf807b6e5dc19,ETH_base_LTC_blk,LOCAL,/home/ec2-user/ETH_Price_Predition/.venv/lib/python3.11/site-packages/ipykernel_launcher.py,ec2-user,FAILED,,,,,,,,,,,,,,,,,,,,,,,,,,,,,0
16/08/2025 15:30,33.6s,d3a23a02984b4595bae59873fa02a0dc,ETH_base_sent_vader,LOCAL,/home/ec2-user/ETH_Price_Predition/.venv/lib/python3.11/site-packages/ipykernel_launcher.py,ec2-user,FINISHED,32,3,0.1,27,"['ETH_D_AvgPrc', 'D_VADER_AvgScr_Ex', 'D_VADER_Sent_AvgEx']",16,3,3,14,0.01,7,0,04/03/2023,32,0.458646617,0.481203008,61.33203459,0.033836348,6710.702571,0.486384247,78.81478221,4.416206605,81.78299226,0.045136942,11549.36342,0.461538462,107.4679646,6.059886955,1
16/08/2025 14:53,115ms,b5374e16d73e4a1ca3ac91e70514f4bb,ETH_base_LTC_blk,LOCAL,/home/ec2-user/ETH_Price_Predition/.venv/lib/python3.11/site-packages/ipykernel_launcher.py,ec2-user,FAILED,,,,,,,,,,,,,,,,,,,,,,,,,,,,,0
16/08/2025 14:45,30.1s,ddf9d1eca15a4ee0a86c4d3ae19f065d,ETH_base_LTC_blk,LOCAL,/home/ec2-user/ETH_Price_Predition/.venv/lib/python3.11/site-packages/ipykernel_launcher.py,ec2-user,FINISHED,32,1,0.1,42,"['ETH_D_AvgPrc', 'LTC_D_AvgPrc', 'LTC_YF_Vol', 'LTC_OL_MinDif', 'LTC_BIC_HshRt']",16,2,7,14,0.01,7,0,04/03/2023,32,0.473684211,0.496240602,64.09520396,0.035380889,7008.414397,0.501154663,82.1941021,4.627738081,85.68220394,0.046521802,11392.38846,0.476923077,106.7351323,5.843420254,0
16/08/2025 14:53,117ms,748e54d145c04cb4b95e2c4974bf6b9c,ETH_base_LTC_blk,LOCAL,/home/ec2-user/ETH_Price_Predition/.venv/lib/python3.11/site-packages/ipykernel_launcher.py,ec2-user,FAILED,,,,,,,,,,,,,,,,,,,,,,,,,,,,,0
16/08/2025 14:48,40.5s,5fb8615a7cb348deb84001d0f3da5460,ETH_base_LTC_blk,LOCAL,/home/ec2-user/ETH_Price_Predition/.venv/lib/python3.11/site-packages/ipykernel_launcher.py,ec2-user,FINISHED,32,1,0.1,74,"['ETH_D_AvgPrc', 'LTC_D_AvgPrc', 'LTC_YF_Vol', 'LTC_OL_MinDif', 'LTC_BIC_HshRt']",32,2,7,14,0.01,7,2,04/03/2023,32,0.390977444,0.500537057,62.8703943,0.034966162,6937.427833,0.505462213,82.82758398,4.750839938,76.71746482,0.0416915,9559.209655,0.405405405,97.77121077,5.361329653,0
16/08/2025 14:52,124ms,dd5837830b4141158e645b6be6bd48bf,ETH_base_LTC_blk,LOCAL,/home/ec2-user/ETH_Price_Predition/.venv/lib/python3.11/site-packages/ipykernel_launcher.py,ec2-user,FAILED,,,,,,,,,,,,,,,,,,,,,,,,,,,,,0
16/08/2025 14:49,29.6s,32f6e45e59154f698de5b18234590d1c,ETH_base_LTC_blk,LOCAL,/home/ec2-user/ETH_Price_Predition/.venv/lib/python3.11/site-packages/ipykernel_launcher.py,ec2-user,FINISHED,32,2,0.1,35,"['ETH_D_AvgPrc', 'LTC_D_AvgPrc', 'LTC_YF_Vol', 'LTC_OL_MinDif', 'LTC_BIC_HshRt']",16,2,3,14,0.01,7,0,04/03/2023,32,0.503759398,0.513426423,64.27077274,0.035492796,7092.656648,0.519022927,82.87626646,4.682768651,84.1920719,0.045469251,11439.31881,0.507692308,106.9547512,5.798184916,0
16/08/2025 14:45,25.6s,b1f4d302efad41a5ba1a1bbaff3a7a71,ETH_base_LTC_blk,LOCAL,/home/ec2-user/ETH_Price_Predition/.venv/lib/python3.11/site-packages/ipykernel_launcher.py,ec2-user,FINISHED,32,1,0.1,34,"['ETH_D_AvgPrc', 'LTC_D_AvgPrc', 'LTC_YF_Vol', 'LTC_OL_MinDif', 'LTC_BIC_HshRt']",16,2,3,14,0.01,7,2,04/03/2023,32,0.443609023,0.501611171,62.85124329,0.034524033,7329.674438,0.50606378,82.97961432,4.630421147,91.43265734,0.049442248,13242.28502,0.450704225,115.0751277,6.241413965,0
16/08/2025 14:51,16.0s,bbcc730bf70a4c31bd09d51ea7542677,ETH_base_LTC_blk,LOCAL,/home/ec2-user/ETH_Price_Predition/.venv/lib/python3.11/site-packages/ipykernel_launcher.py,ec2-user,FINISHED,32,2,0.1,6,"['ETH_D_AvgPrc', 'LTC_D_AvgPrc', 'LTC_YF_Vol', 'LTC_OL_MinDif', 'LTC_BIC_HshRt']",32,2,3,14,0.01,7,2,04/03/2023,32,0.496240602,0.489795918,62.7943146,0.03495302,7136.94353,0.495311681,83.83631733,4.845041507,72.55403608,0.039918975,8863.371281,0.5,94.14547934,5.320141926,0
16/08/2025 14:47,27.2s,615665f38ab3473180f42ca9b6c2558c,ETH_base_LTC_blk,LOCAL,/home/ec2-user/ETH_Price_Predition/.venv/lib/python3.11/site-packages/ipykernel_launcher.py,ec2-user,FINISHED,32,1,0.1,38,"['ETH_D_AvgPrc', 'LTC_D_AvgPrc', 'LTC_YF_Vol', 'LTC_OL_MinDif', 'LTC_BIC_HshRt']",32,2,3,14,0.01,7,2,04/03/2023,32,0.473684211,0.517722879,62.11753149,0.034444169,7333.510693,0.522607376,84.26328749,4.827553824,81.6590684,0.044223234,11382.33943,0.479452055,106.6880473,5.831313524,0
16/08/2025 14:52,19.9s,019b071ebd974b50a5188f6314dcd2c4,ETH_base_LTC_blk,LOCAL,/home/ec2-user/ETH_Price_Predition/.venv/lib/python3.11/site-packages/ipykernel_launcher.py,ec2-user,FINISHED,32,2,0.1,16,"['ETH_D_AvgPrc', 'LTC_D_AvgPrc', 'LTC_YF_Vol', 'LTC_OL_MinDif', 'LTC_BIC_HshRt']",32,2,7,14,0.01,7,2,04/03/2023,32,0.488721805,0.487647691,65.93363505,0.036437924,7706.839535,0.492799738,87.10045774,4.930396012,80.06056821,0.043461512,10302.58582,0.492307692,101.5016543,5.558671497,0
16/08/2025 14:50,25.0s,371faad7b35246c98a5589b14110ce4d,ETH_base_LTC_blk,LOCAL,/home/ec2-user/ETH_Price_Predition/.venv/lib/python3.11/site-packages/ipykernel_launcher.py,ec2-user,FINISHED,32,2,0.1,24,"['ETH_D_AvgPrc', 'LTC_D_AvgPrc', 'LTC_YF_Vol', 'LTC_OL_MinDif', 'LTC_BIC_HshRt']",32,2,3,14,0.01,7,0,04/03/2023,32,0.443609023,0.499462943,68.72777252,0.037962759,7872.43647,0.504589311,88.00216354,4.957715178,81.28206801,0.043947561,11252.14504,0.450704225,106.0761285,5.757146388,0
16/08/2025 14:49,17.5s,3824d8ffc83343f2818f84d753bd749b,ETH_base_LTC_blk,LOCAL,/home/ec2-user/ETH_Price_Predition/.venv/lib/python3.11/site-packages/ipykernel_launcher.py,ec2-user,FINISHED,32,2,0.1,9,"['ETH_D_AvgPrc', 'LTC_D_AvgPrc', 'LTC_YF_Vol', 'LTC_OL_MinDif', 'LTC_BIC_HshRt']",16,2,3,14,0.01,7,2,04/03/2023,32,0.503759398,0.481203008,64.70326628,0.036056128,8007.796243,0.487005748,88.91398389,5.14528673,75.47432324,0.041855652,10135.91925,0.506849315,100.6773025,5.784512795,0
16/08/2025 14:53,19.9s,d2e6d168d2f240d99253b970b6bb5f91,ETH_base_LTC_blk,LOCAL,/home/ec2-user/ETH_Price_Predition/.venv/lib/python3.11/site-packages/ipykernel_launcher.py,ec2-user,FINISHED,32,3,0.1,10,"['ETH_D_AvgPrc', 'LTC_D_AvgPrc', 'LTC_YF_Vol', 'LTC_OL_MinDif', 'LTC_BIC_HshRt']",32,2,3,14,0.01,7,0,04/03/2023,32,0.436090226,0.501611171,69.62693654,0.038264973,8419.227114,0.505561414,88.92927125,4.946503425,103.8826893,0.055941786,15920.4296,0.4375,126.1761848,6.758859153,0
16/08/2025 14:50,23.0s,aa50603512e64feabc392895e3a8ae7c,ETH_base_LTC_blk,LOCAL,/home/ec2-user/ETH_Price_Predition/.venv/lib/python3.11/site-packages/ipykernel_launcher.py,ec2-user,FINISHED,32,2,0.1,20,"['ETH_D_AvgPrc', 'LTC_D_AvgPrc', 'LTC_YF_Vol', 'LTC_OL_MinDif', 'LTC_BIC_HshRt']",16,2,7,14,0.01,7,0,04/03/2023,32,0.37593985,0.488721805,69.39115268,0.03844542,8212.352942,0.491322985,89.30668216,5.070112149,83.71379261,0.045800451,12069.01802,0.366666667,109.8590825,6.106273161,0
16/08/2025 14:51,21.8s,b410f93e947d4d1886a180be68aadb48,ETH_base_LTC_blk,LOCAL,/home/ec2-user/ETH_Price_Predition/.venv/lib/python3.11/site-packages/ipykernel_launcher.py,ec2-user,FINISHED,32,2,0.1,17,"['ETH_D_AvgPrc', 'LTC_D_AvgPrc', 'LTC_YF_Vol', 'LTC_OL_MinDif', 'LTC_BIC_HshRt']",32,2,7,14,0.01,7,0,04/03/2023,32,0.458646617,0.485499463,69.60680497,0.038495124,8285.604243,0.490515627,90.04980991,5.089133622,79.72400109,0.043765903,10773.62978,0.463768116,103.7960971,5.848514655,0
16/08/2025 14:50,15.4s,8255cff413334fb5a0707196c733c629,ETH_base_LTC_blk,LOCAL,/home/ec2-user/ETH_Price_Predition/.venv/lib/python3.11/site-packages/ipykernel_launcher.py,ec2-user,FINISHED,32,2,0.1,4,"['ETH_D_AvgPrc', 'LTC_D_AvgPrc', 'LTC_YF_Vol', 'LTC_OL_MinDif', 'LTC_BIC_HshRt']",16,2,7,14,0.01,7,2,04/03/2023,32,0.496240602,0.497314715,68.21113273,0.037873506,8503.805855,0.502473136,92.1099203,5.306320494,69.93527864,0.038583125,8829.541158,0.5,93.96563818,5.37868999,0
16/08/2025 14:52,25.3s,9f976312bdf44bdfaa4c108cec0d75bb,ETH_base_LTC_blk,LOCAL,/home/ec2-user/ETH_Price_Predition/.venv/lib/python3.11/site-packages/ipykernel_launcher.py,ec2-user,FINISHED,32,3,0.1,23,"['ETH_D_AvgPrc', 'LTC_D_AvgPrc', 'LTC_YF_Vol', 'LTC_OL_MinDif', 'LTC_BIC_HshRt']",16,2,3,14,0.01,7,0,04/03/2023,32,0.473684211,0.497314715,74.65558143,0.041203979,8746.728823,0.502744149,92.86664812,5.214807484,84.9856767,0.045964482,11696.3045,0.474576271,108.1494545,5.851089961,0
16/08/2025 14:48,17.9s,0c160f9417454b64a488b210eab36481,ETH_base_LTC_blk,LOCAL,/home/ec2-user/ETH_Price_Predition/.venv/lib/python3.11/site-packages/ipykernel_launcher.py,ec2-user,FINISHED,32,1,0.1,11,"['ETH_D_AvgPrc', 'LTC_D_AvgPrc', 'LTC_YF_Vol', 'LTC_OL_MinDif', 'LTC_BIC_HshRt']",32,2,7,14,0.01,7,0,04/03/2023,32,0.406015038,0.470461869,74.5752909,0.04096239,8976.027446,0.476106121,93.11509873,5.184123964,92.24022864,0.04987171,13301.14537,0.411764706,115.3305917,6.260598676,0
16/08/2025 14:45,18.2s,be1d5f4935164a558d09f8e6e54c5686,ETH_base_LTC_blk,LOCAL,/home/ec2-user/ETH_Price_Predition/.venv/lib/python3.11/site-packages/ipykernel_launcher.py,ec2-user,FINISHED,32,1,0.1,10,"['ETH_D_AvgPrc', 'LTC_D_AvgPrc', 'LTC_YF_Vol', 'LTC_OL_MinDif', 'LTC_BIC_HshRt']",16,2,3,14,0.01,7,0,04/03/2023,32,0.421052632,0.480128894,75.11276602,0.041302582,8917.369174,0.487178885,93.23456193,5.181222727,102.8200521,0.055470342,15077.1001,0.435897436,122.7888436,6.596506456,0
16/08/2025 14:46,16.0s,1a657578b27d4403814e87ba44f87eec,ETH_base_LTC_blk,LOCAL,/home/ec2-user/ETH_Price_Predition/.venv/lib/python3.11/site-packages/ipykernel_launcher.py,ec2-user,FINISHED,32,1,0.1,7,"['ETH_D_AvgPrc', 'LTC_D_AvgPrc', 'LTC_YF_Vol', 'LTC_OL_MinDif', 'LTC_BIC_HshRt']",16,2,7,14,0.01,7,2,04/03/2023,32,0.496240602,0.501611171,74.85997421,0.041239505,9065.584255,0.505925201,93.36237631,5.226011136,104.4371909,0.056345477,15648.37055,0.5,125.0934473,6.717008456,0
16/08/2025 14:52,19.0s,3e97a898aac443a988e2419094940ee1,ETH_base_LTC_blk,LOCAL,/home/ec2-user/ETH_Price_Predition/.venv/lib/python3.11/site-packages/ipykernel_launcher.py,ec2-user,FINISHED,32,3,0.1,8,"['ETH_D_AvgPrc', 'LTC_D_AvgPrc', 'LTC_YF_Vol', 'LTC_OL_MinDif', 'LTC_BIC_HshRt']",16,2,7,14,0.01,7,0,04/03/2023,32,0.428571429,0.482277121,76.88581522,0.042891714,9827.511411,0.486851914,98.85402341,5.695072372,75.85066464,0.041491902,9955.593848,0.434782609,99.7777222,5.579854465,0
16/08/2025 14:53,30.3s,7faecc60d3d3481396391cf2b007efb3,ETH_base_LTC_blk,LOCAL,/home/ec2-user/ETH_Price_Predition/.venv/lib/python3.11/site-packages/ipykernel_launcher.py,ec2-user,FINISHED,32,3,0.1,34,"['ETH_D_AvgPrc', 'LTC_D_AvgPrc', 'LTC_YF_Vol', 'LTC_OL_MinDif', 'LTC_BIC_HshRt']",32,2,7,14,0.01,7,0,04/03/2023,32,0.556390977,0.460794844,78.51592749,0.042974285,10184.80111,0.464671152,100.5637472,5.59242199,74.42757812,0.040556619,9470.327383,0.558823529,97.31560709,5.396202567,0
16/08/2025 14:32,104ms,096b210bcec34d369e8d04fdf3964398,ETH_base_BTC_blk,LOCAL,/home/ec2-user/ETH_Price_Predition/.venv/lib/python3.11/site-packages/ipykernel_launcher.py,ec2-user,FAILED,,,,,,,,,,,,,,,,,,,,,,,,,,,,,0
16/08/2025 15:36,18.4s,9c102ba650924d71ba3b9ec1af6f80f2,ETH_base_sent_finbert,LOCAL,/home/ec2-user/ETH_Price_Predition/.venv/lib/python3.11/site-packages/ipykernel_launcher.py,ec2-user,FINISHED,64,1,0.05,31,"['ETH_D_AvgPrc', 'D_FINBERT_AvgScr_Ex', 'D_FINBERT_Sent_AvgEx']",32,2,3,21,0.01,7,0,04/03/2023,32,0.406015038,0.485499463,62.20014614,0.034244071,6993.677626,0.490711825,81.35148173,4.532151348,80.4818581,0.044294257,11221.59896,0.411764706,105.9320488,5.892789649,1
16/08/2025 14:32,102ms,715390e4c00f4d808b79bd275d276392,ETH_base_BTC_blk,LOCAL,/home/ec2-user/ETH_Price_Predition/.venv/lib/python3.11/site-packages/ipykernel_launcher.py,ec2-user,FAILED,,,,,,,,,,,,,,,,,,,,,,,,,,,,,0
16/08/2025 14:30,18.8s,3be23b8968f54c0093d2602aee573b73,ETH_base_BTC_blk,LOCAL,/home/ec2-user/ETH_Price_Predition/.venv/lib/python3.11/site-packages/ipykernel_launcher.py,ec2-user,FINISHED,64,2,0,34,"['ETH_D_AvgPrc', 'BTC_D_AvgPrc', 'BTC_OL_MinDif', 'BTC_OL_AvgTransFee', 'BTC_BIC_HshRt']",32,2,7,7,0.001,7,0,04/03/2023,32,0.436090226,0.490870032,75.80465498,0.041491803,9453.875456,0.495512687,95.92101712,5.25132389,92.95985424,0.050618268,13534.09557,0.439393939,116.3361318,6.319378188,0
16/08/2025 14:31,103ms,27647ec6ff1c4f4c83bbcd8821e01045,ETH_base_BTC_blk,LOCAL,/home/ec2-user/ETH_Price_Predition/.venv/lib/python3.11/site-packages/ipykernel_launcher.py,ec2-user,FAILED,,,,,,,,,,,,,,,,,,,,,,,,,,,,,0
16/08/2025 14:31,25.8s,1f5d0a4f6dca43bfab472c3da9d1c498,ETH_base_BTC_blk,LOCAL,/home/ec2-user/ETH_Price_Predition/.venv/lib/python3.11/site-packages/ipykernel_launcher.py,ec2-user,FINISHED,64,3,0,60,"['ETH_D_AvgPrc', 'BTC_D_AvgPrc', 'BTC_OL_MinDif', 'BTC_OL_AvgTransFee', 'BTC_BIC_HshRt']",16,2,7,7,0.001,7,0,04/03/2023,32,0.421052632,0.499462943,76.44895114,0.041940956,9792.724192,0.503582961,98.1552584,5.411486393,88.3488602,0.048300851,12562.7025,0.424242424,112.0834622,6.151997804,0
16/08/2025 14:31,103ms,1abe510a21b44d04a91acbfc555b4ee8,ETH_base_BTC_blk,LOCAL,/home/ec2-user/ETH_Price_Predition/.venv/lib/python3.11/site-packages/ipykernel_launcher.py,ec2-user,FAILED,,,,,,,,,,,,,,,,,,,,,,,,,,,,,0
16/08/2025 14:29,20.3s,e6dd02c5d6474eff93d76e9e2896f344,ETH_base_BTC_blk,LOCAL,/home/ec2-user/ETH_Price_Predition/.venv/lib/python3.11/site-packages/ipykernel_launcher.py,ec2-user,FINISHED,64,1,0,49,"['ETH_D_AvgPrc', 'BTC_D_AvgPrc', 'BTC_OL_MinDif', 'BTC_OL_AvgTransFee', 'BTC_BIC_HshRt']",32,2,7,7,0.001,7,2,04/03/2023,32,0.473684211,0.518796992,78.56069084,0.042798892,10012.60362,0.522864836,98.81783709,5.378077824,101.0151539,0.054670658,15830.24336,0.47826087,125.818295,6.778648671,0
16/08/2025 14:31,110ms,fab9c733c6864b4f908a8541ef9cbaa1,ETH_base_BTC_blk,LOCAL,/home/ec2-user/ETH_Price_Predition/.venv/lib/python3.11/site-packages/ipykernel_launcher.py,ec2-user,FAILED,,,,,,,,,,,,,,,,,,,,,,,,,,,,,0
16/08/2025 14:31,19.2s,cd2951d30dfd4cdf83df8c220cc2fb8d,ETH_base_BTC_blk,LOCAL,/home/ec2-user/ETH_Price_Predition/.venv/lib/python3.11/site-packages/ipykernel_launcher.py,ec2-user,FINISHED,64,3,0,34,"['ETH_D_AvgPrc', 'BTC_D_AvgPrc', 'BTC_OL_MinDif', 'BTC_OL_AvgTransFee', 'BTC_BIC_HshRt']",32,2,3,7,0.001,7,0,04/03/2023,32,0.436090226,0.481203008,80.56064993,0.043993485,10620.41053,0.486390372,99.2416455,5.417342617,132.9499023,0.07147271,23897.40359,0.439393939,154.5878507,8.234753762,0
16/08/2025 14:30,104ms,56c5d4b6044a4570981561d047348dd8,ETH_base_BTC_blk,LOCAL,/home/ec2-user/ETH_Price_Predition/.venv/lib/python3.11/site-packages/ipykernel_launcher.py,ec2-user,FAILED,,,,,,,,,,,,,,,,,,,,,,,,,,,,,0
16/08/2025 14:29,14.4s,4e5eccf764c34f7d9a5cc1e0b7a11358,ETH_base_BTC_blk,LOCAL,/home/ec2-user/ETH_Price_Predition/.venv/lib/python3.11/site-packages/ipykernel_launcher.py,ec2-user,FINISHED,64,1,0,20,"['ETH_D_AvgPrc', 'BTC_D_AvgPrc', 'BTC_OL_MinDif', 'BTC_OL_AvgTransFee', 'BTC_BIC_HshRt']",32,2,7,7,0.001,7,0,04/03/2023,32,0.488721805,0.499462943,82.30999887,0.045238744,10698.52407,0.503955218,102.8522317,5.673899034,97.92862168,0.053377112,14418.60419,0.492307692,120.0774924,6.551839203,0
16/08/2025 14:30,107ms,33654fb9ea854471998f983b360c70bc,ETH_base_BTC_blk,LOCAL,/home/ec2-user/ETH_Price_Predition/.venv/lib/python3.11/site-packages/ipykernel_launcher.py,ec2-user,FAILED,,,,,,,,,,,,,,,,,,,,,,,,,,,,,0
16/08/2025 14:29,15.7s,370b9870e9c145d491231d3e293b70e3,ETH_base_BTC_blk,LOCAL,/home/ec2-user/ETH_Price_Predition/.venv/lib/python3.11/site-packages/ipykernel_launcher.py,ec2-user,FINISHED,64,2,0,21,"['ETH_D_AvgPrc', 'BTC_D_AvgPrc', 'BTC_OL_MinDif', 'BTC_OL_AvgTransFee', 'BTC_BIC_HshRt']",16,2,3,7,0.001,7,0,04/03/2023,32,0.428571429,0.470461869,84.46414326,0.045846802,10994.69892,0.477422108,103.254075,5.565633277,77.73924519,0.042337374,9983.43616,0.441558442,99.91714647,5.457539871,0
16/08/2025 14:30,104ms,9f6e7bf1d51f4d0ea1648c7a8132bb36,ETH_base_BTC_blk,LOCAL,/home/ec2-user/ETH_Price_Predition/.venv/lib/python3.11/site-packages/ipykernel_launcher.py,ec2-user,FAILED,,,,,,,,,,,,,,,,,,,,,,,,,,,,,0
16/08/2025 14:28,18.4s,b4387ad46d374a1ba3577a09acb4e35a,ETH_base_BTC_blk,LOCAL,/home/ec2-user/ETH_Price_Predition/.venv/lib/python3.11/site-packages/ipykernel_launcher.py,ec2-user,FINISHED,64,1,0,40,"['ETH_D_AvgPrc', 'BTC_D_AvgPrc', 'BTC_OL_MinDif', 'BTC_OL_AvgTransFee', 'BTC_BIC_HshRt']",32,2,3,7,0.001,7,2,04/03/2023,32,0.481203008,0.511278195,85.0083352,0.046234272,11088.37442,0.517268289,103.2984922,5.588662713,109.7796252,0.059270647,16919.56328,0.484848485,130.0752216,6.969219532,0
16/08/2025 14:28,13.5s,aa749b0eb3754dbb8701d4b8a1bdedf7,ETH_base_BTC_blk,LOCAL,/home/ec2-user/ETH_Price_Predition/.venv/lib/python3.11/site-packages/ipykernel_launcher.py,ec2-user,FINISHED,64,1,0,17,"['ETH_D_AvgPrc', 'BTC_D_AvgPrc', 'BTC_OL_MinDif', 'BTC_OL_AvgTransFee', 'BTC_BIC_HshRt']",16,2,7,7,0.001,7,2,04/03/2023,32,0.436090226,0.482277121,86.13649087,0.047163274,11486.21894,0.485633372,106.3175481,5.832802059,107.953893,0.058536292,17859.98012,0.433333333,133.6412366,7.22535936,0
16/08/2025 14:28,17.1s,f24003eb8ae64a94a68909c44d6f4964,ETH_base_BTC_blk,LOCAL,/home/ec2-user/ETH_Price_Predition/.venv/lib/python3.11/site-packages/ipykernel_launcher.py,ec2-user,FINISHED,64,1,0,31,"['ETH_D_AvgPrc', 'BTC_D_AvgPrc', 'BTC_OL_MinDif', 'BTC_OL_AvgTransFee', 'BTC_BIC_HshRt']",32,2,3,7,0.001,7,0,04/03/2023,32,0.473684211,0.494092374,89.42780695,0.048350631,12292.67202,0.497902842,107.8361475,5.784920623,131.5633676,0.070671769,22997.30432,0.478873239,151.6486212,8.08141985,0
16/08/2025 14:28,15.4s,7c429361bcfc4748b067b53528183144,ETH_base_BTC_blk,LOCAL,/home/ec2-user/ETH_Price_Predition/.venv/lib/python3.11/site-packages/ipykernel_launcher.py,ec2-user,FINISHED,64,1,0,24,"['ETH_D_AvgPrc', 'BTC_D_AvgPrc', 'BTC_OL_MinDif', 'BTC_OL_AvgTransFee', 'BTC_BIC_HshRt']",16,2,7,7,0.001,7,0,04/03/2023,32,0.496240602,0.491944146,91.63550028,0.049695841,12829.85537,0.496292476,109.9815419,5.932480474,127.7946435,0.068572109,22499.06023,0.5,149.9968674,7.968239937,0
16/08/2025 14:27,20.8s,e33b98c02f0447d6b12cc570fd34cf0d,ETH_base_BTC_blk,LOCAL,/home/ec2-user/ETH_Price_Predition/.venv/lib/python3.11/site-packages/ipykernel_launcher.py,ec2-user,FINISHED,64,1,0,49,"['ETH_D_AvgPrc', 'BTC_D_AvgPrc', 'BTC_OL_MinDif', 'BTC_OL_AvgTransFee', 'BTC_BIC_HshRt']",16,2,3,7,0.001,7,2,04/03/2023,32,0.458646617,0.501611171,93.06069668,0.050418272,13034.62111,0.506344599,111.5554041,5.997997335,116.1102302,0.062691665,19412.15457,0.463768116,139.3275083,7.462217592,0
16/08/2025 14:30,12.1s,e4ef220fc8c34b908958aa58588544eb,ETH_base_BTC_blk,LOCAL,/home/ec2-user/ETH_Price_Predition/.venv/lib/python3.11/site-packages/ipykernel_launcher.py,ec2-user,FINISHED,64,2,0,6,"['ETH_D_AvgPrc', 'BTC_D_AvgPrc', 'BTC_OL_MinDif', 'BTC_OL_AvgTransFee', 'BTC_BIC_HshRt']",32,2,3,7,0.001,7,0,04/03/2023,32,0.488721805,0.487647691,100.1281867,0.054352496,14998.71587,0.491913863,121.2669782,6.56166089,91.93955202,0.04997311,13685.72014,0.493150685,116.9859827,6.365096204,0
16/08/2025 14:27,12.1s,494059f310e942b6b11434fb9cdde6d8,ETH_base_BTC_blk,LOCAL,/home/ec2-user/ETH_Price_Predition/.venv/lib/python3.11/site-packages/ipykernel_launcher.py,ec2-user,FINISHED,64,1,0,10,"['ETH_D_AvgPrc', 'BTC_D_AvgPrc', 'BTC_OL_MinDif', 'BTC_OL_AvgTransFee', 'BTC_BIC_HshRt']",16,2,3,7,0.001,7,0,04/03/2023,32,0.488721805,0.502685285,99.75524391,0.054702172,15443.57622,0.507233212,123.5949886,6.806719387,96.32362744,0.052914054,13856.2997,0.492957746,117.7127848,6.569777112,0
16/08/2025 14:31,13.0s,ad46cbbb0ba54d76b93516211f7fc54c,ETH_base_BTC_blk,LOCAL,/home/ec2-user/ETH_Price_Predition/.venv/lib/python3.11/site-packages/ipykernel_launcher.py,ec2-user,FINISHED,64,3,0,8,"['ETH_D_AvgPrc', 'BTC_D_AvgPrc', 'BTC_OL_MinDif', 'BTC_OL_AvgTransFee', 'BTC_BIC_HshRt']",16,2,3,7,0.001,7,0,04/03/2023,32,0.488721805,0.513426423,102.2530774,0.055964012,16137.50615,0.518219,124.7384986,6.837595391,134.7056364,0.073157087,26382.79555,0.492063492,162.4278164,8.823315308,0
16/08/2025 14:30,14.1s,3ebd9cd6887641c0a46a5ea072b11490,ETH_base_BTC_blk,LOCAL,/home/ec2-user/ETH_Price_Predition/.venv/lib/python3.11/site-packages/ipykernel_launcher.py,ec2-user,FINISHED,64,2,0,14,"['ETH_D_AvgPrc', 'BTC_D_AvgPrc', 'BTC_OL_MinDif', 'BTC_OL_AvgTransFee', 'BTC_BIC_HshRt']",16,2,7,7,0.001,7,0,04/03/2023,32,0.466165414,0.496240602,111.3712839,0.060440692,18792.30311,0.50089702,132.4211011,7.162572189,140.7018215,0.075883305,28536.80895,0.46875,168.9284137,9.076471534,0
16/08/2025 14:25,116ms,bca6a4345cc6443a80aa4c0563a49d59,ETH_base,LOCAL,/home/ec2-user/ETH_Price_Predition/.venv/lib/python3.11/site-packages/ipykernel_launcher.py,ec2-user,FAILED,,,,,,,,,,,,,,,,,,,,,,,,,,,,,0
16/08/2025 14:10,35.0s,645934abf2dc473394eb149dab380e5b,ETH_base_ETH_blk,LOCAL,/home/ec2-user/ETH_Price_Predition/.venv/lib/python3.11/site-packages/ipykernel_launcher.py,ec2-user,FINISHED,32,3,0.1,47,"['ETH_D_AvgPrc', 'ETH_D_PrcDir', 'ETH_YF_Vol', 'ETH_ES_AvgTransFee', 'ETH_ES_BlkTm', 'ETH_ES_GasUsd', 'ETH_ES_AvgGasPrc']",16,2,3,7,0.01,7,0,04/03/2023,64,0.458646617,0.517722879,71.17319699,0.039204013,8248.892829,0.521621987,89.11697185,4.942252391,89.36644108,0.048830871,12964.13624,0.461538462,113.8601609,6.226303371,1
16/08/2025 14:24,122ms,7b84138a36b9477b8ccb34a1d3f936e9,ETH_base,LOCAL,/home/ec2-user/ETH_Price_Predition/.venv/lib/python3.11/site-packages/ipykernel_launcher.py,ec2-user,FAILED,,,,,,,,,,,,,,,,,,,,,,,,,,,,,0
16/08/2025 14:18,55.5s,bee1d72d47ea4038b2a0807ad18cc6ac,ETH_base,LOCAL,/home/ec2-user/ETH_Price_Predition/.venv/lib/python3.11/site-packages/ipykernel_launcher.py,ec2-user,FINISHED,32,2,0.05,75,['ETH_D_AvgPrc'],16,3,3,14,0.01,7,0,04/03/2023,32,0.45112782,0.498388829,54.07946561,0.029695668,5551.29433,0.503763126,71.39443215,3.950233845,74.65602858,0.04099485,9707.846772,0.453125,98.52840592,5.461403514,0
16/08/2025 14:24,115ms,1535f62fda4f45e49f943c0073070cde,ETH_base,LOCAL,/home/ec2-user/ETH_Price_Predition/.venv/lib/python3.11/site-packages/ipykernel_launcher.py,ec2-user,FAILED,,,,,,,,,,,,,,,,,,,,,,,,,,,,,0
16/08/2025 14:16,49.2s,6acecbc8e40144ba9ba555f818f680b7,ETH_base,LOCAL,/home/ec2-user/ETH_Price_Predition/.venv/lib/python3.11/site-packages/ipykernel_launcher.py,ec2-user,FINISHED,32,1,0.05,69,['ETH_D_AvgPrc'],32,3,3,14,0.01,7,0,04/03/2023,32,0.458646617,0.489795918,54.23102849,0.029740842,5616.84271,0.49478458,71.74453879,3.963927865,74.74373564,0.040724254,9842.817757,0.461538462,99.21097599,5.418458215,0
16/08/2025 14:23,116ms,a336bf93ef5d48ac96058a51e00b0252,ETH_base,LOCAL,/home/ec2-user/ETH_Price_Predition/.venv/lib/python3.11/site-packages/ipykernel_launcher.py,ec2-user,FAILED,,,,,,,,,,,,,,,,,,,,,,,,,,,,,0
16/08/2025 14:13,35.4s,83ee03377f914a3ca65f9f2181c59e6d,ETH_base,LOCAL,/home/ec2-user/ETH_Price_Predition/.venv/lib/python3.11/site-packages/ipykernel_launcher.py,ec2-user,FINISHED,32,1,0.05,39,['ETH_D_AvgPrc'],16,3,3,14,0.01,7,0,04/03/2023,32,0.466165414,0.503759398,54.41217225,0.029933837,5740.13335,0.508962912,71.83372444,3.984187552,76.9178492,0.042129118,10457.44916,0.46875,102.26167,5.633439384,0
16/08/2025 14:15,31.8s,43b341cae1494c10803028492613bf71,ETH_base,LOCAL,/home/ec2-user/ETH_Price_Predition/.venv/lib/python3.11/site-packages/ipykernel_launcher.py,ec2-user,FINISHED,32,1,0.05,35,['ETH_D_AvgPrc'],16,3,7,14,0.01,7,2,04/03/2023,32,0.458646617,0.483351235,55.57770988,0.030597146,5858.01666,0.487777648,73.13951277,4.069049209,76.4275024,0.041968158,10459.51339,0.462686567,102.2717624,5.67084374,0
16/08/2025 14:17,35.4s,f1d08c904b514d73b81e922ed5cb092c,ETH_base,LOCAL,/home/ec2-user/ETH_Price_Predition/.venv/lib/python3.11/site-packages/ipykernel_launcher.py,ec2-user,FINISHED,32,1,0.05,39,['ETH_D_AvgPrc'],32,3,7,14,0.01,7,0,04/03/2023,32,0.473684211,0.495166488,56.3664318,0.031298911,5903.261959,0.500461727,73.66077837,4.18077619,79.00669023,0.043654736,10826.96481,0.47761194,104.0527021,5.844782826,0
16/08/2025 14:14,32.1s,8627ec461f604d659267ab7883672ce6,ETH_base,LOCAL,/home/ec2-user/ETH_Price_Predition/.venv/lib/python3.11/site-packages/ipykernel_launcher.py,ec2-user,FINISHED,32,1,0.05,36,['ETH_D_AvgPrc'],16,3,3,14,0.01,7,2,04/03/2023,32,0.466165414,0.468313641,55.92442451,0.030804693,6029.711181,0.473270541,73.82071922,4.10175698,77.63851653,0.042666621,10786.9366,0.470588235,103.8601781,5.754267891,0
16/08/2025 14:17,21.0s,c587ca50d0014b0f96abd941f7d136d9,ETH_base,LOCAL,/home/ec2-user/ETH_Price_Predition/.venv/lib/python3.11/site-packages/ipykernel_launcher.py,ec2-user,FINISHED,32,1,0.05,12,['ETH_D_AvgPrc'],32,3,3,14,0.01,7,2,04/03/2023,32,0.413533835,0.476906552,55.86111263,0.030821984,5970.074491,0.481654446,73.84538209,4.122811443,76.50853781,0.042132839,10475.67277,0.417910448,102.3507341,5.705368951,0
16/08/2025 14:20,32.0s,bcef9a485c9e48e0a4447b5675c41166,ETH_base,LOCAL,/home/ec2-user/ETH_Price_Predition/.venv/lib/python3.11/site-packages/ipykernel_launcher.py,ec2-user,FINISHED,32,2,0.05,29,['ETH_D_AvgPrc'],32,3,3,14,0.01,7,0,04/03/2023,32,0.466165414,0.487647691,56.55749112,0.03118897,6088.992235,0.492575206,74.00549425,4.121229465,81.10026952,0.044612076,11371.26315,0.46875,106.636125,5.919992167,0
16/08/2025 14:22,29.6s,8a150bb0fbd944a89b4c581f28401e89,ETH_base,LOCAL,/home/ec2-user/ETH_Price_Predition/.venv/lib/python3.11/site-packages/ipykernel_launcher.py,ec2-user,FINISHED,32,2,0.05,29,['ETH_D_AvgPrc'],32,3,7,14,0.01,7,2,04/03/2023,32,0.413533835,0.491944146,56.67703447,0.031184303,5959.371875,0.496415771,74.10154138,4.127518042,75.86684768,0.041471538,10169.98021,0.412698413,100.8463198,5.559663327,0
16/08/2025 14:21,41.3s,601ee06e59f74431b60dbe38be6b88e4,ETH_base,LOCAL,/home/ec2-user/ETH_Price_Predition/.venv/lib/python3.11/site-packages/ipykernel_launcher.py,ec2-user,FINISHED,32,2,0.05,47,['ETH_D_AvgPrc'],32,3,7,14,0.01,7,0,04/03/2023,32,0.436090226,0.473684211,56.55802647,0.031043725,6034.216429,0.477743384,74.21477737,4.098637145,77.43235997,0.042271972,10650.67334,0.4375,103.2020995,5.656040413,0
16/08/2025 14:24,33.2s,862c6b18f4d6460c99b46330cd9cedf7,ETH_base,LOCAL,/home/ec2-user/ETH_Price_Predition/.venv/lib/python3.11/site-packages/ipykernel_launcher.py,ec2-user,FINISHED,32,3,0.05,29,['ETH_D_AvgPrc'],32,3,3,14,0.01,7,0,04/03/2023,32,0.436090226,0.486573577,57.93418247,0.032149887,6106.780071,0.49079229,75.14581218,4.255484425,77.18273123,0.042546077,10234.70189,0.4375,101.1667034,5.655938699,0
16/08/2025 14:23,34.8s,134ae4753bdc486eb8cf68f1b67b1004,ETH_base,LOCAL,/home/ec2-user/ETH_Price_Predition/.venv/lib/python3.11/site-packages/ipykernel_launcher.py,ec2-user,FINISHED,32,3,0.05,32,['ETH_D_AvgPrc'],16,3,3,14,0.01,7,0,04/03/2023,32,0.436090226,0.486573577,56.95423714,0.031265378,6254.440367,0.491239567,75.18277897,4.152773453,79.77737427,0.043787952,11175.30327,0.439393939,105.713307,5.844176249,0
16/08/2025 14:19,28.5s,67c22444272e4420a45c71fd8aeabce2,ETH_base,LOCAL,/home/ec2-user/ETH_Price_Predition/.venv/lib/python3.11/site-packages/ipykernel_launcher.py,ec2-user,FINISHED,32,2,0.05,28,['ETH_D_AvgPrc'],16,3,3,14,0.01,7,2,04/03/2023,32,0.466165414,0.486573577,59.08833682,0.032361373,6098.944709,0.491836735,75.79827468,4.169320057,78.46308819,0.042892709,10218.27683,0.471428571,101.0854927,5.56239689,0
16/08/2025 14:20,24.3s,7a0373325de3441191ef4aa248f955b8,ETH_base,LOCAL,/home/ec2-user/ETH_Price_Predition/.venv/lib/python3.11/site-packages/ipykernel_launcher.py,ec2-user,FINISHED,32,2,0.05,18,['ETH_D_AvgPrc'],16,3,7,14,0.01,7,2,04/03/2023,32,0.443609023,0.476906552,58.50922221,0.032211206,6388.258079,0.482433733,76.38093527,4.247388398,81.25299692,0.044732096,11778.04507,0.450704225,108.5267021,6.041970692,0
16/08/2025 14:18,21.9s,9b2fb19998db4bfa9e7e9d3968f83ed5,ETH_base,LOCAL,/home/ec2-user/ETH_Price_Predition/.venv/lib/python3.11/site-packages/ipykernel_launcher.py,ec2-user,FINISHED,32,1,0.05,13,['ETH_D_AvgPrc'],32,3,7,14,0.01,7,2,04/03/2023,32,0.436090226,0.480128894,58.87415724,0.032283555,6578.107555,0.486177659,78.12873543,4.306880032,79.56282284,0.043765025,11577.50139,0.442857143,107.5987983,5.977607823,0
16/08/2025 14:24,36.3s,8f1f28c4c37642f7b872b145c41a501e,ETH_base,LOCAL,/home/ec2-user/ETH_Price_Predition/.venv/lib/python3.11/site-packages/ipykernel_launcher.py,ec2-user,FINISHED,32,3,0.05,34,['ETH_D_AvgPrc'],32,3,7,14,0.01,7,0,04/03/2023,32,0.436090226,0.469387755,59.67553127,0.032823271,6658.152158,0.475395531,78.52772275,4.355472969,78.81701821,0.043280548,11373.89654,0.441176471,106.6484718,5.916456839,0
16/08/2025 14:23,23.2s,fb3267b7372841a4b565a747a41a0ec8,ETH_base,LOCAL,/home/ec2-user/ETH_Price_Predition/.venv/lib/python3.11/site-packages/ipykernel_launcher.py,ec2-user,FINISHED,32,3,0.05,10,['ETH_D_AvgPrc'],16,3,7,14,0.01,7,0,04/03/2023,32,0.428571429,0.473684211,63.90286717,0.035010313,7304.373371,0.47739676,83.87487272,4.620052574,79.00555672,0.04351797,11361.52822,0.428571429,106.5904696,5.958953409,0
16/08/2025 14:21,17.7s,c31310dc8c024bc3a3e7b0442b3b9bf4,ETH_base,LOCAL,/home/ec2-user/ETH_Price_Predition/.venv/lib/python3.11/site-packages/ipykernel_launcher.py,ec2-user,FINISHED,32,2,0.05,3,['ETH_D_AvgPrc'],32,3,3,14,0.01,7,2,04/03/2023,32,0.488721805,0.477980666,65.54592912,0.036078309,7344.765935,0.484263941,84.89168397,4.717460764,76.80297324,0.042136943,9859.01928,0.492957746,99.29259428,5.518321211,0
16/08/2025 14:20,23.4s,3facdd8bdd8241b1b1d60911b11b97f8,ETH_base,LOCAL,/home/ec2-user/ETH_Price_Predition/.venv/lib/python3.11/site-packages/ipykernel_launcher.py,ec2-user,FINISHED,32,2,0.05,11,['ETH_D_AvgPrc'],16,3,7,14,0.01,7,0,04/03/2023,32,0.443609023,0.470461869,65.17832014,0.035716585,7758.771877,0.47401912,85.92312347,4.732066925,81.02731644,0.044425292,11770.89291,0.444444444,108.4937459,5.989882746,0
16/08/2025 14:12,104ms,2aba65e44a574256832a4b49cdb5841b,ETH_base_ETH_blk,LOCAL,/home/ec2-user/ETH_Price_Predition/.venv/lib/python3.11/site-packages/ipykernel_launcher.py,ec2-user,FAILED,,,,,,,,,,,,,,,,,,,,,,,,,,,,,0
16/08/2025 14:32,21.6s,e52f1d75b35048b09fd1ee74456e0cbd,ETH_base_BTC_blk,LOCAL,/home/ec2-user/ETH_Price_Predition/.venv/lib/python3.11/site-packages/ipykernel_launcher.py,ec2-user,FINISHED,64,3,0,43,"['ETH_D_AvgPrc', 'BTC_D_AvgPrc', 'BTC_OL_MinDif', 'BTC_OL_AvgTransFee', 'BTC_BIC_HshRt']",32,2,7,7,0.001,7,0,04/03/2023,32,0.45112782,0.486573577,74.43869802,0.040773783,8884.947098,0.491022445,92.47226058,5.081265359,103.1951604,0.055714295,15595.46123,0.453125,124.881789,6.692586797,1
16/08/2025 14:12,103ms,1c743465ed7b4a3d982faa670cafd44f,ETH_base_ETH_blk,LOCAL,/home/ec2-user/ETH_Price_Predition/.venv/lib/python3.11/site-packages/ipykernel_launcher.py,ec2-user,FAILED,,,,,,,,,,,,,,,,,,,,,,,,,,,,,0
16/08/2025 14:11,35.5s,92d0bfb3efaa4e25bc4a94832c3c5a62,ETH_base_ETH_blk,LOCAL,/home/ec2-user/ETH_Price_Predition/.venv/lib/python3.11/site-packages/ipykernel_launcher.py,ec2-user,FINISHED,32,3,0.1,50,"['ETH_D_AvgPrc', 'ETH_D_PrcDir', 'ETH_YF_Vol', 'ETH_ES_AvgTransFee', 'ETH_ES_BlkTm', 'ETH_ES_GasUsd', 'ETH_ES_AvgGasPrc']",32,2,3,7,0.01,7,0,04/03/2023,64,0.488721805,0.512352309,68.97243368,0.037873478,8724.838448,0.518679763,90.63081462,4.996640869,91.02045435,0.049631801,14154.38387,0.492063492,118.9721979,6.491096976,0
16/08/2025 14:11,104ms,7554e05e6717463bae042f366dbb18c5,ETH_base_ETH_blk,LOCAL,/home/ec2-user/ETH_Price_Predition/.venv/lib/python3.11/site-packages/ipykernel_launcher.py,ec2-user,FAILED,,,,,,,,,,,,,,,,,,,,,,,,,,,,,0
16/08/2025 14:08,34.7s,44c9b00c87d340d2a9fc3ff1101b41dd,ETH_base_ETH_blk,LOCAL,/home/ec2-user/ETH_Price_Predition/.venv/lib/python3.11/site-packages/ipykernel_launcher.py,ec2-user,FINISHED,32,2,0.1,49,"['ETH_D_AvgPrc', 'ETH_D_PrcDir', 'ETH_YF_Vol', 'ETH_ES_AvgTransFee', 'ETH_ES_BlkTm', 'ETH_ES_GasUsd', 'ETH_ES_AvgGasPrc']",16,2,3,7,0.01,7,0,04/03/2023,64,0.45112782,0.488721805,75.34354998,0.041394322,9757.824361,0.492696723,95.01743872,5.248072677,101.7968449,0.056005902,15877.84908,0.451612903,126.0073374,7.004030606,0
16/08/2025 14:11,112ms,625ea4c613b94f9497133d1ea73ffb57,ETH_base_ETH_blk,LOCAL,/home/ec2-user/ETH_Price_Predition/.venv/lib/python3.11/site-packages/ipykernel_launcher.py,ec2-user,FAILED,,,,,,,,,,,,,,,,,,,,,,,,,,,,,0
16/08/2025 14:10,35.7s,bb51c07f81154abaa5090dd25fdb3a8d,ETH_base_ETH_blk,LOCAL,/home/ec2-user/ETH_Price_Predition/.venv/lib/python3.11/site-packages/ipykernel_launcher.py,ec2-user,FINISHED,32,2,0.1,53,"['ETH_D_AvgPrc', 'ETH_D_PrcDir', 'ETH_YF_Vol', 'ETH_ES_AvgTransFee', 'ETH_ES_BlkTm', 'ETH_ES_GasUsd', 'ETH_ES_AvgGasPrc']",32,2,7,7,0.01,7,0,04/03/2023,64,0.458646617,0.491944146,77.92654999,0.042446901,9954.066129,0.496422583,96.57808219,5.242475163,109.4251858,0.059151798,17963.85152,0.463768116,134.0292935,7.190097147,0
16/08/2025 14:10,105ms,9bf650702d664dccbb8fabf8b61b557b,ETH_base_ETH_blk,LOCAL,/home/ec2-user/ETH_Price_Predition/.venv/lib/python3.11/site-packages/ipykernel_launcher.py,ec2-user,FAILED,,,,,,,,,,,,,,,,,,,,,,,,,,,,,0
16/08/2025 14:08,32.5s,78b8f4aa4fb04cb48b4231fec719d706,ETH_base_ETH_blk,LOCAL,/home/ec2-user/ETH_Price_Predition/.venv/lib/python3.11/site-packages/ipykernel_launcher.py,ec2-user,FINISHED,32,1,0.1,53,"['ETH_D_AvgPrc', 'ETH_D_PrcDir', 'ETH_YF_Vol', 'ETH_ES_AvgTransFee', 'ETH_ES_BlkTm', 'ETH_ES_GasUsd', 'ETH_ES_AvgGasPrc']",32,2,7,7,0.01,7,2,04/03/2023,64,0.443609023,0.476906552,77.23476055,0.042387464,10366.66443,0.481122516,98.7714632,5.438825248,99.60130299,0.054507421,16528.90522,0.447761194,128.56479,7.075883366,0
16/08/2025 14:10,105ms,7c7777f23e024034b0ad53b524b70368,ETH_base_ETH_blk,LOCAL,/home/ec2-user/ETH_Price_Predition/.venv/lib/python3.11/site-packages/ipykernel_launcher.py,ec2-user,FAILED,,,,,,,,,,,,,,,,,,,,,,,,,,,,,0
16/08/2025 14:12,28.2s,6c528b603669412c9d75679771184b01,ETH_base_ETH_blk,LOCAL,/home/ec2-user/ETH_Price_Predition/.venv/lib/python3.11/site-packages/ipykernel_launcher.py,ec2-user,FINISHED,32,3,0.1,33,"['ETH_D_AvgPrc', 'ETH_D_PrcDir', 'ETH_YF_Vol', 'ETH_ES_AvgTransFee', 'ETH_ES_BlkTm', 'ETH_ES_GasUsd', 'ETH_ES_AvgGasPrc']",32,2,7,7,0.01,7,0,04/03/2023,64,0.406015038,0.486573577,77.97460485,0.042497414,10606.95268,0.491621282,99.42833511,5.403016916,112.4610763,0.060881155,19840.57898,0.409090909,140.8565901,7.588317072,0
16/08/2025 14:09,104ms,03693c0550d0478fa1518785d2cd95ef,ETH_base_ETH_blk,LOCAL,/home/ec2-user/ETH_Price_Predition/.venv/lib/python3.11/site-packages/ipykernel_launcher.py,ec2-user,FAILED,,,,,,,,,,,,,,,,,,,,,,,,,,,,,0
16/08/2025 14:07,28.8s,792999555f00466c84b5c209681932fb,ETH_base_ETH_blk,LOCAL,/home/ec2-user/ETH_Price_Predition/.venv/lib/python3.11/site-packages/ipykernel_launcher.py,ec2-user,FINISHED,32,1,0.1,41,"['ETH_D_AvgPrc', 'ETH_D_PrcDir', 'ETH_YF_Vol', 'ETH_ES_AvgTransFee', 'ETH_ES_BlkTm', 'ETH_ES_GasUsd', 'ETH_ES_AvgGasPrc']",32,2,7,7,0.01,7,0,04/03/2023,64,0.443609023,0.494092374,81.64017966,0.044544394,11183.17355,0.4998827,101.3835341,5.510674065,118.2131685,0.063915115,21261.94195,0.447761194,145.8147522,7.82133016,0
16/08/2025 14:09,102ms,2ded70f98b4b4ac8ab5ca872ce7de5b3,ETH_base_ETH_blk,LOCAL,/home/ec2-user/ETH_Price_Predition/.venv/lib/python3.11/site-packages/ipykernel_launcher.py,ec2-user,FAILED,,,,,,,,,,,,,,,,,,,,,,,,,,,,,0
16/08/2025 14:11,20.3s,c9ff4a632c3645adaf46292879561724,ETH_base_ETH_blk,LOCAL,/home/ec2-user/ETH_Price_Predition/.venv/lib/python3.11/site-packages/ipykernel_launcher.py,ec2-user,FINISHED,32,3,0.1,14,"['ETH_D_AvgPrc', 'ETH_D_PrcDir', 'ETH_YF_Vol', 'ETH_ES_AvgTransFee', 'ETH_ES_BlkTm', 'ETH_ES_GasUsd', 'ETH_ES_AvgGasPrc']",16,2,7,7,0.01,7,0,04/03/2023,64,0.45112782,0.491944146,82.15790805,0.044946985,10774.07999,0.496897852,101.5072584,5.568262645,102.0844619,0.05572603,16456.23549,0.454545455,128.2818596,7.019290274,0
16/08/2025 14:07,15.8s,86b33395e00e41169c0d8beec4b46f29,ETH_base_ETH_blk,LOCAL,/home/ec2-user/ETH_Price_Predition/.venv/lib/python3.11/site-packages/ipykernel_launcher.py,ec2-user,FINISHED,32,1,0.1,7,"['ETH_D_AvgPrc', 'ETH_D_PrcDir', 'ETH_YF_Vol', 'ETH_ES_AvgTransFee', 'ETH_ES_BlkTm', 'ETH_ES_GasUsd', 'ETH_ES_AvgGasPrc']",32,2,3,7,0.01,7,0,04/03/2023,64,0.436090226,0.473684211,82.94559866,0.045321274,11449.13949,0.480159843,102.6744404,5.615331061,116.9289507,0.063594224,21251.50264,0.441176471,145.7789513,7.920332929,0
16/08/2025 14:06,27.6s,0c3fb48b9c1e4ffa9d4ee281c1b5edd0,ETH_base_ETH_blk,LOCAL,/home/ec2-user/ETH_Price_Predition/.venv/lib/python3.11/site-packages/ipykernel_launcher.py,ec2-user,FINISHED,32,1,0.1,39,"['ETH_D_AvgPrc', 'ETH_D_PrcDir', 'ETH_YF_Vol', 'ETH_ES_AvgTransFee', 'ETH_ES_BlkTm', 'ETH_ES_GasUsd', 'ETH_ES_AvgGasPrc']",16,2,7,7,0.01,7,0,04/03/2023,64,0.428571429,0.505907626,80.929232,0.04425866,11163.68679,0.509890164,102.7703489,5.624478647,107.2429977,0.058259617,19553.3229,0.428571429,139.8331967,7.585133995,0
16/08/2025 14:05,18.7s,8cdd27aa7f0a44af9da801cf290cab95,ETH_base_ETH_blk,LOCAL,/home/ec2-user/ETH_Price_Predition/.venv/lib/python3.11/site-packages/ipykernel_launcher.py,ec2-user,FINISHED,32,1,0.1,10,"['ETH_D_AvgPrc', 'ETH_D_PrcDir', 'ETH_YF_Vol', 'ETH_ES_AvgTransFee', 'ETH_ES_BlkTm', 'ETH_ES_GasUsd', 'ETH_ES_AvgGasPrc']",16,2,3,7,0.01,7,0,04/03/2023,64,0.421052632,0.473684211,84.56722914,0.046123656,11720.02856,0.478953342,105.2003488,5.730225384,110.9544258,0.060389194,19452.92727,0.426470588,139.4737512,7.579572574,0
16/08/2025 14:05,19.2s,3d59438de9a74828a4fff880d64ad0e1,ETH_base_ETH_blk,LOCAL,/home/ec2-user/ETH_Price_Predition/.venv/lib/python3.11/site-packages/ipykernel_launcher.py,ec2-user,FINISHED,32,1,0.1,17,"['ETH_D_AvgPrc', 'ETH_D_PrcDir', 'ETH_YF_Vol', 'ETH_ES_AvgTransFee', 'ETH_ES_BlkTm', 'ETH_ES_GasUsd', 'ETH_ES_AvgGasPrc']",16,2,3,7,0.01,7,2,04/03/2023,64,0.466165414,0.488721805,83.98021104,0.045855429,11850.59485,0.493943417,105.2691603,5.738460748,114.023831,0.06221149,20151.212,0.46969697,141.9549647,7.762207175,0
16/08/2025 14:07,27.3s,a40a21577470413d83390729f4f7e372,ETH_base_ETH_blk,LOCAL,/home/ec2-user/ETH_Price_Predition/.venv/lib/python3.11/site-packages/ipykernel_launcher.py,ec2-user,FINISHED,32,1,0.1,40,"['ETH_D_AvgPrc', 'ETH_D_PrcDir', 'ETH_YF_Vol', 'ETH_ES_AvgTransFee', 'ETH_ES_BlkTm', 'ETH_ES_GasUsd', 'ETH_ES_AvgGasPrc']",32,2,3,7,0.01,7,2,04/03/2023,64,0.466165414,0.482277121,87.07891865,0.047294599,12273.27357,0.487143483,109.328542,5.918171164,96.89246913,0.052611547,14472.52946,0.472222222,120.3018265,6.512815913,0
16/08/2025 14:09,16.6s,bea3536dab7144a09599a9b845a61e06,ETH_base_ETH_blk,LOCAL,/home/ec2-user/ETH_Price_Predition/.venv/lib/python3.11/site-packages/ipykernel_launcher.py,ec2-user,FINISHED,32,2,0.1,6,"['ETH_D_AvgPrc', 'ETH_D_PrcDir', 'ETH_YF_Vol', 'ETH_ES_AvgTransFee', 'ETH_ES_BlkTm', 'ETH_ES_GasUsd', 'ETH_ES_AvgGasPrc']",32,2,3,7,0.01,7,0,04/03/2023,64,0.428571429,0.480128894,89.77046585,0.049127442,13508.00542,0.485397772,113.4681776,6.217095742,112.9336715,0.061638817,20696.32074,0.432835821,143.8621588,7.85075376,0
16/08/2025 14:09,25.1s,0e6d57f39e6c4239b98725db1d7bffdb,ETH_base_ETH_blk,LOCAL,/home/ec2-user/ETH_Price_Predition/.venv/lib/python3.11/site-packages/ipykernel_launcher.py,ec2-user,FINISHED,32,2,0.1,27,"['ETH_D_AvgPrc', 'ETH_D_PrcDir', 'ETH_YF_Vol', 'ETH_ES_AvgTransFee', 'ETH_ES_BlkTm', 'ETH_ES_GasUsd', 'ETH_ES_AvgGasPrc']",16,2,7,7,0.01,7,0,04/03/2023,64,0.436090226,0.477980666,94.84149793,0.051627357,15006.73871,0.482644035,118.7894481,6.465036178,127.1934395,0.069059958,25463.64176,0.439393939,159.5733116,8.65929966,0
16/08/2025 14:06,15.4s,3700991e841c44b5b3157ac9294f2430,ETH_base_ETH_blk,LOCAL,/home/ec2-user/ETH_Price_Predition/.venv/lib/python3.11/site-packages/ipykernel_launcher.py,ec2-user,FINISHED,32,1,0.1,7,"['ETH_D_AvgPrc', 'ETH_D_PrcDir', 'ETH_YF_Vol', 'ETH_ES_AvgTransFee', 'ETH_ES_BlkTm', 'ETH_ES_GasUsd', 'ETH_ES_AvgGasPrc']",16,2,7,7,0.01,7,2,04/03/2023,64,0.413533835,0.491944146,100.2213607,0.054650699,15960.27002,0.495407002,123.0729822,6.705469298,128.0051781,0.069669162,24258.2735,0.415384615,155.7506774,8.47143519,0
