Time,Number of new addresses added per day on ETH,Price
2015-07-30,0.0,0.0
2015-07-31,341.0,0.0
2015-08-01,125.0,0.0
2015-08-02,100.0,0.0
2015-08-03,72.0,0.0
2015-08-04,64.0,0.0
2015-08-05,53.0,0.0
2015-08-06,40.0,0.0
2015-08-07,426.0,3.49087358
2015-08-08,329.0,2.64024425
2015-08-09,357.0,0.69646382
2015-08-10,333.0,0.66556972
2015-08-11,2250.0,0.70228821
2015-08-12,366.0,1.19412768
2015-08-13,416.0,1.44813585
2015-08-14,640.0,1.95217466
2015-08-15,381.0,1.73802364
2015-08-16,340.0,1.46309757
2015-08-17,261.0,1.31342125
2015-08-18,251.0,1.29511821
2015-08-19,310.0,1.26502979
2015-08-20,229.0,1.31215394
2015-08-21,272.0,1.4865005
2015-08-22,326.0,1.42915428
2015-08-23,332.0,1.40486002
2015-08-24,199.0,1.34696114
2015-08-25,205.0,1.18612492
2015-08-26,231.0,1.19119453
2015-08-27,201.0,1.15213394
2015-08-28,187.0,1.18332875
2015-08-29,149.0,1.18745327
2015-08-30,162.0,1.17879224
2015-08-31,179.0,1.23122013
2015-09-01,174.0,1.3388381
2015-09-02,159.0,1.3469727
2015-09-03,165.0,1.29891336
2015-09-04,139.0,1.27088296
2015-09-05,153.0,1.31005204
2015-09-06,140.0,1.3656491
2015-09-07,199.0,1.25252545
2015-09-08,145.0,1.23939872
2015-09-09,176.0,1.24503684
2015-09-10,125.0,1.19812691
2015-09-11,149.0,0.98693073
2015-09-12,162.0,0.99802619
2015-09-13,203.0,0.985183
2015-09-14,177.0,0.89336598
2015-09-15,132.0,0.97980434
2015-09-16,174.0,0.94147724
2015-09-17,112.0,0.89967048
2015-09-18,167.0,0.86027586
2015-09-19,118.0,0.84628642
2015-09-20,137.0,0.88392901
2015-09-21,121.0,0.94609672
2015-09-22,128.0,0.88314307
2015-09-23,170.0,0.90080476
2015-09-24,103.0,0.8330701
2015-09-25,139.0,0.7689485
2015-09-26,74.0,0.72844189
2015-09-27,70.0,0.77423698
2015-09-28,84.0,0.67991251
2015-09-29,144.0,0.57203287
2015-09-30,108.0,0.64813733
2015-10-01,112.0,0.72640109
2015-10-02,91.0,0.6599189
2015-10-03,72.0,0.70160943
2015-10-04,128.0,0.67040098
2015-10-05,106.0,0.66451824
2015-10-06,128.0,0.62358665
2015-10-07,92.0,0.65175253
2015-10-08,68.0,0.59597468
2015-10-09,77.0,0.66239917
2015-10-10,67.0,0.64317811
2015-10-11,46.0,0.63022649
2015-10-12,82.0,0.65778887
2015-10-13,230.0,0.60851949
2015-10-14,180.0,0.56445336
2015-10-15,272.0,0.54174834
2015-10-16,119.0,0.55452949
2015-10-17,103.0,0.53965616
2015-10-18,86.0,0.51858705
2015-10-19,292.0,0.51569498
2015-10-20,95.0,0.49077821
2015-10-21,265.0,0.47601378
2015-10-22,157.0,0.4251838
2015-10-23,152.0,0.56755406
2015-10-24,437.0,0.54779279
2015-10-25,345.0,0.65844512
2015-10-26,351.0,0.65446395
2015-10-27,169.0,0.82599086
2015-10-28,174.0,0.83443052
2015-10-29,183.0,1.15395772
2015-10-30,568.0,1.30969465
2015-10-31,365.0,0.96135074
2015-11-01,686.0,0.95633382
2015-11-02,288.0,1.04413021
2015-11-03,319.0,0.9752112
2015-11-04,308.0,0.98588955
2015-11-05,166.0,0.96298873
2015-11-06,191.0,0.86616153
2015-11-07,455.0,0.90581286
2015-11-08,745.0,0.93218809
2015-11-09,283.0,1.10504436
2015-11-10,220.0,0.9734078
2015-11-11,151.0,0.85077131
2015-11-12,148.0,0.77559644
2015-11-13,157.0,0.89510471
2015-11-14,96.0,0.89270341
2015-11-15,108.0,0.89043051
2015-11-16,99.0,0.90162373
2015-11-17,143.0,0.91575503
2015-11-18,120.0,0.96721065
2015-11-19,130.0,1.00674951
2015-11-20,113.0,0.91102046
2015-11-21,135.0,0.92227244
2015-11-22,458.0,0.96180123
2015-11-23,117.0,0.96452993
2015-11-24,240.0,0.94214731
2015-11-25,110.0,0.88942003
2015-11-26,162.0,0.8747912
2015-11-27,58.0,0.87907678
2015-11-28,65.0,0.88074028
2015-11-29,81.0,0.90759629
2015-11-30,100.0,0.86545026
2015-12-01,110.0,0.87134773
2015-12-02,102.0,0.84483999
2015-12-03,106.0,0.8063283
2015-12-04,136.0,0.81392032
2015-12-05,160.0,0.8587696
2015-12-06,267.0,0.86979187
2015-12-07,127.0,0.79386562
2015-12-08,150.0,0.78596514
2015-12-09,128.0,0.7860868
2015-12-10,138.0,0.8399682
2015-12-11,126.0,0.83151817
2015-12-12,432.0,0.99525732
2015-12-13,130.0,0.97319835
2015-12-14,219.0,0.96965766
2015-12-15,121.0,1.01842892
2015-12-16,132.0,0.98498374
2015-12-17,332.0,0.9809624
2015-12-18,252.0,0.91734028
2015-12-19,214.0,0.90443665
2015-12-20,92.0,0.92230278
2015-12-21,196.0,0.89747751
2015-12-22,145.0,0.89644194
2015-12-23,113.0,0.85935557
2015-12-24,116.0,0.87774491
2015-12-25,114.0,0.8661043
2015-12-26,101.0,0.86289287
2015-12-27,152.0,0.8465516
2015-12-28,173.0,0.87239414
2015-12-29,194.0,0.84508348
2015-12-30,159.0,0.88109893
2015-12-31,214.0,0.95315617
2016-01-01,134.0,0.94212908
2016-01-02,184.0,0.95676959
2016-01-03,140.0,0.94983006
2016-01-04,187.0,0.94864452
2016-01-05,192.0,0.97059739
2016-01-06,224.0,0.94355929
2016-01-07,242.0,0.95830619
2016-01-08,222.0,0.96605694
2016-01-09,238.0,0.97822481
2016-01-10,348.0,0.9913255
2016-01-11,286.0,1.06275415
2016-01-12,319.0,1.14950073
2016-01-13,286.0,1.13267255
2016-01-14,222.0,1.14019752
2016-01-15,328.0,1.29996228
2016-01-16,342.0,1.25592315
2016-01-17,282.0,1.23351443
2016-01-18,342.0,1.52444291
2016-01-19,361.0,1.38271248
2016-01-20,356.0,1.59637213
2016-01-21,479.0,1.53912294
2016-01-22,430.0,1.53445899
2016-01-23,436.0,1.52795529
2016-01-24,800.0,2.04427361
2016-01-25,694.0,2.53277397
2016-01-26,1002.0,2.6500597
2016-01-27,773.0,2.36073828
2016-01-28,995.0,2.41116261
2016-01-29,949.0,2.57491207
2016-01-30,997.0,2.56336069
2016-01-31,966.0,2.47952342
2016-02-01,776.0,2.21671295
2016-02-02,613.0,2.16603947
2016-02-03,711.0,2.50334001
2016-02-04,605.0,2.52249646
2016-02-05,885.0,2.55200076
2016-02-06,457.0,2.53738356
2016-02-07,491.0,2.76247025
2016-02-08,663.0,3.02670121
2016-02-09,744.0,3.6983912
2016-02-10,1168.0,4.14425755
2016-02-11,1691.0,4.64397573
2016-02-12,2072.0,6.36936092
2016-02-13,1509.0,4.41588974
2016-02-14,1226.0,4.95998287
2016-02-15,965.0,5.71886015
2016-02-16,847.0,5.26333189
2016-02-17,1077.0,3.9274509
2016-02-18,832.0,3.6640377
2016-02-19,1436.0,4.38084459
2016-02-20,678.0,4.59809685
2016-02-21,1684.0,4.28471136
2016-02-22,847.0,4.90154696
2016-02-23,1008.0,5.82967377
2016-02-24,773.0,6.15653133
2016-02-25,976.0,6.50093651
2016-02-26,1475.0,5.8241024
2016-02-27,841.0,6.3977809
2016-02-28,961.0,6.52915525
2016-02-29,2193.0,6.60254622
2016-03-01,1399.0,6.53641224
2016-03-02,2110.0,8.38777447
2016-03-03,2276.0,8.52542782
2016-03-04,2223.0,9.44318676
2016-03-05,2785.0,11.92475796
2016-03-06,3269.0,11.24402618
2016-03-07,1988.0,9.89782238
2016-03-08,2669.0,9.91042233
2016-03-09,2040.0,10.04279709
2016-03-10,2712.0,11.25952244
2016-03-11,1723.0,11.04093933
2016-03-12,1709.0,13.33665657
2016-03-13,1772.0,14.54772949
2016-03-14,2110.0,12.99977493
2016-03-15,2050.0,12.53937244
2016-03-16,1681.0,13.24864769
2016-03-17,1708.0,11.13146973
2016-03-18,1972.0,11.01172447
2016-03-19,1401.0,11.00950146
2016-03-20,1278.0,10.12177372
2016-03-21,1580.0,10.7028656
2016-03-22,3257.0,11.17704868
2016-03-23,1426.0,11.58344746
2016-03-24,2980.0,11.89057636
2016-03-25,1629.0,10.80713367
2016-03-26,1126.0,10.97277355
2016-03-27,2258.0,10.64578438
2016-03-28,2214.0,11.40559769
2016-03-29,1898.0,11.86002159
2016-03-30,2723.0,11.83287334
2016-03-31,2493.0,11.88503265
2016-04-01,2231.0,11.82422066
2016-04-02,1478.0,11.45416546
2016-04-03,1104.0,11.5846262
2016-04-04,1922.0,11.15642166
2016-04-05,1342.0,10.88610268
2016-04-06,1408.0,10.42926121
2016-04-07,1903.0,10.21233654
2016-04-08,1555.0,10.27226067
2016-04-09,1001.0,9.96868324
2016-04-10,1227.0,8.50895214
2016-04-11,1135.0,8.8178339
2016-04-12,1308.0,7.67186689
2016-04-13,1368.0,7.12070036
2016-04-14,1242.0,8.27220345
2016-04-15,1021.0,8.30276871
2016-04-16,837.0,8.35909748
2016-04-17,861.0,9.57394218
2016-04-18,960.0,9.06841278
2016-04-19,910.0,9.13057518
2016-04-20,1006.0,8.53954411
2016-04-21,1055.0,8.49539566
2016-04-22,2143.0,8.16850376
2016-04-23,974.0,7.85513306
2016-04-24,1224.0,8.24351597
2016-04-25,1076.0,7.78498888
2016-04-26,1277.0,7.45745134
2016-04-27,1223.0,7.85904932
2016-04-28,1190.0,7.28087854
2016-04-29,1276.0,7.45272541
2016-04-30,1490.0,9.31284428
2016-05-01,6987.0,8.75332546
2016-05-02,1715.0,9.1801405
2016-05-03,3811.0,9.96475506
2016-05-04,1759.0,9.64718056
2016-05-05,1391.0,9.60092926
2016-05-06,1589.0,9.75081062
2016-05-07,1475.0,9.30714512
2016-05-08,1312.0,9.26994324
2016-05-09,1819.0,9.41054821
2016-05-10,1715.0,9.40432358
2016-05-11,2477.0,9.46284485
2016-05-12,3113.0,10.33878708
2016-05-13,2637.0,10.39747715
2016-05-14,2831.0,10.29762363
2016-05-15,2558.0,10.0948925
2016-05-16,1568.0,10.16970253
2016-05-17,2092.0,11.30505466
2016-05-18,4113.0,13.38962555
2016-05-19,2547.0,13.85283089
2016-05-20,3961.0,14.72865677
2016-05-21,6479.0,13.66317368
2016-05-22,2100.0,14.05455685
2016-05-23,2578.0,13.64112186
2016-05-24,2163.0,13.50997543
2016-05-25,2785.0,12.23726654
2016-05-26,2278.0,12.3975172
2016-05-27,3402.0,10.94718933
2016-05-28,10207.0,10.60098743
2016-05-29,6931.0,12.05819702
2016-05-30,2562.0,12.33735371
2016-05-31,2433.0,13.99980831
2016-06-01,2732.0,14.06221104
2016-06-02,2123.0,13.71955585
2016-06-03,2081.0,13.43216801
2016-06-04,1922.0,13.61271477
2016-06-05,1720.0,13.64867115
2016-06-06,2098.0,13.85687065
2016-06-07,1935.0,14.37166882
2016-06-08,6456.0,14.66327095
2016-06-09,2009.0,14.4991045
2016-06-10,2546.0,14.21828842
2016-06-11,2638.0,13.91207123
2016-06-12,2647.0,14.43261623
2016-06-13,4588.0,16.94645119
2016-06-14,4386.0,18.11354256
2016-06-15,3039.0,18.37888336
2016-06-16,4551.0,19.52018738
2016-06-17,11156.0,16.71063805
2016-06-18,14899.0,14.45183182
2016-06-19,9269.0,12.41148281
2016-06-20,5740.0,11.93075275
2016-06-21,4862.0,11.63643742
2016-06-22,5637.0,14.68105698
2016-06-23,4140.0,12.69409752
2016-06-24,3744.0,13.91169453
2016-06-25,2679.0,14.45978928
2016-06-26,2298.0,14.23734951
2016-06-27,2327.0,13.82566166
2016-06-28,3229.0,12.92706299
2016-06-29,2952.0,12.46104908
2016-06-30,2510.0,12.48039055
2016-07-01,2816.0,12.38272381
2016-07-02,2654.0,12.18954659
2016-07-03,2798.0,12.11291218
2016-07-04,3076.0,11.78057957
2016-07-05,4036.0,11.4712038
2016-07-06,3044.0,10.69661427
2016-07-07,2871.0,10.08300591
2016-07-08,2848.0,10.02820587
2016-07-09,4207.0,10.93483829
2016-07-10,3448.0,10.81057549
2016-07-11,2591.0,10.43312836
2016-07-12,3242.0,10.4793787
2016-07-13,3183.0,10.48039627
2016-07-14,2973.0,10.86622524
2016-07-15,3468.0,12.07416058
2016-07-16,2609.0,11.75248337
2016-07-17,1486.0,11.31585407
2016-07-18,1838.0,11.30451298
2016-07-19,2559.0,11.15695477
2016-07-20,4292.0,11.73404217
2016-07-21,3910.0,12.3439846
2016-07-22,4365.0,12.62028027
2016-07-23,4831.0,14.16064739
2016-07-24,2677.0,14.23389816
2016-07-25,4242.0,13.25709438
2016-07-26,4903.0,13.63521957
2016-07-27,6821.0,12.86848545
2016-07-28,3632.0,12.85945034
2016-07-29,4477.0,12.63159943
2016-07-30,3132.0,12.69895267
2016-07-31,2555.0,11.60665894
2016-08-01,2722.0,11.58598137
2016-08-02,3185.0,10.71458149
2016-08-03,3783.0,9.52481365
2016-08-04,3019.0,10.47972965
2016-08-05,2580.0,11.03745079
2016-08-06,2010.0,10.87705135
2016-08-07,1959.0,10.91378212
2016-08-08,2285.0,10.94816113
2016-08-09,2933.0,12.00621319
2016-08-10,2972.0,12.29963112
2016-08-11,2831.0,11.8381052
2016-08-12,2422.0,11.65481853
2016-08-13,2021.0,11.64356232
2016-08-14,1596.0,11.57867813
2016-08-15,1873.0,11.00014877
2016-08-16,1705.0,11.14498329
2016-08-17,1806.0,10.9684124
2016-08-18,1821.0,10.86975956
2016-08-19,1834.0,10.78667927
2016-08-20,1702.0,11.01842213
2016-08-21,2144.0,11.16414452
2016-08-22,1659.0,11.19819069
2016-08-23,2248.0,10.97469711
2016-08-24,2457.0,11.04823494
2016-08-25,2219.0,11.24854374
2016-08-26,1851.0,11.29399109
2016-08-27,1738.0,11.19051075
2016-08-28,1548.0,11.10728836
2016-08-29,1760.0,10.91968632
2016-08-30,1840.0,11.19962215
2016-08-31,2107.0,11.20655727
2016-09-01,2452.0,12.0040493
2016-09-02,2098.0,12.05083942
2016-09-03,1922.0,11.68476868
2016-09-04,1891.0,11.7645483
2016-09-05,1799.0,11.73810863
2016-09-06,2005.0,11.61868286
2016-09-07,1880.0,11.6288023
2016-09-08,2210.0,11.56850052
2016-09-09,2086.0,11.45089531
2016-09-10,2136.0,11.72736263
2016-09-11,1866.0,11.85478401
2016-09-12,2588.0,11.65324211
2016-09-13,1968.0,12.08258915
2016-09-14,2077.0,11.94601536
2016-09-15,1864.0,12.00962353
2016-09-16,1835.0,11.93481731
2016-09-17,1998.0,12.58448887
2016-09-18,2064.0,12.67479992
2016-09-19,813.0,12.73502922
2016-09-20,2160.0,13.38055134
2016-09-21,2522.0,14.20669651
2016-09-22,2711.0,12.84622383
2016-09-23,1410.0,13.10164452
2016-09-24,1744.0,12.92832279
2016-09-25,1908.0,12.98826027
2016-09-26,2085.0,12.88971233
2016-09-27,1760.0,13.16527462
2016-09-28,1928.0,13.44039631
2016-09-29,1899.0,13.25716496
2016-09-30,4337.0,13.33109093
2016-10-01,2083.0,13.13239765
2016-10-02,1927.0,13.16473293
2016-10-03,2585.0,13.20552063
2016-10-04,38669.0,13.39880371
2016-10-05,3950.0,13.25749874
2016-10-06,2718.0,12.84533882
2016-10-07,2259.0,12.92625523
2016-10-08,2635.0,12.64265347
2016-10-09,2667.0,12.26047421
2016-10-10,3881.0,11.90778828
2016-10-11,19310.0,12.13507748
2016-10-12,6909243.0,11.73500061
2016-10-13,6323440.0,11.99354458
2016-10-14,1561944.0,11.9192934
2016-10-15,931034.0,11.86220741
2016-10-16,1122585.0,11.95855045
2016-10-17,1101914.0,11.92120838
2016-10-18,1187221.0,12.19547844
2016-10-19,3023.0,12.49901009
2016-10-20,1339.0,12.20103645
2016-10-21,1671.0,12.08692837
2016-10-22,1648.0,12.12838173
2016-10-23,1482.0,11.96116257
2016-10-24,1613.0,11.99033356
2016-10-25,2315.0,11.26816273
2016-10-26,2452.0,11.58884907
2016-10-27,1935.0,11.43562508
2016-10-28,1883.0,11.53957653
2016-10-29,2192.0,11.10292244
2016-10-30,1625.0,10.48897076
2016-10-31,1891.0,11.17594051
2016-11-01,2300.0,10.73330975
2016-11-02,2989.0,10.9131155
2016-11-03,3889.0,10.79964828
2016-11-04,1807.0,10.93370247
2016-11-05,1541.0,11.05909157
2016-11-06,1554.0,10.87234211
2016-11-07,1736.0,10.89083767
2016-11-08,1970.0,10.89247608
2016-11-09,2429.0,10.42971802
2016-11-10,2210.0,10.55637455
2016-11-11,2144.0,10.51397896
2016-11-12,1847.0,10.181036
2016-11-13,2306.0,10.19999409
2016-11-14,1745.0,9.98183823
2016-11-15,2056.0,10.24454117
2016-11-16,2005.0,10.28198242
2016-11-17,1705.0,10.10865688
2016-11-18,2091.0,9.97877407
2016-11-19,1706.0,9.57619572
2016-11-20,1811.0,9.61849403
2016-11-21,2024.0,9.57175732
2016-11-22,2911.0,9.94512939
2016-11-23,1547.0,9.87179089
2016-11-24,1620.0,9.78180313
2016-11-25,19079.0,9.27416229
2016-11-26,4379.0,9.37100124
2016-11-27,2780.0,9.12840176
2016-11-28,2064.0,8.95883465
2016-11-29,1776.0,8.48675156
2016-11-30,1696.0,8.27385712
2016-12-01,1852.0,8.39436626
2016-12-02,1936.0,7.63683796
2016-12-03,7523.0,7.90301895
2016-12-04,4837.0,7.90249872
2016-12-05,6782.0,7.46398783
2016-12-06,3278.0,6.9359355
2016-12-07,2135.0,7.57976294
2016-12-08,1722.0,8.57879162
2016-12-09,1939.0,8.57343674
2016-12-10,3396.0,8.30651474
2016-12-11,2441.0,8.21545887
2016-12-12,2012.0,8.41560459
2016-12-13,1673.0,8.44915771
2016-12-14,2643.0,8.3716526
2016-12-15,3701.0,7.98988962
2016-12-16,2678.0,7.83320808
2016-12-17,2112.0,7.78552341
2016-12-18,2889.0,7.89772511
2016-12-19,2130.0,7.74505043
2016-12-20,2160.0,7.63710451
2016-12-21,2054.0,7.67782974
2016-12-22,5015.0,7.61255884
2016-12-23,8135.0,7.40170383
2016-12-24,1970.0,7.33150196
2016-12-25,1333.0,7.31269884
2016-12-26,1320.0,7.28469181
2016-12-27,1492.0,7.21640587
2016-12-28,1979.0,7.3052659
2016-12-29,2344.0,8.08511066
2016-12-30,2671.0,8.1172781
2016-12-31,2965.0,7.97572088
2017-01-01,1762.0,8.44290161
2017-01-02,1822.0,8.29045868
2017-01-03,2380.0,8.42391968
2017-01-04,3568.0,10.40668869
2017-01-05,3637.0,10.17251587
2017-01-06,3006.0,10.12520123
2017-01-07,3110.0,10.04981232
2017-01-08,2365.0,10.08623219
2017-01-09,2332.0,10.32278633
2017-01-10,2227.0,10.40650654
2017-01-11,2506.0,9.87361526
2017-01-12,3044.0,9.5852623
2017-01-13,3776.0,9.74505711
2017-01-14,3553.0,9.6504097
2017-01-15,2647.0,9.8756094
2017-01-16,2675.0,9.84827423
2017-01-17,2492.0,10.10851097
2017-01-18,2580.0,10.13010597
2017-01-19,2675.0,10.26816368
2017-01-20,3335.0,10.58528042
2017-01-21,2372.0,10.85219193
2017-01-22,2281.0,10.72018909
2017-01-23,2658.0,10.72600555
2017-01-24,2784.0,10.71712017
2017-01-25,2387.0,10.5147543
2017-01-26,3199.0,10.57678699
2017-01-27,2667.0,10.48508549
2017-01-28,2700.0,10.51917839
2017-01-29,2130.0,10.49586296
2017-01-30,2523.0,10.50073338
2017-01-31,2052.0,10.56471634
2017-02-01,1868.0,10.62877083
2017-02-02,1992.0,10.67805576
2017-02-03,1865.0,10.87989998
2017-02-04,2306.0,11.3878479
2017-02-05,1779.0,11.3610239
2017-02-06,1743.0,11.39671993
2017-02-07,2066.0,11.46568871
2017-02-08,2081.0,11.34819221
2017-02-09,2536.0,11.54552555
2017-02-10,2028.0,11.06329632
2017-02-11,1955.0,11.27564049
2017-02-12,2571.0,11.31136131
2017-02-13,2208.0,11.20249748
2017-02-14,2507.0,12.58078289
2017-02-15,2912.0,12.81957531
2017-02-16,2471.0,12.60032368
2017-02-17,2047.0,12.78670406
2017-02-18,2921.0,12.7598362
2017-02-19,2149.0,12.80346584
2017-02-20,2150.0,12.86492729
2017-02-21,2682.0,12.48175907
2017-02-22,3090.0,12.70765495
2017-02-23,2345.0,12.77905083
2017-02-24,2637.0,13.0295639
2017-02-25,3246.0,13.61951256
2017-02-26,2714.0,13.46938324
2017-02-27,3295.0,14.63193226
2017-02-28,4218.0,15.80909538
2017-03-01,5834.0,15.73847675
2017-03-02,6692.0,18.7517395
2017-03-03,7245.0,18.50421143
2017-03-04,4950.0,19.98473167
2017-03-05,4189.0,18.85466194
2017-03-06,4658.0,19.22690392
2017-03-07,3979.0,19.42888832
2017-03-08,4105.0,18.37753296
2017-03-09,6224.0,17.54300308
2017-03-10,6073.0,18.28123283
2017-03-11,5796.0,19.06263924
2017-03-12,7142.0,21.85354805
2017-03-13,10529.0,25.04587555
2017-03-14,10158.0,28.24926949
2017-03-15,9120.0,30.52957153
2017-03-16,16917.0,40.88731766
2017-03-17,17006.0,46.54584885
2017-03-18,11967.0,36.93608093
2017-03-19,9761.0,39.4142952
2017-03-20,8984.0,44.19563293
2017-03-21,9611.0,44.21334076
2017-03-22,9789.0,39.89975739
2017-03-23,7926.0,42.05825806
2017-03-24,9959.0,47.57904434
2017-03-25,11168.0,49.47833252
2017-03-26,7599.0,49.62591171
2017-03-27,12057.0,50.76028824
2017-03-28,8963.0,49.85445023
2017-03-29,9382.0,52.64440155
2017-03-30,16112.0,53.08503342
2017-03-31,19072.0,50.63747025
2017-04-01,8523.0,50.14421844
2017-04-02,8525.0,49.48337173
2017-04-03,12468.0,44.73745728
2017-04-04,12261.0,45.10642242
2017-04-05,9227.0,45.77088165
2017-04-06,11702.0,44.74009705
2017-04-07,11939.0,42.53973389
2017-04-08,7440.0,45.16585922
2017-04-09,6275.0,43.21027756
2017-04-10,7226.0,43.20684814
2017-04-11,6361.0,44.11178589
2017-04-12,7706.0,43.5552063
2017-04-13,11265.0,48.4173317
2017-04-14,7450.0,48.83977509
2017-04-15,7470.0,47.44621277
2017-04-16,4223.0,48.78649902
2017-04-17,6351.0,48.3175087
2017-04-18,7622.0,50.59074783
2017-04-19,9398.0,50.81941223
2017-04-20,10460.0,48.48793793
2017-04-21,9950.0,49.44398117
2017-04-22,9498.0,48.68815231
2017-04-23,6609.0,48.38895798
2017-04-24,8478.0,50.10398102
2017-04-25,8658.0,49.86474609
2017-04-26,15956.0,52.44770432
2017-04-27,15102.0,58.58997726
2017-04-28,13447.0,64.29021454
2017-04-29,11794.0,69.83218384
2017-04-30,10708.0,71.76806641
2017-05-01,19859.0,81.4564209
2017-05-02,18441.0,79.35325623
2017-05-03,11873.0,80.05103302
2017-05-04,17230.0,89.99662781
2017-05-05,17669.0,102.02135468
2017-05-06,13754.0,95.64967346
2017-05-07,18806.0,96.7640152
2017-05-08,18641.0,92.77739716
2017-05-09,19577.0,89.14603424
2017-05-10,22045.0,92.84693909
2017-05-11,19674.0,90.46638489
2017-05-12,17770.0,90.53853607
2017-05-13,14639.0,88.63881683
2017-05-14,14333.0,90.67169189
2017-05-15,16682.0,91.23472595
2017-05-16,20460.0,92.90254211
2017-05-17,22029.0,90.16207123
2017-05-18,22699.0,90.5670166
2017-05-19,25988.0,117.65478516
2017-05-20,27519.0,131.99972534
2017-05-21,22513.0,128.32850647
2017-05-22,30102.0,186.88729858
2017-05-23,43702.0,178.03849792
2017-05-24,40327.0,193.230896
2017-05-25,43649.0,200.00494385
2017-05-26,35312.0,182.08970642
2017-05-27,31489.0,156.48373413
2017-05-28,26485.0,171.49882507
2017-05-29,25227.0,183.16256714
2017-05-30,38305.0,202.60342407
2017-05-31,47656.0,230.24880981
2017-06-01,43425.0,222.89427185
2017-06-02,44665.0,222.15283203
2017-06-03,38636.0,220.25239563
2017-06-04,36128.0,232.76301575
2017-06-05,35596.0,246.78031921
2017-06-06,43992.0,256.10177612
2017-06-07,46795.0,260.0604248
2017-06-08,40091.0,257.56234741
2017-06-09,40053.0,273.81515503
2017-06-10,42786.0,311.22879028
2017-06-11,52840.0,341.41125488
2017-06-12,62106.0,348.29885864
2017-06-13,58193.0,398.08557129
2017-06-14,58035.0,376.99716187
2017-06-15,53514.0,355.40454102
2017-06-16,51402.0,350.64282227
2017-06-17,45493.0,366.66964722
2017-06-18,50326.0,376.94723511
2017-06-19,59739.0,372.66906738
2017-06-20,74488.0,377.61639404
2017-06-21,27404.0,337.51074219
2017-06-22,48291.0,338.32897949
2017-06-23,67435.0,341.11270142
2017-06-24,47727.0,342.61224365
2017-06-25,46090.0,320.02047729
2017-06-26,43070.0,309.31256104
2017-06-27,51567.0,271.87319946
2017-06-28,47429.0,305.0274353
2017-06-29,54395.0,326.67578125
2017-06-30,49037.0,305.8001709
2017-07-01,35953.0,282.76315308
2017-07-02,34840.0,272.48422241
2017-07-03,51286.0,288.73574829
2017-07-04,44177.0,284.26412964
2017-07-05,45348.0,273.55728149
2017-07-06,44982.0,270.89187622
2017-07-07,39235.0,267.5269165
2017-07-08,35038.0,244.48466492
2017-07-09,44606.0,244.90852356
2017-07-10,31015.0,220.69154358
2017-07-11,47552.0,197.28175354
2017-07-12,40337.0,195.09162903
2017-07-13,51672.0,229.23893738
2017-07-14,34364.0,192.40531921
2017-07-15,31885.0,177.26097107
2017-07-16,30815.0,152.5894928
2017-07-17,39328.0,165.92953491
2017-07-18,38587.0,185.05493164
2017-07-19,49224.0,227.34802246
2017-07-20,38996.0,215.48780823
2017-07-21,44248.0,226.48606873
2017-07-22,29999.0,222.48902893
2017-07-23,30704.0,229.30355835
2017-07-24,40079.0,225.04364014
2017-07-25,39220.0,207.49874878
2017-07-26,40036.0,202.01931763
2017-07-27,36236.0,204.34919739
2017-07-28,33547.0,203.32189941
2017-07-29,29188.0,184.85980225
2017-07-30,28432.0,200.7035675
2017-07-31,33642.0,198.70417786
2017-08-01,39867.0,212.01089478
2017-08-02,42991.0,226.93367004
2017-08-03,37739.0,226.17558289
2017-08-04,45740.0,223.84744263
2017-08-05,35718.0,241.99623108
2017-08-06,46113.0,258.18136597
2017-08-07,50068.0,264.40625
2017-08-08,56539.0,271.21444702
2017-08-09,53810.0,318.71627808
2017-08-10,56602.0,305.47634888
2017-08-11,63017.0,298.42956543
2017-08-12,63410.0,312.16744995
2017-08-13,60753.0,301.66647339
2017-08-14,69083.0,302.30514526
2017-08-15,105608.0,285.17263794
2017-08-16,57125.0,290.7510376
2017-08-17,70176.0,304.14562988
2017-08-18,70178.0,300.87255859
2017-08-19,64986.0,292.3447876
2017-08-20,65230.0,294.63638306
2017-08-21,61570.0,301.27523804
2017-08-22,75005.0,309.95062256
2017-08-23,72694.0,319.51849365
2017-08-24,68748.0,318.86367798
2017-08-25,53258.0,334.72201538
2017-08-26,46037.0,330.87490845
2017-08-27,53488.0,334.78726196
2017-08-28,52179.0,343.97930908
2017-08-29,62643.0,349.96069336
2017-08-30,68093.0,376.90368652
2017-08-31,68530.0,380.72720337
2017-09-01,74084.0,389.35375977
2017-09-02,60044.0,378.00906372
2017-09-03,54766.0,352.28427124
2017-09-04,54876.0,286.66098022
2017-09-05,66485.0,276.37460327
2017-09-06,76326.0,324.12860107
2017-09-07,81081.0,324.2862854
2017-09-08,78499.0,299.46481323
2017-09-09,68850.0,292.76257324
2017-09-10,54949.0,285.07400513
2017-09-11,61618.0,299.41687012
2017-09-12,72389.0,301.41531372
2017-09-13,61569.0,269.80636597
2017-09-14,52585.0,239.42408752
2017-09-15,60385.0,252.30776978
2017-09-16,59668.0,240.00071716
2017-09-17,51768.0,243.30102539
2017-09-18,49812.0,287.33227539
2017-09-19,59075.0,287.42733765
2017-09-20,59475.0,288.71542358
2017-09-21,77713.0,280.62838745
2017-09-22,45842.0,256.54910278
2017-09-23,40762.0,264.14486694
2017-09-24,41694.0,292.67782593
2017-09-25,44538.0,286.30929565
2017-09-26,66296.0,288.91235352
2017-09-27,70432.0,290.36685181
2017-09-28,68506.0,296.44760132
2017-09-29,52663.0,280.80111694
2017-09-30,51851.0,302.53952026
2017-10-01,46727.0,298.63897705
2017-10-02,57882.0,300.26690674
2017-10-03,54235.0,299.65270996
2017-10-04,61291.0,297.97106934
2017-10-05,48131.0,290.89224243
2017-10-06,44159.0,295.99227905
2017-10-07,44728.0,309.40618896
2017-10-08,47251.0,312.48898315
2017-10-09,65571.0,299.80682373
2017-10-10,56669.0,305.36425781
2017-10-11,52400.0,300.83166504
2017-10-12,60951.0,307.37060547
2017-10-13,61810.0,340.62664795
2017-10-14,53132.0,343.33285522
2017-10-15,60471.0,334.2616272
2017-10-16,74774.0,339.01843262
2017-10-17,120193.0,320.37731934
2017-10-18,103216.0,306.11712646
2017-10-19,74605.0,308.99649048
2017-10-20,101879.0,308.71972656
2017-10-21,78898.0,292.77175903
2017-10-22,55020.0,303.14559937
2017-10-23,72803.0,282.73440552
2017-10-24,81523.0,308.03277588
2017-10-25,79625.0,295.03320313
2017-10-26,83549.0,298.24172974
2017-10-27,67876.0,295.4984436
2017-10-28,49637.0,297.35501099
2017-10-29,46388.0,309.5668335
2017-10-30,79408.0,307.23062134
2017-10-31,74656.0,306.80569458
2017-11-01,89862.0,303.97839355
2017-11-02,98487.0,288.53674316
2017-11-03,86786.0,288.54013062
2017-11-04,62684.0,301.08969116
2017-11-05,53038.0,296.11221313
2017-11-06,71326.0,304.67962646
2017-11-07,69032.0,292.50341797
2017-11-08,62770.0,300.17822266
2017-11-09,107924.0,309.02648926
2017-11-10,100455.0,305.67684937
2017-11-11,90339.0,302.44009399
2017-11-12,95159.0,307.16217041
2017-11-13,92372.0,316.65597534
2017-11-14,87794.0,321.51168823
2017-11-15,105824.0,335.67129517
2017-11-16,100843.0,331.2515564
2017-11-17,99736.0,333.92260742
2017-11-18,108734.0,329.41586304
2017-11-19,77238.0,357.2210083
2017-11-20,96314.0,361.82946777
2017-11-21,96993.0,369.5612793
2017-11-22,102601.0,363.42944336
2017-11-23,95269.0,412.79376221
2017-11-24,115050.0,412.22106934
2017-11-25,143052.0,474.94006348
2017-11-26,91857.0,460.09057617
2017-11-27,102164.0,480.62976074
2017-11-28,113474.0,480.12127686
2017-11-29,136728.0,496.43261719
2017-11-30,112790.0,408.70800781
2017-12-01,124891.0,456.96066284
2017-12-02,112814.0,469.29055786
2017-12-03,100872.0,462.17077637
2017-12-04,122546.0,466.52502441
2017-12-05,136151.0,468.7321167
2017-12-06,172379.0,456.16897583
2017-12-07,180354.0,425.63070679
2017-12-08,141058.0,453.54656982
2017-12-09,124105.0,471.6619873
2017-12-10,114982.0,452.13876343
2017-12-11,124102.0,473.95916748
2017-12-12,135742.0,535.36328125
2017-12-13,187657.0,618.68151855
2017-12-14,217981.0,692.40600586
2017-12-15,234393.0,696.08081055
2017-12-16,172386.0,699.24981689
2017-12-17,220553.0,716.13946533
2017-12-18,222245.0,732.18762207
2017-12-19,224213.0,820.32086182
2017-12-20,243439.0,805.95758057
2017-12-21,269935.0,795.32440186
2017-12-22,286117.0,655.90209961
2017-12-23,223879.0,736.55804443
2017-12-24,229797.0,653.69824219
2017-12-25,206300.0,757.78100586
2017-12-26,197316.0,773.18463135
2017-12-27,268238.0,781.16693115
2017-12-28,247564.0,739.44537354
2017-12-29,263546.0,754.77386475
2017-12-30,311717.0,709.14361572
2017-12-31,259185.0,723.21386719
2018-01-01,228600.0,769.96173096
2018-01-02,262615.0,886.34436035
2018-01-03,326698.0,882.25628662
2018-01-04,349897.0,954.21325684
2018-01-05,378697.0,1045.29394531
2018-01-06,352426.0,1002.57525635
2018-01-07,271240.0,1090.83947754
2018-01-08,290603.0,1088.60693359
2018-01-09,300326.0,1209.15039063
2018-01-10,325432.0,1364.84814453
2018-01-11,321926.0,1228.5994873
2018-01-12,299502.0,1247.54699707
2018-01-13,276371.0,1295.71936035
2018-01-14,246843.0,1392.17797852
2018-01-15,252326.0,1346.0513916
2018-01-16,277903.0,1242.75341797
2018-01-17,291229.0,954.39715576
2018-01-18,286486.0,1025.27148438
2018-01-19,225099.0,1061.92993164
2018-01-20,190117.0,1075.56970215
2018-01-21,225340.0,1134.66638184
2018-01-22,231407.0,960.67419434
2018-01-23,249937.0,1013.98480225
2018-01-24,259481.0,1031.86169434
2018-01-25,224524.0,1034.74243164
2018-01-26,212270.0,1050.9720459
2018-01-27,191915.0,1095.18273926
2018-01-28,164701.0,1129.69506836
2018-01-29,177299.0,1200.52368164
2018-01-30,176994.0,1145.86450195
2018-01-31,191404.0,1102.71533203
2018-02-01,180151.0,1138.50561523
2018-02-02,200988.0,954.35913086
2018-02-03,179600.0,955.11651611
2018-02-04,180745.0,864.21588135
2018-02-05,164222.0,836.07806396
2018-02-06,181115.0,742.73553467
2018-02-07,178669.0,812.49127197
2018-02-08,131618.0,806.39074707
2018-02-09,128468.0,806.53649902
2018-02-10,151400.0,847.33850098
2018-02-11,142312.0,852.11810303
2018-02-12,166713.0,856.97296143
2018-02-13,148325.0,857.95758057
2018-02-14,127017.0,902.66778564
2018-02-15,148317.0,933.9887085
2018-02-16,148731.0,938.65093994
2018-02-17,141766.0,961.27746582
2018-02-18,121676.0,944.79455566
2018-02-19,132744.0,931.19909668
2018-02-20,147565.0,942.46661377
2018-02-21,150222.0,849.50537109
2018-02-22,166864.0,825.77062988
2018-02-23,176479.0,838.43707275
2018-02-24,227769.0,837.11804199
2018-02-25,199726.0,827.74163818
2018-02-26,142308.0,876.27520752
2018-02-27,133743.0,871.24755859
2018-02-28,162902.0,888.44708252
2018-03-01,141715.0,867.03179932
2018-03-02,130440.0,855.5411377
2018-03-03,117411.0,864.79095459
2018-03-04,126435.0,847.83050537
2018-03-05,117392.0,867.68896484
2018-03-06,121172.0,832.01580811
2018-03-07,125238.0,812.98974609
2018-03-08,140671.0,741.19873047
2018-03-09,143437.0,701.0189209
2018-03-10,144512.0,732.93408203
2018-03-11,98620.0,708.91540527
2018-03-12,121039.0,697.64099121
2018-03-13,144238.0,696.71765137
2018-03-14,150986.0,656.14129639
2018-03-15,150645.0,588.16638184
2018-03-16,133721.0,598.66394043
2018-03-17,103836.0,598.8447876
2018-03-18,121838.0,466.09069824
2018-03-19,155860.0,551.63769531
2018-03-20,103513.0,556.75140381
2018-03-21,108079.0,567.94128418
2018-03-22,110413.0,531.77514648
2018-03-23,112787.0,516.39605713
2018-03-24,96816.0,541.47979736
2018-03-25,96109.0,520.65631104
2018-03-26,87361.0,522.40966797
2018-03-27,108104.0,468.53948975
2018-03-28,98281.0,451.23880005
2018-03-29,97392.0,441.78762817
2018-03-30,111596.0,378.60897827
2018-03-31,113689.0,403.10812378
2018-04-01,110647.0,364.76593018
2018-04-02,111438.0,391.7276001
2018-04-03,112265.0,406.29595947
2018-04-04,136352.0,404.4602356
2018-04-05,152522.0,378.5619812
2018-04-06,132629.0,379.6869812
2018-04-07,123539.0,381.07391357
2018-04-08,95012.0,401.61642456
2018-04-09,111944.0,396.41854858
2018-04-10,86416.0,400.10852051
2018-04-11,115415.0,420.70452881
2018-04-12,116408.0,463.97998047
2018-04-13,104735.0,514.11553955
2018-04-14,103090.0,506.67218018
2018-04-15,103530.0,510.55157471
2018-04-16,122644.0,504.92443848
2018-04-17,127360.0,507.29470825
2018-04-18,149980.0,506.82980347
2018-04-19,206633.0,545.71136475
2018-04-20,133176.0,585.83795166
2018-04-21,118550.0,607.55621338
2018-04-22,113720.0,632.79296875
2018-04-23,115437.0,644.73077393
2018-04-24,121703.0,667.34545898
2018-04-25,115541.0,672.1696167
2018-04-26,102463.0,618.38543701
2018-04-27,91775.0,673.49182129
2018-04-28,85900.0,666.2177124
2018-04-29,85406.0,681.65808105
2018-04-30,106549.0,683.4161377
2018-05-01,118876.0,644.34356689
2018-05-02,112416.0,682.49395752
2018-05-03,117581.0,746.64105225
2018-05-04,111859.0,771.74206543
2018-05-05,102475.0,819.67333984
2018-05-06,93292.0,825.15466309
2018-05-07,123534.0,756.71264648
2018-05-08,123368.0,737.20391846
2018-05-09,113634.0,724.54400635
2018-05-10,111209.0,762.02600098
2018-05-11,116615.0,731.71264648
2018-05-12,123877.0,679.3951416
2018-05-13,116150.0,727.16363525
2018-05-14,121927.0,702.7086792
2018-05-15,127003.0,718.53155518
2018-05-16,134861.0,685.74499512
2018-05-17,122984.0,707.81286621
2018-05-18,127782.0,679.48406982
2018-05-19,156921.0,695.66363525
2018-05-20,124802.0,713.50311279
2018-05-21,135888.0,713.80505371
2018-05-22,109155.0,683.32940674
2018-05-23,124109.0,603.68988037
2018-05-24,118077.0,599.28314209
2018-05-25,95668.0,602.76623535
2018-05-26,115842.0,604.77606201
2018-05-27,106075.0,573.9463501
2018-05-28,129880.0,533.34875488
2018-05-29,105765.0,527.29974365
2018-05-30,126333.0,552.78033447
2018-05-31,114572.0,577.21264648
2018-06-01,94556.0,574.48913574
2018-06-02,122617.0,578.54296875
2018-06-03,106269.0,594.17651367
2018-06-04,124820.0,619.347229
2018-06-05,138823.0,594.77947998
2018-06-06,119675.0,611.47528076
2018-06-07,110490.0,607.6987915
2018-06-08,108278.0,605.52856445
2018-06-09,165777.0,607.050354
2018-06-10,115414.0,569.99615479
2018-06-11,99313.0,534.60144043
2018-06-12,97762.0,529.2253418
2018-06-13,110889.0,466.81652832
2018-06-14,118392.0,488.07028198
2018-06-15,98469.0,505.40997314
2018-06-16,105502.0,494.14157104
2018-06-17,80355.0,502.80886841
2018-06-18,90520.0,497.6065979
2018-06-19,101164.0,516.79144287
2018-06-20,91680.0,521.35968018
2018-06-21,108863.0,542.37335205
2018-06-22,133789.0,473.28866577
2018-06-23,116290.0,469.70175171
2018-06-24,139453.0,426.46948242
2018-06-25,110578.0,465.23287964
2018-06-26,117806.0,458.76348877
2018-06-27,123005.0,434.13684082
2018-06-28,110388.0,433.66781616
2018-06-29,103345.0,422.68499756
2018-06-30,108936.0,448.35598755
2018-07-01,75943.0,451.76501465
2018-07-02,83072.0,475.32598877
2018-07-03,124457.0,470.97000122
2018-07-04,77897.0,474.20401001
2018-07-05,61468.0,477.81698608
2018-07-06,58749.0,471.25900269
2018-07-07,45804.0,471.04098511
2018-07-08,49128.0,492.42800903
2018-07-09,68367.0,484.17700195
2018-07-10,95327.0,441.7869873
2018-07-11,90273.0,444.51901245
2018-07-12,68868.0,431.26300049
2018-07-13,66350.0,440.19000244
2018-07-14,47200.0,437.56298828
2018-07-15,68061.0,452.46899414
2018-07-16,106302.0,449.3789978
2018-07-17,125078.0,473.6960144
2018-07-18,105322.0,493.13500977
2018-07-19,107161.0,476.35198975
2018-07-20,118890.0,459.51400757
2018-07-21,125623.0,455.70498657
2018-07-22,96860.0,468.82400513
2018-07-23,80010.0,463.58099365
2018-07-24,89532.0,453.04299927
2018-07-25,107797.0,466.80200195
2018-07-26,109193.0,475.75500488
2018-07-27,96987.0,464.89801025
2018-07-28,107851.0,469.59500122
2018-07-29,101648.0,466.79699707
2018-07-30,99656.0,464.28100586
2018-07-31,93635.0,452.71704102
2018-08-01,108876.0,418.51538086
2018-08-02,86389.0,413.97015381
2018-08-03,100715.0,403.26046753
2018-08-04,133636.0,406.00280762
2018-08-05,144113.0,408.90481567
2018-08-06,135810.0,408.21939087
2018-08-07,97061.0,410.38409424
2018-08-08,79054.0,368.50820923
2018-08-09,73057.0,361.72634888
2018-08-10,77380.0,362.50222778
2018-08-11,105951.0,321.83587646
2018-08-12,145329.0,324.58312988
2018-08-13,90854.0,321.13269043
2018-08-14,98297.0,268.85174561
2018-08-15,90485.0,286.58566284
2018-08-16,85124.0,293.16366577
2018-08-17,80276.0,298.18359375
2018-08-18,64111.0,312.79956055
2018-08-19,63609.0,300.91165161
2018-08-20,81978.0,289.58407593
2018-08-21,108813.0,277.46426392
2018-08-22,105034.0,292.28509521
2018-08-23,54907.0,274.01196289
2018-08-24,73336.0,275.43688965
2018-08-25,71131.0,282.00238037
2018-08-26,71158.0,275.39273071
2018-08-27,83110.0,273.97457886
2018-08-28,77961.0,289.15997314
2018-08-29,68200.0,289.28250122
2018-08-30,69940.0,280.12875366
2018-08-31,62781.0,278.79541016
2018-09-01,63673.0,295.68313599
2018-09-02,85885.0,292.22320557
2018-09-03,81510.0,289.88180542
2018-09-04,59986.0,289.47851563
2018-09-05,66823.0,257.61624146
2018-09-06,65866.0,228.38856506
2018-09-07,63078.0,231.10040283
2018-09-08,46378.0,217.99169922
2018-09-09,57766.0,190.80628967
2018-09-10,75234.0,195.61668396
2018-09-11,69581.0,185.09275818
2018-09-12,57646.0,172.70466614
2018-09-13,58595.0,202.66493225
2018-09-14,68639.0,208.40078735
2018-09-15,74675.0,224.01403809
2018-09-16,71826.0,216.15457153
2018-09-17,87578.0,222.97711182
2018-09-18,90987.0,196.33753967
2018-09-19,81530.0,210.1486969
2018-09-20,97372.0,209.52790833
2018-09-21,66607.0,223.11013794
2018-09-22,57461.0,241.37475586
2018-09-23,52145.0,241.40855408
2018-09-24,51148.0,232.47236633
2018-09-25,57061.0,222.22172546
2018-09-26,50038.0,221.0927124
2018-09-27,61229.0,217.59713745
2018-09-28,65292.0,226.0748291
2018-09-29,62898.0,231.66853333
2018-09-30,70951.0,234.12156677
2018-10-01,68567.0,233.16940308
2018-10-02,65580.0,227.55273438
2018-10-03,79630.0,219.16912842
2018-10-04,96850.0,224.94371033
2018-10-05,65780.0,221.67993164
2018-10-06,91375.0,225.40007019
2018-10-07,94319.0,226.03083801
2018-10-08,88526.0,225.35081482
2018-10-09,86161.0,227.53782654
2018-10-10,82112.0,226.28916931
2018-10-11,64053.0,200.70567322
2018-10-12,90785.0,199.06156921
2018-10-13,91781.0,197.74105835
2018-10-14,97440.0,200.49247742
2018-10-15,90424.0,209.54171753
2018-10-16,84786.0,208.42079163
2018-10-17,83593.0,210.58654785
2018-10-18,97794.0,208.0823822
2018-10-19,83158.0,203.44036865
2018-10-20,102600.0,203.95391846
2018-10-21,110990.0,207.38040161
2018-10-22,101990.0,204.68469238
2018-10-23,100148.0,202.32518005
2018-10-24,108249.0,203.35398865
2018-10-25,97663.0,202.63148499
2018-10-26,86230.0,202.6627655
2018-10-27,106561.0,203.7277832
2018-10-28,123230.0,205.05267334
2018-10-29,109979.0,205.18717957
2018-10-30,101096.0,197.40827942
2018-10-31,115532.0,197.16949463
2018-11-01,123217.0,199.52622986
2018-11-02,77111.0,199.80334473
2018-11-03,89045.0,199.97109985
2018-11-04,81728.0,199.96685791
2018-11-05,75353.0,208.54122925
2018-11-06,113596.0,208.02682495
2018-11-07,97118.0,217.27890015
2018-11-08,107522.0,214.61178589
2018-11-09,110399.0,210.01855469
2018-11-10,100592.0,210.95387268
2018-11-11,125445.0,211.98426819
2018-11-12,105028.0,211.47625732
2018-11-13,103247.0,209.03872681
2018-11-14,119817.0,193.8629303
2018-11-15,118520.0,177.40956116
2018-11-16,130392.0,177.45750427
2018-11-17,155434.0,173.49142456
2018-11-18,125754.0,175.74108887
2018-11-19,103204.0,155.93885803
2018-11-20,108668.0,149.12464905
2018-11-21,104202.0,133.94046021
2018-11-22,106814.0,132.03199768
2018-11-23,116381.0,123.4414978
2018-11-24,117993.0,122.13981628
2018-11-25,113667.0,106.08036041
2018-11-26,113595.0,109.50065613
2018-11-27,118310.0,104.66004181
2018-11-28,118672.0,112.06407928
2018-11-29,102334.0,117.27232361
2018-11-30,81154.0,118.7940008
2018-12-01,103072.0,118.70929896
2018-12-02,125178.0,117.77186347
2018-12-03,104456.0,108.20283119
2018-12-04,95259.0,112.25761995
2018-12-05,81304.0,107.93569236
2018-12-06,120617.0,98.43298295
2018-12-07,106521.0,85.67439262
2018-12-08,126757.0,89.83262355
2018-12-09,99974.0,92.34965863
2018-12-10,89049.0,91.06091623
2018-12-11,115875.0,91.05720962
2018-12-12,125980.0,88.94143673
2018-12-13,149943.0,89.83586696
2018-12-14,114525.0,86.50444511
2018-12-15,149533.0,82.82989029
2018-12-16,188714.0,87.07905
2018-12-17,104254.0,85.75534949
2018-12-18,113791.0,95.89627885
2018-12-19,115739.0,103.94602218
2018-12-20,139502.0,102.31148661
2018-12-21,128937.0,115.40394444
2018-12-22,162891.0,108.73326358
2018-12-23,181798.0,129.56706478
2018-12-24,162893.0,151.87638344
2018-12-25,103828.0,125.1463481
2018-12-26,86174.0,134.6052846
2018-12-27,105214.0,124.82665446
2018-12-28,121121.0,127.55277866
2018-12-29,109638.0,136.78863171
2018-12-30,94973.0,135.11526172
2018-12-31,99403.0,136.55651101
2019-01-01,78971.0,133.29395771
2019-01-02,76332.0,141.31147374
2019-01-03,83658.0,153.6462316
2019-01-04,90095.0,149.64903937
2019-01-05,78137.0,159.80673399
2019-01-06,87693.0,153.45698999
2019-01-07,96083.0,153.01671371
2019-01-08,80699.0,149.37027626
2019-01-09,76745.0,151.00054544
2019-01-10,88466.0,151.14186113
2019-01-11,81097.0,127.75900722
2019-01-12,122219.0,126.94171779
2019-01-13,89274.0,126.25925105
2019-01-14,80522.0,118.43255169
2019-01-15,64040.0,127.27935124
2019-01-16,71046.0,122.07125492
2019-01-17,80841.0,122.14025857
2019-01-18,98619.0,122.55786307
2019-01-19,72576.0,121.67946858
2019-01-20,67289.0,119.67858312
2019-01-21,81911.0,118.80220738
2019-01-22,62993.0,118.78417225
2019-01-23,71488.0,118.28204602
2019-01-24,81833.0,116.25489292
2019-01-25,77103.0,116.68306815
2019-01-26,94138.0,116.87688759
2019-01-27,94738.0,114.26995758
2019-01-28,83675.0,104.57044664
2019-01-29,87760.0,105.4210247
2019-01-30,74797.0,105.70168381
2019-01-31,75490.0,107.26888187
2019-02-01,62174.0,107.59140987
2019-02-02,71913.0,107.71315672
2019-02-03,80445.0,107.98136174
2019-02-04,67650.0,107.52241756
2019-02-05,75768.0,107.37913618
2019-02-06,71715.0,103.82808572
2019-02-07,80841.0,104.93407216
2019-02-08,60080.0,104.87060527
2019-02-09,55313.0,118.53311868
2019-02-10,45353.0,119.27010717
2019-02-11,49078.0,121.08514382
2019-02-12,53339.0,120.68742194
2019-02-13,69079.0,122.18117957
2019-02-14,47743.0,122.48043983
2019-02-15,54321.0,122.45746216
2019-02-16,48252.0,123.47624514
2019-02-17,47101.0,126.16862795
2019-02-18,57046.0,138.15369949
2019-02-19,60660.0,147.34385672
2019-02-20,59456.0,146.57131195
2019-02-21,65940.0,148.19528426
2019-02-22,70050.0,147.06811479
2019-02-23,70813.0,148.43684493
2019-02-24,57791.0,142.05625495
2019-02-25,69232.0,140.59732835
2019-02-26,63019.0,138.23506213
2019-02-27,69521.0,139.58803746
2019-02-28,64259.0,137.52803404
2019-03-01,68512.0,137.21671737
2019-03-02,84564.0,136.96863639
2019-03-03,128085.0,133.11580836
2019-03-04,105707.0,130.9071094
2019-03-05,105143.0,127.49446416
2019-03-06,92623.0,136.72702875
2019-03-07,89462.0,138.38331763
2019-03-08,88825.0,137.32476757
2019-03-09,83829.0,135.73967075
2019-03-10,87308.0,137.24920323
2019-03-11,113738.0,133.13953812
2019-03-12,104263.0,134.18561315
2019-03-13,108369.0,133.91192004
2019-03-14,93277.0,133.8693986
2019-03-15,130590.0,137.94602591
2019-03-16,98509.0,140.92073362
2019-03-17,120610.0,139.71073077
2019-03-18,96958.0,141.70926769
2019-03-19,88998.0,140.37596934
2019-03-20,86600.0,139.04297302
2019-03-21,73448.0,140.49319159
2019-03-22,76536.0,137.99054146
2019-03-23,76201.0,138.13637195
2019-03-24,92779.0,137.38351924
2019-03-25,102335.0,137.29619292
2019-03-26,87076.0,134.54907912
2019-03-27,84257.0,138.79906486
2019-03-28,99226.0,140.08666645
2019-03-29,87650.0,141.11003445
2019-03-30,116487.0,141.75563232
2019-03-31,167697.0,141.33903634
2019-04-01,96137.0,141.95795209
2019-04-02,86085.0,155.30580585
2019-04-03,86914.0,172.3784242
2019-04-04,82382.0,161.00075944
2019-04-05,83589.0,157.96895157
2019-04-06,104066.0,164.15215602
2019-04-07,106453.0,167.41791427
2019-04-08,101579.0,181.47476599
2019-04-09,105176.0,176.75935781
2019-04-10,104981.0,179.95481499
2019-04-11,99412.0,170.92096153
2019-04-12,95157.0,164.60809741
2019-04-13,95173.0,166.02566469
2019-04-14,93194.0,163.36104794
2019-04-15,101671.0,167.94815433
2019-04-16,112095.0,161.6683869
2019-04-17,93943.0,166.78417448
2019-04-18,162817.0,172.40799497
2019-04-19,147866.0,172.94030323
2019-04-20,107814.0,173.41674371
2019-04-21,94989.0,169.15920588
2019-04-22,137792.0,168.73080473
2019-04-23,134962.0,172.36556919
2019-04-24,153007.0,165.14392855
2019-04-25,104870.0,164.45659778
2019-04-26,113498.0,156.27757254
2019-04-27,120249.0,156.7740696
2019-04-28,82016.0,158.46459193
2019-04-29,101009.0,154.13417146
2019-04-30,94521.0,159.73955992
2019-05-01,81010.0,160.84499421
2019-05-02,86849.0,160.95919325
2019-05-03,88125.0,162.70316199
2019-05-04,85648.0,162.28141439
2019-05-05,86548.0,163.42616626
2019-05-06,85592.0,161.43477238
2019-05-07,87513.0,173.12724369
2019-05-08,85503.0,169.39350477
2019-05-09,115164.0,168.8154455
2019-05-10,170090.0,172.79554142
2019-05-11,167572.0,176.78295696
2019-05-12,115047.0,193.07480365
2019-05-13,146639.0,201.3120468
2019-05-14,115638.0,206.6510451
2019-05-15,156768.0,235.8972991
2019-05-16,129358.0,273.63561907
2019-05-17,108548.0,231.06130806
2019-05-18,125434.0,242.35294916
2019-05-19,159104.0,254.93370101
2019-05-20,148238.0,247.31109249
2019-05-21,147956.0,251.44507282
2019-05-22,147387.0,255.13805145
2019-05-23,145903.0,243.48263594
2019-05-24,130414.0,253.58425432
2019-05-25,118580.0,251.97048299
2019-05-26,98379.0,249.42906149
2019-05-27,114486.0,272.6353354
2019-05-28,128762.0,270.80549798
2019-05-29,132162.0,269.20298445
2019-05-30,137416.0,286.16032829
2019-05-31,107076.0,254.55683686
2019-06-01,226626.0,269.89409866
2019-06-02,102021.0,265.99425257
2019-06-03,113093.0,269.67947635
2019-06-04,112684.0,249.52699362
2019-06-05,102270.0,240.82336916
2019-06-06,114884.0,243.46136036
2019-06-07,105353.0,250.06909752
2019-06-08,109858.0,249.49875328
2019-06-09,99126.0,243.25500568
2019-06-10,96100.0,235.13546214
2019-06-11,83460.0,240.85089069
2019-06-12,98061.0,248.62021604
2019-06-13,113239.0,260.22363801
2019-06-14,117676.0,258.27281611
2019-06-15,195332.0,265.11867876
2019-06-16,101868.0,272.88462185
2019-06-17,120528.0,270.44971705
2019-06-18,148516.0,267.17305217
2019-06-19,130119.0,266.99919451
2019-06-20,93136.0,270.06514542
2019-06-21,125673.0,279.74676755
2019-06-22,123478.0,304.72963984
2019-06-23,106743.0,311.39248258
2019-06-24,128714.0,308.00093794
2019-06-25,130971.0,311.30134191
2019-06-26,135053.0,330.85495854
2019-06-27,133718.0,307.31087852
2019-06-28,138763.0,307.25835227
2019-06-29,103228.0,297.52159415
2019-06-30,98925.0,297.37414316
2019-07-01,87403.0,299.79081422
2019-07-02,108449.0,288.35521984
2019-07-03,144150.0,295.92959599
2019-07-04,142614.0,295.66938295
2019-07-05,98357.0,285.83090685
2019-07-06,94548.0,295.18927348
2019-07-07,118841.0,288.83300191
2019-07-08,98638.0,305.24923115
2019-07-09,105863.0,316.07101752
2019-07-10,105459.0,310.58157195
2019-07-11,98727.0,283.99714584
2019-07-12,81591.0,272.81284205
2019-07-13,98368.0,273.51096041
2019-07-14,91251.0,235.1578918
2019-07-15,105348.0,230.38300709
2019-07-16,87609.0,221.84767807
2019-07-17,82736.0,198.42058013
2019-07-18,105839.0,224.34023034
2019-07-19,86956.0,223.01852402
2019-07-20,98889.0,226.9043363
2019-07-21,116793.0,225.50760783
2019-07-22,111455.0,215.78268766
2019-07-23,160112.0,217.23590134
2019-07-24,96618.0,215.18162369
2019-07-25,103976.0,222.23141333
2019-07-26,105754.0,216.76268528
2019-07-27,105627.0,222.42141267
2019-07-28,117045.0,207.79524287
2019-07-29,136383.0,213.26799038
2019-07-30,99589.0,212.60851121
2019-07-31,110324.0,212.37162749
2019-08-01,86121.0,214.66226136
2019-08-02,95643.0,221.16568616
2019-08-03,79603.0,221.20734343
2019-08-04,115711.0,222.03981343
2019-08-05,100029.0,230.24690418
2019-08-06,118219.0,229.85834506
2019-08-07,113500.0,224.72117032
2019-08-08,134607.0,226.05403909
2019-08-09,134626.0,210.10533079
2019-08-10,93396.0,211.63543068
2019-08-11,90533.0,210.6548487
2019-08-12,139538.0,213.82364617
2019-08-13,103752.0,206.09014466
2019-08-14,102157.0,205.36691407
2019-08-15,101719.0,186.01241401
2019-08-16,95040.0,187.88629369
2019-08-17,108576.0,184.65766072
2019-08-18,108357.0,184.28067701
2019-08-19,98272.0,196.41888543
2019-08-20,109676.0,197.50548253
2019-08-21,106925.0,183.72338414
2019-08-22,104821.0,191.27614199
2019-08-23,86640.0,194.81554139
2019-08-24,80593.0,188.25622043
2019-08-25,101200.0,190.08217567
2019-08-26,75687.0,191.49841012
2019-08-27,78889.0,187.10460695
2019-08-28,79514.0,187.5771005
2019-08-29,75476.0,170.68617588
2019-08-30,94805.0,168.71978307
2019-08-31,81411.0,169.82392168
2019-09-01,68610.0,170.71440414
2019-09-02,68534.0,173.0448614
2019-09-03,83676.0,179.17299517
2019-09-04,73581.0,176.83746889
2019-09-05,83043.0,175.49971565
2019-09-06,75429.0,176.87097157
2019-09-07,64891.0,169.97234473
2019-09-08,59460.0,182.34361372
2019-09-09,68668.0,181.8847563
2019-09-10,67386.0,180.17223554
2019-09-11,70142.0,180.29132512
2019-09-12,68781.0,180.31877483
2019-09-13,67294.0,178.91011263
2019-09-14,59388.0,180.71247343
2019-09-15,65618.0,186.54826578
2019-09-16,74371.0,194.27766815
2019-09-17,69990.0,197.83365607
2019-09-18,69839.0,211.14320706
2019-09-19,67989.0,205.91359757
2019-09-20,76802.0,219.42755156
2019-09-21,68001.0,218.298517
2019-09-22,71819.0,211.03004565
2019-09-23,71316.0,210.15486902
2019-09-24,64826.0,201.97549017
2019-09-25,67907.0,171.1763985
2019-09-26,66359.0,169.40640372
2019-09-27,60932.0,165.66021136
2019-09-28,69811.0,171.60774862
2019-09-29,63082.0,172.66037788
2019-09-30,66486.0,169.11750378
2019-10-01,114408.0,183.09185855
2019-10-02,126385.0,176.65458977
2019-10-03,126486.0,173.24897594
2019-10-04,105397.0,176.13673365
2019-10-05,122513.0,175.83818171
2019-10-06,151609.0,175.75412517
2019-10-07,113879.0,173.71060389
2019-10-08,115050.0,179.48679056
2019-10-09,108667.0,181.18882968
2019-10-10,123580.0,192.44363397
2019-10-11,129475.0,194.02723587
2019-10-12,110024.0,185.03068545
2019-10-13,88083.0,184.61459905
2019-10-14,100085.0,182.92572234
2019-10-15,134899.0,183.05058324
2019-10-16,115525.0,180.47406874
2019-10-17,115195.0,175.33111852
2019-10-18,118217.0,176.88636904
2019-10-19,110187.0,174.44228878
2019-10-20,85140.0,174.01950917
2019-10-21,91395.0,175.13990791
2019-10-22,92892.0,173.88437924
2019-10-23,98803.0,167.87755694
2019-10-24,110404.0,162.71239592
2019-10-25,112753.0,174.89685151
2019-10-26,107103.0,180.94152815
2019-10-27,104836.0,178.31770981
2019-10-28,98340.0,185.19086666
2019-10-29,87568.0,184.40985758
2019-10-30,88500.0,189.56678726
2019-10-31,107744.0,184.39415398
2019-11-01,107992.0,181.86176603
2019-11-02,96409.0,184.60689245
2019-11-03,80359.0,182.36803089
2019-11-04,81408.0,182.34832579
2019-11-05,115556.0,186.49517919
2019-11-06,104689.0,191.54946715
2019-11-07,90803.0,189.87931995
2019-11-08,91543.0,187.63377229
2019-11-09,73841.0,184.18965206
2019-11-10,60694.0,187.214747
2019-11-11,96094.0,189.51865776
2019-11-12,81327.0,185.20902232
2019-11-13,87692.0,187.50289847
2019-11-14,98450.0,185.76090437
2019-11-15,80743.0,183.63831525
2019-11-16,75205.0,181.19478166
2019-11-17,81588.0,183.14235983
2019-11-18,130028.0,183.899177
2019-11-19,126033.0,176.76744756
2019-11-20,102674.0,176.82053197
2019-11-21,104239.0,175.84320407
2019-11-22,83704.0,161.0926327
2019-11-23,104863.0,152.58598227
2019-11-24,96632.0,147.56782166
2019-11-25,78858.0,138.16655543
2019-11-26,99744.0,146.93194631
2019-11-27,88009.0,148.09769753
2019-11-28,369236.0,153.43449641
2019-11-29,286909.0,152.685764
2019-11-30,161302.0,155.91974526
2019-12-01,197549.0,150.2851226
2019-12-02,176854.0,148.10068995
2019-12-03,177763.0,149.26220817
2019-12-04,158913.0,145.78687285
2019-12-05,171429.0,146.00921879
2019-12-06,82188.0,148.91537747
2019-12-07,68361.0,149.66247941
2019-12-08,238519.0,152.08287613
2019-12-09,190745.0,149.53757375
2019-12-10,155105.0,145.92498232
2019-12-11,126174.0,143.79816052
2019-12-12,86726.0,143.85604398
2019-12-13,83281.0,145.41101227
2019-12-14,69260.0,142.76884954
2019-12-15,66890.0,141.97964606
2019-12-16,80430.0,141.64796521
2019-12-17,67099.0,132.84188804
2019-12-18,72088.0,127.15293177
2019-12-19,71612.0,130.72177589
2019-12-20,62565.0,128.18483576
2019-12-21,101979.0,128.16124296
2019-12-22,78681.0,130.5145204
2019-12-23,72679.0,134.07429255
2019-12-24,79768.0,128.09848636
2019-12-25,78859.0,126.53648507
2019-12-26,86243.0,126.9632116
2019-12-27,103187.0,126.46105716
2019-12-28,116865.0,128.12058302
2019-12-29,132457.0,132.57324834
2019-12-30,110896.0,131.78896208
2019-12-31,71438.0,131.24279818
2020-01-01,93415.0,130.26650886
2020-01-02,74648.0,130.02826419
2020-01-03,89233.0,132.71730974
2020-01-04,87268.0,133.57757046
2020-01-05,86163.0,137.83085676
2020-01-06,80288.0,139.44565699
2020-01-07,100212.0,143.88356205
2020-01-08,90301.0,144.98913724
2020-01-09,90003.0,138.69440815
2020-01-10,82144.0,137.98409606
2020-01-11,158358.0,143.56955042
2020-01-12,71179.0,145.09539087
2020-01-13,274635.0,143.13909331
2020-01-14,87930.0,156.49368514
2020-01-15,87664.0,162.78312133
2020-01-16,93709.0,160.26939027
2020-01-17,80707.0,165.27554911
2020-01-18,74528.0,172.0456163
2020-01-19,82721.0,165.38071297
2020-01-20,75935.0,165.58240048
2020-01-21,60277.0,168.95726392
2020-01-22,131863.0,168.94138342
2020-01-23,63468.0,163.47712397
2020-01-24,53052.0,162.90022032
2020-01-25,59877.0,160.86723878
2020-01-26,57794.0,161.94303989
2020-01-27,76555.0,168.54302047
2020-01-28,61854.0,172.88865979
2020-01-29,61759.0,175.87737236
2020-01-30,67486.0,174.09067987
2020-01-31,67560.0,179.52458939
2020-02-01,77659.0,181.70473255
2020-02-02,66511.0,192.39013412
2020-02-03,73256.0,188.86444642
2020-02-04,54498.0,188.2618418
2020-02-05,60181.0,189.67567241
2020-02-06,76224.0,212.13427618
2020-02-07,71990.0,220.89196382
2020-02-08,112731.0,224.57768192
2020-02-09,84425.0,227.34390121
2020-02-10,94438.0,226.05816286
2020-02-11,117806.0,219.26145334
2020-02-12,63309.0,243.56032126
2020-02-13,62233.0,270.68683607
2020-02-14,50776.0,273.32074508
2020-02-15,52271.0,281.7531633
2020-02-16,52761.0,271.1314578
2020-02-17,42567.0,256.52885905
2020-02-18,44410.0,268.57090492
2020-02-19,68447.0,279.54845984
2020-02-20,43579.0,261.85653909
2020-02-21,49530.0,264.38452056
2020-02-22,58457.0,263.15573174
2020-02-23,61303.0,269.10827317
2020-02-24,54100.0,268.25178867
2020-02-25,54490.0,262.55860417
2020-02-26,61682.0,239.75083677
2020-02-27,64376.0,218.94943323
2020-02-28,90242.0,226.61833825
2020-02-29,108214.0,225.64032417
2020-03-01,112680.0,221.05105074
2020-03-02,83831.0,219.85442046
2020-03-03,141312.0,231.23307225
2020-03-04,103626.0,223.06574507
2020-03-05,108720.0,231.39797332
2020-03-06,91144.0,236.25013413
2020-03-07,125672.0,246.06525547
2020-03-08,83978.0,218.79580597
2020-03-09,96478.0,193.83847771
2020-03-10,121923.0,198.59261905
2020-03-11,112980.0,192.93291084
2020-03-12,93061.0,184.45073321
2020-03-13,84853.0,125.09546188
2020-03-14,186287.0,134.39237044
2020-03-15,228874.0,122.21333234
2020-03-16,175504.0,122.92434562
2020-03-17,179316.0,114.42322402
2020-03-18,178949.0,113.97308263
2020-03-19,174075.0,116.06544493
2020-03-20,146651.0,130.26905812
2020-03-21,239592.0,132.77327714
2020-03-22,170111.0,128.60276424
2020-03-23,120810.0,128.83833254
2020-03-24,139154.0,136.39151692
2020-03-25,108865.0,136.06864064
2020-03-26,157310.0,137.26124377
2020-03-27,143073.0,138.98800274
2020-03-28,149166.0,128.94152484
2020-03-29,139448.0,130.30150782
2020-03-30,115570.0,127.0174613
2020-03-31,128845.0,132.82140441
2020-04-01,121352.0,133.08973185
2020-04-02,100302.0,139.34606937
2020-04-03,106490.0,141.5668566
2020-04-04,99149.0,142.99152608
2020-04-05,137760.0,144.27176134
2020-04-06,103739.0,159.48823401
2020-04-07,103670.0,170.02672152
2020-04-08,114294.0,171.28231057
2020-04-09,144286.0,170.92983964
2020-04-10,157683.0,165.32446127
2020-04-11,255084.0,157.94625747
2020-04-12,513298.0,162.04623024
2020-04-13,280815.0,153.45940254
2020-04-14,176994.0,159.92496295
2020-04-15,197841.0,155.98766634
2020-04-16,205364.0,172.04137728
2020-04-17,234899.0,171.50302401
2020-04-18,245377.0,173.59056189
2020-04-19,125807.0,187.23725939
2020-04-20,171858.0,185.00207349
2020-04-21,111458.0,171.31735959
2020-04-22,123784.0,183.23762678
2020-04-23,125140.0,188.70087792
2020-04-24,120287.0,189.37492562
2020-04-25,118791.0,196.16322903
2020-04-26,149767.0,196.20339337
2020-04-27,123583.0,198.32078881
2020-04-28,139739.0,195.94571691
2020-04-29,145611.0,211.34712827
2020-04-30,127473.0,210.6700229
2020-05-01,116387.0,209.96295951
2020-05-02,121247.0,215.3560633
2020-05-03,121808.0,209.58828287
2020-05-04,205054.0,207.33901767
2020-05-05,273966.0,208.17517059
2020-05-06,126184.0,208.67731999
2020-05-07,113656.0,205.59506292
2020-05-08,122149.0,212.64090671
2020-05-09,145266.0,212.7155415
2020-05-10,115564.0,188.896264
2020-05-11,116527.0,189.39806302
2020-05-12,131077.0,190.97816251
2020-05-13,121804.0,190.5880142
2020-05-14,118884.0,201.92205999
2020-05-15,133514.0,197.7494496
2020-05-16,115559.0,198.77863691
2020-05-17,117276.0,201.40760071
2020-05-18,118525.0,214.52060241
2020-05-19,117078.0,210.44895181
2020-05-20,121769.0,209.43711967
2020-05-21,129881.0,209.59551899
2020-05-22,135798.0,204.81500786
2020-05-23,127722.0,207.20547137
2020-05-24,139561.0,209.73094916
2020-05-25,138293.0,202.02487707
2020-05-26,134091.0,200.58250263
2020-05-27,120421.0,203.29083474
2020-05-28,117679.0,208.09102733
2020-05-29,123157.0,222.40186368
2020-05-30,122472.0,220.97353091
2020-05-31,124994.0,237.67266689
2020-06-01,132480.0,237.97739129
2020-06-02,130901.0,234.53400693
2020-06-03,135430.0,238.32092815
2020-06-04,153801.0,243.66412757
2020-06-05,199284.0,243.57612717
2020-06-06,243487.0,240.63582306
2020-06-07,146613.0,243.32285265
2020-06-08,125590.0,244.52323315
2020-06-09,128975.0,243.64590992
2020-06-10,125742.0,244.75165014
2020-06-11,125058.0,240.94116391
2020-06-12,124714.0,236.51602503
2020-06-13,124982.0,236.96762036
2020-06-14,131259.0,238.43613756
2020-06-15,125547.0,227.42742948
2020-06-16,114194.0,233.60175865
2020-06-17,108439.0,233.35175663
2020-06-18,113189.0,233.69693436
2020-06-19,106715.0,228.53497528
2020-06-20,150757.0,229.27615605
2020-06-21,152337.0,230.16483454
2020-06-22,128430.0,239.17136426
2020-06-23,155325.0,241.42578084
2020-06-24,124433.0,245.49549274
2020-06-25,121959.0,231.19836623
2020-06-26,179507.0,232.79656007
2020-06-27,136660.0,230.67013255
2020-06-28,145382.0,226.52579469
2020-06-29,144491.0,225.50695688
2020-06-30,146059.0,227.91715336
2020-07-01,139556.0,228.97489372
2020-07-02,133291.0,226.82825871
2020-07-03,165869.0,227.12363921
2020-07-04,179549.0,225.9887433
2020-07-05,217553.0,225.36687458
2020-07-06,198990.0,237.49782226
2020-07-07,172529.0,239.46660032
2020-07-08,194535.0,245.22050952
2020-07-09,146020.0,244.49744183
2020-07-10,165491.0,240.08901159
2020-07-11,218180.0,239.52621874
2020-07-12,224008.0,241.03528618
2020-07-13,196263.0,241.45613033
2020-07-14,157325.0,240.29711296
2020-07-15,147069.0,239.63711323
2020-07-16,118224.0,238.12151832
2020-07-17,124468.0,233.06160527
2020-07-18,112836.0,236.01727318
2020-07-19,105588.0,234.9187603
2020-07-20,108773.0,237.65129353
2020-07-21,118516.0,243.46138237
2020-07-22,116873.0,244.67356402
2020-07-23,118773.0,263.20389899
2020-07-24,123417.0,276.72436671
2020-07-25,121312.0,282.86467774
2020-07-26,144522.0,302.08866198
2020-07-27,142035.0,314.62428757
2020-07-28,146379.0,321.1960502
2020-07-29,157430.0,321.95009765
2020-07-30,142033.0,318.51839879
2020-07-31,150595.0,343.8016278
2020-08-01,156435.0,351.32013632
2020-08-02,188803.0,367.65268641
2020-08-03,241855.0,392.56056794
2020-08-04,178009.0,390.70721351
2020-08-05,205419.0,389.42935955
2020-08-06,189025.0,399.19743167
2020-08-07,178213.0,386.60467247
2020-08-08,148038.0,391.21082139
2020-08-09,147289.0,396.27504582
2020-08-10,142509.0,396.6847536
2020-08-11,138857.0,384.07518697
2020-08-12,138834.0,384.94378598
2020-08-13,161775.0,397.70051705
2020-08-14,186102.0,435.1615319
2020-08-15,208352.0,438.75503412
2020-08-16,234841.0,431.13562809
2020-08-17,216444.0,427.00410209
2020-08-18,183152.0,422.53235688
2020-08-19,158771.0,411.34183602
2020-08-20,149198.0,415.42857416
2020-08-21,122664.0,415.51854518
2020-08-22,156546.0,391.47553329
2020-08-23,216200.0,392.8506568
2020-08-24,197855.0,402.14082695
2020-08-25,172125.0,402.40334084
2020-08-26,198266.0,384.323
2020-08-27,161045.0,385.859
2020-08-28,202499.0,386.985
2020-08-29,160641.0,403.945
2020-08-30,128168.0,405.475
2020-08-31,119297.0,421.147
2020-09-01,122994.0,463.113
2020-09-02,105066.0,466.813
2020-09-03,93893.0,437.184
2020-09-04,114386.0,386.318
2020-09-05,101481.0,380.77
2020-09-06,158079.0,340.084
2020-09-07,169930.0,344.4
2020-09-08,225858.0,346.769
2020-09-09,140156.0,341.871
2020-09-10,102477.0,363.924
2020-09-11,93926.0,362.306
2020-09-12,121317.0,368.483
2020-09-13,144741.0,387.652
2020-09-14,109789.0,369.284
2020-09-15,89103.0,375.509
2020-09-16,102132.0,365.793
2020-09-17,120994.0,380.315
2020-09-18,115638.0,386.224
2020-09-19,112781.0,378.197
2020-09-20,113663.0,381.224
2020-09-21,111300.0,369.865
2020-09-22,132750.0,336.47
2020-09-23,124214.0,335.898
2020-09-24,149409.0,327.895
2020-09-25,129379.0,342.924
2020-09-26,189112.0,350.661
2020-09-27,169207.0,354.384
2020-09-28,136945.0,357.35
2020-09-29,103143.0,354.961
2020-09-30,111619.0,354.571
2020-10-01,102199.0,363.959
2020-10-02,148719.0,342.018
2020-10-03,203196.0,346.228
2020-10-04,160349.0,348.355
2020-10-05,131295.0,351.193
2020-10-06,124459.0,350.855
2020-10-07,102976.0,341.327
2020-10-08,138869.0,336.618
2020-10-09,135617.0,350.545
2020-10-10,149253.0,374.994
2020-10-11,203311.0,372.24
2020-10-12,215464.0,374.134
2020-10-13,170624.0,382.99
2020-10-14,130398.0,382.471
2020-10-15,187821.0,378.974
2020-10-16,194694.0,369.814
2020-10-17,276146.0,368.038
2020-10-18,289794.0,374.022
2020-10-19,238712.0,375.153
2020-10-20,142455.0,375.78
2020-10-21,136408.0,379.146
2020-10-22,143466.0,395.107
2020-10-23,144915.0,412.905
2020-10-24,239763.0,410.813
2020-10-25,250994.0,409.996
2020-10-26,219509.0,405.177
2020-10-27,175735.0,394.808
2020-10-28,143827.0,397.55
2020-10-29,136175.0,388.139
2020-10-30,120825.0,378.727
2020-10-31,193588.0,384.938
2020-11-01,219918.0,389.574
2020-11-02,129166.0,399.805
2020-11-03,152028.0,375.562
2020-11-04,213837.0,378.407
2020-11-05,189668.0,403.61
2020-11-06,130368.0,435.998
2020-11-07,159583.0,457.34
2020-11-08,247597.0,437.229
2020-11-09,211900.0,445.673
2020-11-10,187953.0,449.865
2020-11-11,274178.0,463.022
2020-11-12,242195.0,465.138
2020-11-13,232180.0,461.282
2020-11-14,172683.0,467.639
2020-11-15,222575.0,461.149
2020-11-16,167069.0,455.151
2020-11-17,135042.0,466.196
2020-11-18,138244.0,476.354
2020-11-19,127707.0,472.582
2020-11-20,141092.0,490.843
2020-11-21,144933.0,510.629
2020-11-22,141573.0,542.855
2020-11-23,143905.0,581.396
2020-11-24,165329.0,605.713
2020-11-25,174268.0,593.233
2020-11-26,141118.0,516.841
2020-11-27,171642.0,518.394
2020-11-28,301652.0,514.494
2020-11-29,420078.0,542.005
2020-11-30,184339.0,585.931
2020-12-01,139169.0,611.457
2020-12-02,120556.0,598.515
2020-12-03,139025.0,598.914
2020-12-04,114448.0,605.208
2020-12-05,155948.0,585.401
2020-12-06,189395.0,600.54
2020-12-07,156900.0,601.208
2020-12-08,116885.0,589.094
2020-12-09,119728.0,539.286
2020-12-10,111155.0,563.55
2020-12-11,107988.0,541.876
2020-12-12,169897.0,559.563
2020-12-13,249170.0,579.267
2020-12-14,200792.0,586.144
2020-12-15,161760.0,585.502
2020-12-16,168735.0,584.977
2020-12-17,190203.0,648.132
2020-12-18,129791.0,644.56
2020-12-19,117054.0,649.565
2020-12-20,139284.0,656.262
2020-12-21,111748.0,645.999
2020-12-22,128910.0,595.695
2020-12-23,110408.0,616.578
2020-12-24,116420.0,581.81
2020-12-25,129897.0,611.912
2020-12-26,108353.0,624.794
2020-12-27,119629.0,649.581
2020-12-28,128674.0,733.778
2020-12-29,134672.0,707.811
2020-12-30,128335.0,734.654
2020-12-31,131470.0,748.864
2021-01-01,132817.0,738.554
2021-01-02,135790.0,767.28605789
2021-01-03,146605.0,773.78175013
2021-01-04,170388.0,1045.586
2021-01-05,157719.0,1004.476
2021-01-06,168215.0,1109.529
2021-01-07,180173.0,1190.206
2021-01-08,178158.0,1204.996
2021-01-09,166087.0,1194.602
2021-01-10,185908.0,1347.931
2021-01-11,154974.0,1070.844
2021-01-12,158589.0,1141.299
2021-01-13,163352.0,1072.729
2021-01-14,163282.0,1148.518
2021-01-15,165847.0,1233.948
2021-01-16,153170.0,1182.671
2021-01-17,168628.0,1184.177
2021-01-18,162221.0,1218.045
2021-01-19,154809.0,1375.472
2021-01-20,156553.0,1373.569
2021-01-21,138558.0,1307.813
2021-01-22,136025.0,1133.53
2021-01-23,130707.0,1260.578
2021-01-24,131047.0,1312.597
2021-01-25,140450.0,1423.177
2021-01-26,141975.0,1320.525
2021-01-27,139751.0,1302.016
2021-01-28,146849.0,1285.27
2021-01-29,201363.0,1319.051
2021-01-30,216786.0,1349.892
2021-01-31,189827.0,1346.449
2021-02-01,189749.0,1320.069
2021-02-02,170162.0,1419.065
2021-02-03,188477.0,1548.021
2021-02-04,197620.0,1665.8
2021-02-05,185534.0,1660.576
2021-02-06,238120.0,1681.12
2021-02-07,235117.0,1635.058
2021-02-08,219167.0,1641.181
2021-02-09,205406.0,1753.792
2021-02-10,199467.0,1815.127
2021-02-11,202764.0,1739.973
2021-02-12,203165.0,1770.62
2021-02-13,191962.0,1810.867
2021-02-14,191374.0,1838.09
2021-02-15,178301.0,1753.012
2021-02-16,190492.0,1798.692
2021-02-17,170713.0,1806.601
2021-02-18,191907.0,1898.429
2021-02-19,201248.0,1918.801
2021-02-20,206387.0,1999.934
2021-02-21,214755.0,1914.252
2021-02-22,187941.0,1888.087
2021-02-23,177435.0,1591.943
2021-02-24,190265.0,1645.739
2021-02-25,193882.0,1636.277
2021-02-26,197439.0,1416.608
2021-02-27,168554.0,1491.979
2021-02-28,160720.0,1348.697
2021-03-01,177360.0,1440.6
2021-03-02,160607.0,1539.224
2021-03-03,169027.0,1567.16
2021-03-04,163332.0,1560.518
2021-03-05,148813.0,1480.0
2021-03-06,164444.0,1585.191
2021-03-07,140218.0,1682.79
2021-03-08,146844.0,1690.425
2021-03-09,161730.0,1813.659
2021-03-10,164415.0,1812.074
2021-03-11,175639.0,1770.391
2021-03-12,181022.0,1792.458
2021-03-13,179571.0,1788.715
2021-03-14,181823.0,1887.732
2021-03-15,180390.0,1799.154
2021-03-16,179997.0,1800.663
2021-03-17,185519.0,1784.397
2021-03-18,197705.0,1814.534
2021-03-19,189656.0,1793.18
2021-03-20,185582.0,1823.564
2021-03-21,192253.0,1779.703
2021-03-22,173897.0,1789.836
2021-03-23,176414.0,1679.069
2021-03-24,169630.0,1695.929
2021-03-25,177162.0,1576.537
2021-03-26,178225.0,1636.389
2021-03-27,183624.0,1692.118
2021-03-28,198720.0,1718.128
2021-03-29,173029.0,1704.818
2021-03-30,170001.0,1817.695
2021-03-31,190425.0,1814.751
2021-04-01,196933.0,1926.697
2021-04-02,186711.0,1996.558
2021-04-03,188578.0,2111.577
2021-04-04,189345.0,2033.063
2021-04-05,210147.0,2030.72
2021-04-06,189766.0,2095.259
2021-04-07,190512.0,2078.969
2021-04-08,195137.0,2023.208
2021-04-09,212672.0,2076.849
2021-04-10,210828.0,2158.767
2021-04-11,265815.0,2129.453
2021-04-12,237970.0,2182.728
2021-04-13,239011.0,2166.35
2021-04-14,225925.0,2374.619
2021-04-15,199498.0,2474.784
2021-04-16,210897.0,2425.607
2021-04-17,261810.0,2465.05
2021-04-18,236451.0,2214.949
2021-04-19,252608.0,2274.54
2021-04-20,321377.0,2096.829
2021-04-21,314292.0,2290.984
2021-04-22,274817.0,2482.854
2021-04-23,249651.0,2133.555
2021-04-24,347918.0,2277.834
2021-04-25,391781.0,2194.006
2021-04-26,245790.0,2456.575
2021-04-27,266762.0,2544.483
2021-04-28,244862.0,2612.258
2021-04-29,224347.0,2731.784
2021-04-30,209330.0,2776.607
2021-05-01,229723.0,2853.384
2021-05-02,233784.0,2896.554
2021-05-03,186811.0,3143.779
2021-05-04,209322.0,3326.884
2021-05-05,225656.0,3340.197
2021-05-06,231843.0,3442.802
2021-05-07,234239.0,3440.036
2021-05-08,275100.0,3539.629
2021-05-09,321688.0,3949.514
2021-05-10,300254.0,4114.827
2021-05-11,344194.0,3968.521
2021-05-12,298807.0,4311.684
2021-05-13,234111.0,3968.691
2021-05-14,231094.0,3888.501
2021-05-15,240343.0,3916.265
2021-05-16,200903.0,3854.966
2021-05-17,186969.0,3525.279
2021-05-18,195058.0,3505.803
2021-05-19,185419.0,2989.084
2021-05-20,178354.0,2713.535
2021-05-21,162666.0,2691.51
2021-05-22,167009.0,2245.141
2021-05-23,230174.0,2154.164
2021-05-24,203121.0,2293.335
2021-05-25,177976.0,2656.371
2021-05-26,192954.0,2887.582
2021-05-27,197949.0,2735.811
2021-05-28,178855.0,2567.561
2021-05-29,287491.0,2491.822
2021-05-30,193350.0,2457.191
2021-05-31,225711.0,2446.77
2021-06-01,183218.0,2652.619
2021-06-02,156320.0,2689.245
2021-06-03,157628.0,2815.143
2021-06-04,173201.0,2618.303
2021-06-05,269457.0,2781.692
2021-06-06,372846.0,2691.031
2021-06-07,199766.0,2765.091
2021-06-08,150442.0,2504.845
2021-06-09,179341.0,2511.897
2021-06-10,187656.0,2549.427
2021-06-11,208990.0,2447.836
2021-06-12,199356.0,2324.431
2021-06-13,252817.0,2324.39
2021-06-14,152232.0,2497.655
2021-06-15,178320.0,2621.46
2021-06-16,148041.0,2529.594
2021-06-17,146836.0,2443.438
2021-06-18,169912.0,2342.092
2021-06-19,156702.0,2240.949
2021-06-20,214209.0,2199.985
2021-06-21,174776.0,2012.064
2021-06-22,123303.0,1938.913
2021-06-23,130693.0,2006.469
2021-06-24,190452.0,1920.13
2021-06-25,167945.0,1945.004
2021-06-26,194451.0,1751.054
2021-06-27,270918.0,1869.225
2021-06-28,159167.0,2048.917
2021-06-29,162335.0,2133.623
2021-06-30,142372.0,2159.196
2021-07-01,122188.0,2135.487
2021-07-02,160678.0,2063.882
2021-07-03,212721.0,2198.461
2021-07-04,238316.0,2336.429
2021-07-05,189118.0,2274.121
2021-07-06,127593.0,2339.325
2021-07-07,127148.0,2375.341
2021-07-08,109022.0,2172.922
2021-07-09,124296.0,2118.773
2021-07-10,147260.0,2123.156
2021-07-11,159276.0,2098.616
2021-07-12,123844.0,2146.921
2021-07-13,107667.0,2028.396
2021-07-14,105244.0,1899.752
2021-07-15,94929.0,1953.491
2021-07-16,61291.0,1904.963
2021-07-17,89482.0,1879.483
2021-07-18,59945.0,1957.833
2021-07-19,63662.0,1893.869
2021-07-20,70468.0,1765.66
2021-07-21,68113.0,1871.425
2021-07-22,74952.0,1992.152
2021-07-23,74423.0,2062.25
2021-07-24,71761.0,2135.875
2021-07-25,67275.0,2177.222
2021-07-26,74195.0,2329.702
2021-07-27,84759.0,2205.895
2021-07-28,85780.0,2297.331
2021-07-29,80240.0,2296.385
2021-07-30,82674.0,2399.557
2021-07-31,83619.0,2443.645
2021-08-01,74925.0,2587.389
2021-08-02,77048.0,2617.858
2021-08-03,85004.0,2490.874
2021-08-04,77754.0,2471.762
2021-08-05,74669.0,2680.316
2021-08-06,94209.0,2769.405
2021-08-07,113226.0,2960.576
2021-08-08,110650.0,3140.192
2021-08-09,112521.0,2946.105
2021-08-10,116686.0,3146.639
2021-08-11,122976.0,3231.465
2021-08-12,123997.0,3144.368
2021-08-13,115286.0,3227.004
2021-08-14,110344.0,3309.366
2021-08-15,102678.0,3157.756
2021-08-16,113414.0,3277.219
2021-08-17,119919.0,3167.207
2021-08-18,110679.0,3031.928
2021-08-19,111698.0,2981.949
2021-08-20,121683.0,3214.852
2021-08-21,119611.0,3295.274
2021-08-22,105739.0,3266.142
2021-08-23,113694.0,3327.004
2021-08-24,118684.0,3349.916
2021-08-25,113748.0,3185.137
2021-08-26,107921.0,3101.657
2021-08-27,117388.0,3128.655
2021-08-28,109710.0,3234.435
2021-08-29,99908.0,3210.049
2021-08-30,106300.0,3181.163
2021-08-31,120040.0,3352.854
2021-09-01,116926.0,3514.949
2021-09-02,132022.0,3738.052
2021-09-03,122676.0,3800.17
2021-09-04,116405.0,3918.382
2021-09-05,102435.0,3870.989
2021-09-06,114084.0,3945.368
2021-09-07,120289.0,3886.451
2021-09-08,114431.0,3271.004
2021-09-09,116130.0,3502.215
2021-09-10,126249.0,3402.989
2021-09-11,115337.0,3241.824
2021-09-12,116816.0,3323.531
2021-09-13,115482.0,3201.041
2021-09-14,130111.0,3310.29
2021-09-15,120939.0,3397.536
2021-09-16,120359.0,3635.19
2021-09-17,130393.0,3518.521
2021-09-18,107527.0,3500.923
2021-09-19,112201.0,3438.523
2021-09-20,97633.0,3116.236
2021-09-21,103658.0,3067.58
2021-09-22,100662.0,2945.822
2021-09-23,106766.0,3146.573
2021-09-24,106271.0,2927.843
2021-09-25,98159.0,2890.092
2021-09-26,93678.0,2777.896
2021-09-27,104208.0,3098.286
2021-09-28,100553.0,2895.497
2021-09-29,97310.0,2924.041
2021-09-30,96272.0,3000.182
2021-10-01,108102.0,3093.867
2021-10-02,101049.0,3283.993
2021-10-03,101530.0,3394.686
2021-10-04,98807.0,3366.027
2021-10-05,118834.0,3394.255
2021-10-06,138604.0,3455.964
2021-10-07,193251.0,3611.851
2021-10-08,134046.0,3602.427
2021-10-09,124510.0,3604.781
2021-10-10,110356.0,3582.362
2021-10-11,111409.0,3613.426
2021-10-12,122227.0,3483.067
2021-10-13,119396.0,3436.817
2021-10-14,128640.0,3631.106
2021-10-15,123853.0,3811.252
2021-10-16,125977.0,3847.484
2021-10-17,110208.0,3879.788
2021-10-18,122813.0,3838.741
2021-10-19,129515.0,3809.571
2021-10-20,141250.0,3855.165
2021-10-21,146966.0,4168.182
2021-10-22,130960.0,4136.177
2021-10-23,126226.0,4020.078
2021-10-24,143724.0,4094.972
2021-10-25,145903.0,4149.958
2021-10-26,165389.0,4199.489
2021-10-27,174766.0,4144.402
2021-10-28,224707.0,4015.071
2021-10-29,216959.0,4306.163
2021-10-30,219102.0,4350.46
2021-10-31,190371.0,4316.342
2021-11-01,175322.0,4300.714
2021-11-02,190035.0,4345.203
2021-11-03,200398.0,4611.42
2021-11-04,191346.0,4523.864
2021-11-05,178562.0,4532.89
2021-11-06,168852.0,4472.83
2021-11-07,160414.0,4546.21
2021-11-08,170450.0,4732.6
2021-11-09,163534.0,4789.0
2021-11-10,168644.0,4721.22
2021-11-11,159607.0,4696.32
2021-11-12,159106.0,4709.94
2021-11-13,157313.0,4640.24
2021-11-14,155472.0,4602.16
2021-11-15,161427.0,4684.52
2021-11-16,153532.0,4304.97
2021-11-17,146565.0,4184.84
2021-11-18,144719.0,4249.73
2021-11-19,139728.0,4061.1
2021-11-20,145136.0,4284.09
2021-11-21,130287.0,4353.27
2021-11-22,139822.0,4191.45
2021-11-23,144741.0,4109.41
2021-11-24,154752.0,4272.25
2021-11-25,158909.0,4294.4
2021-11-26,154153.0,4334.06
2021-11-27,137075.0,4122.73
2021-11-28,127483.0,4072.2
2021-11-29,135694.0,4350.69
2021-11-30,158114.0,4413.74
2021-12-01,149306.0,4771.38
2021-12-02,153254.0,4561.56
2021-12-03,150188.0,4565.84
2021-12-04,131201.0,3880.21
2021-12-05,125772.0,4193.1
2021-12-06,123221.0,4068.4
2021-12-07,143350.0,4354.85
2021-12-08,140245.0,4361.41
2021-12-09,131391.0,4388.07
2021-12-10,136260.0,4039.98
2021-12-11,126743.0,3982.23
2021-12-12,125359.0,4058.7
2021-12-13,136297.0,3989.59
2021-12-14,140713.0,3781.44
2021-12-15,141216.0,3867.95
2021-12-16,135041.0,4015.74
2021-12-17,125762.0,3875.78
2021-12-18,121382.0,3894.19
2021-12-19,122089.0,3981.75
2021-12-20,121033.0,3839.22
2021-12-21,141278.0,4004.77
2021-12-22,141077.0,4052.47
2021-12-23,142799.0,3913.8
2021-12-24,140464.0,4089.85
2021-12-25,109125.0,4056.01
2021-12-26,124141.0,4038.45
2021-12-27,136527.0,4054.1
2021-12-28,146782.0,3917.7
2021-12-29,117998.0,3796.24
2021-12-30,130828.0,3713.71
2021-12-31,136695.0,3708.4
2022-01-01,126489.0,3716.05
2022-01-02,118138.0,3741.39
2022-01-03,127308.0,3809.3
2022-01-04,144542.0,3757.37
2022-01-05,145092.0,3814.9
2022-01-06,132159.0,3452.75
2022-01-07,122090.0,3192.11
2022-01-08,117272.0,3210.81
2022-01-09,105700.0,3132.37
2022-01-10,103956.0,3162.12
2022-01-11,110783.0,3132.91
2022-01-12,121219.0,3215.89
2022-01-13,125895.0,3341.18
2022-01-14,120415.0,3266.76
2022-01-15,111462.0,3309.53
2022-01-16,121709.0,3334.89
2022-01-17,110956.0,3274.22
2022-01-18,111945.0,3187.22
2022-01-19,120543.0,3058.17
2022-01-20,126142.0,3138.8
2022-01-21,118556.0,2882.18
2022-01-22,107102.0,2467.9
2022-01-23,108166.0,2490.17
2022-01-24,110776.0,2383.39
2022-01-25,117249.0,2382.98
2022-01-26,120861.0,2462.07
2022-01-27,110529.0,2406.88
2022-01-28,103868.0,2398.2
2022-01-29,107267.0,2563.33
2022-01-30,103251.0,2621.52
2022-01-31,105564.0,2522.08
2022-02-01,111763.0,2738.06
2022-02-02,107213.0,2750.5
2022-02-03,109309.0,2673.97
2022-02-04,107983.0,2805.7
2022-02-05,113809.0,3002.48
2022-02-06,109211.0,3014.03
2022-02-07,139554.0,3082.99
2022-02-08,128755.0,3176.41
2022-02-09,125721.0,3107.58
2022-02-10,126989.0,3194.07
2022-02-11,113446.0,3104.3
2022-02-12,105556.0,2923.46
2022-02-13,117123.0,2924.98
2022-02-14,121359.0,2883.37
2022-02-15,113961.0,3050.73
2022-02-16,106137.0,3150.14
2022-02-17,104552.0,3112.19
2022-02-18,98648.0,2904.77
2022-02-19,96067.0,2813.81
2022-02-20,91099.0,2655.15
2022-02-21,94004.0,2750.29
2022-02-22,109073.0,2523.0
2022-02-23,99689.0,2695.04
2022-02-24,111407.0,2375.04
2022-02-25,113446.0,2611.31
2022-02-26,101420.0,2790.25
2022-02-27,98212.0,2738.38
2022-02-28,94362.0,2635.08
2022-03-01,103066.0,2920.99
2022-03-02,116575.0,2975.4
2022-03-03,115733.0,2904.07
2022-03-04,102776.0,2732.21
2022-03-05,97788.0,2637.19
2022-03-06,98170.0,2644.37
2022-03-07,98371.0,2521.49
2022-03-08,105198.0,2533.93
2022-03-09,98414.0,2747.15
2022-03-10,112883.0,2595.5
2022-03-11,99145.0,2610.79
2022-03-12,98840.0,2588.38
2022-03-13,88608.0,2581.99
2022-03-14,94744.0,2588.63
2022-03-15,105548.0,2529.81
2022-03-16,118552.0,2647.35
2022-03-17,104972.0,2756.65
2022-03-18,98590.0,2794.49
2022-03-19,98776.0,2923.64
2022-03-20,98110.0,2926.72
2022-03-21,95448.0,2891.63
2022-03-22,100502.0,2994.99
2022-03-23,107098.0,2950.41
2022-03-24,104583.0,3040.07
2022-03-25,104755.0,3132.6
2022-03-26,93712.0,3139.52
2022-03-27,100670.0,3157.34
2022-03-28,113740.0,3321.64
2022-03-29,119736.0,3390.59
2022-03-30,106296.0,3410.13
2022-03-31,108713.0,3405.03
2022-04-01,107987.0,3281.05
2022-04-02,100686.0,3485.63
2022-04-03,87736.0,3490.04
2022-04-04,93953.0,3504.6
2022-04-05,97709.0,3527.94
2022-04-06,95479.0,3344.73
2022-04-07,93766.0,3226.3
2022-04-08,96544.0,3283.02
2022-04-09,92181.0,3210.1
2022-04-10,93184.0,3244.63
2022-04-11,88221.0,3181.24
2022-04-12,95205.0,3025.61
2022-04-13,86675.0,3051.4
2022-04-14,95856.0,3114.42
2022-04-15,96767.0,3034.48
2022-04-16,91269.0,3035.2
2022-04-17,83302.0,3038.06
2022-04-18,93922.0,2891.19
2022-04-19,95057.0,3039.95
2022-04-20,93402.0,3090.45
2022-04-21,96219.0,3104.03
2022-04-22,99495.0,3020.18
2022-04-23,94366.0,2958.99
2022-04-24,92538.0,2949.57
2022-04-25,99570.0,2814.04
2022-04-26,100693.0,3004.25
2022-04-27,113128.0,2882.83
2022-04-28,95630.0,2905.0
2022-04-29,102009.0,2926.96
2022-04-30,98741.0,2829.58
2022-05-01,82004.0,2767.0
2022-05-02,87362.0,2844.01
2022-05-03,86816.0,2842.6
2022-05-04,97346.0,2829.31
2022-05-05,101021.0,2934.63
2022-05-06,107252.0,2729.22
2022-05-07,93707.0,2672.64
2022-05-08,94951.0,2557.44
2022-05-09,108593.0,2448.28
2022-05-10,118571.0,2380.92
2022-05-11,95603.0,2308.29
2022-05-12,109977.0,1888.58
2022-05-13,110937.0,2046.37
2022-05-14,107303.0,2028.99
2022-05-15,99317.0,2034.07
2022-05-16,97085.0,2010.03
2022-05-17,90565.0,2068.23
2022-05-18,94636.0,2036.03
2022-05-19,88727.0,1950.75
2022-05-20,87620.0,2025.02
2022-05-21,85025.0,1977.47
2022-05-22,76053.0,1973.09
2022-05-23,86505.0,2065.5
2022-05-24,90999.0,1982.92
2022-05-25,88486.0,1975.38
2022-05-26,82879.0,1924.75
2022-05-27,83183.0,1763.84
2022-05-28,90301.0,1764.13
2022-05-29,101830.0,1781.05
2022-05-30,78208.0,1906.64
2022-05-31,84822.0,1969.76
2022-06-01,81334.0,1929.06
2022-06-02,76281.0,1824.24
2022-06-03,77277.0,1813.21
2022-06-04,72793.0,1767.34
2022-06-05,70225.0,1785.83
2022-06-06,75875.0,1890.26
2022-06-07,80566.0,1763.02
2022-06-08,69814.0,1806.19
2022-06-09,74642.0,1809.52
2022-06-10,75311.0,1787.66
2022-06-11,76309.0,1666.06
2022-06-12,77945.0,1470.1
2022-06-13,82361.0,1280.69
2022-06-14,87957.0,1242.08
2022-06-15,81820.0,1092.36
2022-06-16,86775.0,1164.75
2022-06-17,77409.0,1097.65
2022-06-18,73572.0,1002.75
2022-06-19,71708.0,954.72
2022-06-20,73920.0,1077.6
2022-06-21,73775.0,1147.04
2022-06-22,77189.0,1073.27
2022-06-23,76154.0,1091.8
2022-06-24,69633.0,1149.74
2022-06-25,69275.0,1233.46
2022-06-26,61323.0,1237.24
2022-06-27,78927.0,1225.34
2022-06-28,63241.0,1206.8
2022-06-29,64851.0,1128.96
2022-06-30,68625.0,1056.58
2022-07-01,81644.0,1065.57
2022-07-02,91125.0,1041.56
2022-07-03,89340.0,1062.48
2022-07-04,76794.0,1049.89
2022-07-05,78722.0,1157.88
2022-07-06,78004.0,1137.3
2022-07-07,90515.0,1175.69
2022-07-08,88652.0,1240.1
2022-07-09,82647.0,1224.18
2022-07-10,85557.0,1189.17
2022-07-11,67647.0,1142.53
2022-07-12,67582.0,1068.17
2022-07-13,68066.0,1069.19
2022-07-14,74598.0,1096.24
2022-07-15,70665.0,1212.23
2022-07-16,71806.0,1197.15
2022-07-17,65597.0,1363.03
2022-07-18,73786.0,1469.55
2022-07-19,79668.0,1511.82
2022-07-20,79189.0,1533.22
2022-07-21,81001.0,1487.88
2022-07-22,81067.0,1597.2
2022-07-23,89415.0,1578.33
2022-07-24,76901.0,1605.08
2022-07-25,84902.0,1524.14
2022-07-26,74599.0,1409.78
2022-07-27,86260.0,1465.02
2022-07-28,85770.0,1615.2
2022-07-29,88343.0,1715.87
2022-07-30,86227.0,1715.77
2022-07-31,79396.0,1698.7
2022-08-01,73838.0,1694.11
2022-08-02,77884.0,1593.23
2022-08-03,82689.0,1628.53
2022-08-04,78670.0,1625.88
2022-08-05,74217.0,1663.91
2022-08-06,78532.0,1719.49
2022-08-07,78286.0,1685.6
2022-08-08,77066.0,1734.4
2022-08-09,81442.0,1781.92
2022-08-10,82803.0,1685.7
2022-08-11,77166.0,1878.89
2022-08-12,85230.0,1888.65
2022-08-13,76064.0,1996.83
2022-08-14,76873.0,2016.68
2022-08-15,70494.0,1900.65
2022-08-16,74365.0,1884.24
2022-08-17,77331.0,1891.93
2022-08-18,71337.0,1845.05
2022-08-19,72421.0,1745.62
2022-08-20,69428.0,1646.82
2022-08-21,75037.0,1585.02
2022-08-22,71513.0,1554.51
2022-08-23,65056.0,1599.46
2022-08-24,67209.0,1626.47
2022-08-25,72519.0,1708.08
2022-08-26,69870.0,1660.57
2022-08-27,79298.0,1508.31
2022-08-28,77681.0,1495.79
2022-08-29,76813.0,1454.0
2022-08-30,71966.0,1587.18
2022-08-31,69622.0,1585.92
2022-09-01,72384.0,1543.51
2022-09-02,76080.0,1594.53
2022-09-03,67525.0,1544.81
2022-09-04,65582.0,1546.18
2022-09-05,66176.0,1562.51
2022-09-06,74315.0,1658.11
2022-09-07,68613.0,1518.67
2022-09-08,70839.0,1612.17
2022-09-09,69396.0,1705.11
2022-09-10,65593.0,1710.88
2022-09-11,69092.0,1761.57
2022-09-12,66964.0,1760.0
2022-09-13,72250.0,1715.92
2022-09-14,73037.0,1609.03
2022-09-15,70150.0,1636.18
2022-09-16,91715.0,1471.45
2022-09-17,81860.0,1432.07
2022-09-18,88682.0,1454.02
2022-09-19,75676.0,1301.45
2022-09-20,80415.0,1357.79
2022-09-21,72039.0,1331.72
2022-09-22,90615.0,1278.94
2022-09-23,113111.0,1331.23
2022-09-24,198238.0,1322.69
2022-09-25,251730.0,1333.21
2022-09-26,175432.0,1295.08
2022-09-27,82740.0,1382.67
2022-09-28,262710.0,1285.68
2022-09-29,171998.0,1322.22
2022-09-30,117964.0,1340.39
2022-10-01,98593.0,1329.54
2022-10-02,85867.0,1311.14
2022-10-03,70620.0,1292.16
2022-10-04,78005.0,1350.02
2022-10-05,80528.0,1352.8
2022-10-06,88947.0,1368.76
2022-10-07,99807.0,1356.29
2022-10-08,124842.0,1330.8
2022-10-09,193996.0,1315.3
2022-10-10,232910.0,1316.95
2022-10-11,164954.0,1283.59
2022-10-12,158636.0,1294.67
2022-10-13,131209.0,1277.79
2022-10-14,135546.0,1321.96
2022-10-15,185757.0,1294.68
2022-10-16,118220.0,1283.5
2022-10-17,94962.0,1312.76
2022-10-18,93185.0,1337.19
2022-10-19,92081.0,1300.37
2022-10-20,87516.0,1292.49
2022-10-21,87794.0,1284.86
2022-10-22,127763.0,1300.21
2022-10-23,129870.0,1309.65
2022-10-24,126978.0,1337.26
2022-10-25,114186.0,1347.57
2022-10-26,91762.0,1518.11
2022-10-27,104420.0,1556.04
2022-10-28,101698.0,1493.14
2022-10-29,96096.0,1590.47
2022-10-30,118345.0,1629.63
2022-10-31,114334.0,1591.49
2022-11-01,103941.0,1590.47
2022-11-02,133021.0,1564.53
2022-11-03,140020.0,1544.26
2022-11-04,136966.0,1587.04
2022-11-05,148493.0,1651.71
2022-11-06,187530.0,1622.74
2022-11-07,124931.0,1549.47
2022-11-08,106546.0,1495.72
2022-11-09,94565.0,1274.56
2022-11-10,105255.0,1188.73
2022-11-11,126715.0,1275.54
2022-11-12,146621.0,1262.68
2022-11-13,186975.0,1248.52
2022-11-14,143006.0,1256.62
2022-11-15,128897.0,1265.93
2022-11-16,159313.0,1245.01
2022-11-17,153267.0,1202.34
2022-11-18,153602.0,1213.21
2022-11-19,197034.0,1206.01
2022-11-20,165701.0,1218.85
2022-11-21,167035.0,1122.27
2022-11-22,134451.0,1091.93
2022-11-23,167948.0,1165.18
2022-11-24,191360.0,1211.34
2022-11-25,220432.0,1184.56
2022-11-26,194204.0,1218.72
2022-11-27,203414.0,1216.97
2022-11-28,166969.0,1173.15
2022-11-29,160596.0,1205.2
2022-11-30,140439.0,1272.72
2022-12-01,162352.0,1280.79
2022-12-02,167487.0,1276.59
2022-12-03,166152.0,1276.77
2022-12-04,193618.0,1257.41
2022-12-05,190810.0,1297.68
2022-12-06,181652.0,1260.49
2022-12-07,167340.0,1224.55
2022-12-08,157297.0,1233.03
2022-12-09,142808.0,1282.18
2022-12-10,129462.0,1265.05
2022-12-11,176375.0,1276.58
2022-12-12,166971.0,1246.88
2022-12-13,125578.0,1266.63
2022-12-14,143776.0,1322.75
2022-12-15,134247.0,1287.66
2022-12-16,122661.0,1278.24
2022-12-17,138589.0,1183.49
2022-12-18,129385.0,1183.49
2022-12-19,163409.0,1180.14
2022-12-20,109164.0,1208.36
2022-12-21,127116.0,1211.24
2022-12-22,156550.0,1213.52
2022-12-23,143581.0,1221.97
2022-12-24,120727.0,1220.47
2022-12-25,189448.0,1219.91
2022-12-26,150473.0,1220.88
2022-12-27,133149.0,1222.13
2022-12-28,123206.0,1194.21
2022-12-29,133800.0,1194.29
2022-12-30,159448.0,1188.28
2022-12-31,187689.0,1196.47
2023-01-01,1091688.0,1194.65
2023-01-02,157073.0,1213.19
2023-01-03,157568.0,1216.78
2023-01-04,141581.0,1252.47
2023-01-05,117744.0,1250.42
2023-01-06,135538.0,1247.37
2023-01-07,154781.0,1266.17
2023-01-08,163401.0,1263.74
2023-01-09,115455.0,1312.29
2023-01-10,133336.0,1323.34
2023-01-11,118812.0,1335.54
2023-01-12,122886.0,1398.46
2023-01-13,108720.0,1408.1
2023-01-14,96708.0,1553.57
2023-01-15,140785.0,1528.96
2023-01-16,143709.0,1566.13
2023-01-17,127056.0,1563.45
2023-01-18,119294.0,1582.54
2023-01-19,121352.0,1528.43
2023-01-20,140686.0,1550.61
2023-01-21,134983.0,1651.79
2023-01-22,162138.0,1627.4
2023-01-23,154898.0,1633.81
2023-01-24,122888.0,1635.49
2023-01-25,134115.0,1554.23
2023-01-26,120896.0,1605.41
2023-01-27,106581.0,1585.88
2023-01-28,124331.0,1592.56
2023-01-29,124341.0,1592.96
2023-01-30,111822.0,1627.26
2023-01-31,117630.0,1580.1
2023-02-01,124559.0,1575.84
2023-02-02,122639.0,1664.47
2023-02-03,121064.0,1637.54
2023-02-04,144264.0,1657.95
2023-02-05,138323.0,1668.37
2023-02-06,160066.0,1635.18
2023-02-07,159075.0,1632.14
2023-02-08,167995.0,1677.53
2023-02-09,145531.0,1630.5
2023-02-10,150396.0,1552.04
2023-02-11,165867.0,1521.21
2023-02-12,144105.0,1531.9
2023-02-13,137219.0,1524.24
2023-02-14,128277.0,1506.38
2023-02-15,97008.0,1548.02
2023-02-16,104921.0,1680.21
2023-02-17,105869.0,1653.81
2023-02-18,86626.0,1691.54
2023-02-19,73695.0,1693.62
2023-02-20,83971.0,1696.54
2023-02-21,90985.0,1704.82
2023-02-22,91333.0,1643.68
2023-02-23,99773.0,1667.28
2023-02-24,93081.0,1652.78
2023-02-25,98903.0,1603.15
2023-02-26,136175.0,1599.84
2023-02-27,124160.0,1637.14
2023-02-28,91524.0,1619.71
2023-03-01,90080.0,1651.13
2023-03-02,91179.0,1644.28
2023-03-03,90148.0,1568.9
2023-03-04,94257.0,1569.23
2023-03-05,91461.0,1568.65
2023-03-06,90795.0,1562.08
2023-03-07,81067.0,1569.63
2023-03-08,84138.0,1551.1
2023-03-09,81823.0,1536.53
2023-03-10,88175.0,1411.67
2023-03-11,87379.0,1437.0
2023-03-12,86152.0,1468.0
2023-03-13,100379.0,1614.03
2023-03-14,102281.0,1677.22
2023-03-15,95654.0,1712.46
2023-03-16,107974.0,1659.77
2023-03-17,101447.0,1721.53
2023-03-18,103816.0,1818.15
2023-03-19,132337.0,1778.41
2023-03-20,115496.0,1796.75
2023-03-21,135682.0,1736.03
2023-03-22,165343.0,1796.43
2023-03-23,161282.0,1754.59
2023-03-24,151965.0,1818.02
2023-03-25,138109.0,1750.43
2023-03-26,136818.0,1754.35
2023-03-27,125238.0,1753.61
2023-03-28,125329.0,1724.96
2023-03-29,123055.0,1804.85
2023-03-30,116739.0,1807.26
2023-03-31,125489.0,1795.4
2023-04-01,122380.0,1824.44
2023-04-02,147374.0,1821.32
2023-04-03,148923.0,1793.79
2023-04-04,136971.0,1812.92
2023-04-05,117105.0,1910.8
2023-04-06,115898.0,1880.16
2023-04-07,139135.0,1849.98
2023-04-08,152716.0,1873.23
2023-04-09,165843.0,1836.9
2023-04-10,171553.0,1860.31
2023-04-11,159814.0,1923.29
2023-04-12,156538.0,1871.45
2023-04-13,122643.0,1924.28
2023-04-14,148781.0,2106.72
2023-04-15,176903.0,2099.95
2023-04-16,230055.0,2099.33
2023-04-17,160561.0,2091.5
2023-04-18,134187.0,2100.6
2023-04-19,111988.0,2074.06
2023-04-20,114316.0,1948.99
2023-04-21,141635.0,1927.95
2023-04-22,218682.0,1850.25
2023-04-23,175445.0,1875.63
2023-04-24,179230.0,1844.84
2023-04-25,169198.0,1815.78
2023-04-26,167865.0,1862.44
2023-04-27,188828.0,1886.02
2023-04-28,171555.0,1919.33
2023-04-29,191405.0,1903.77
2023-04-30,143419.0,1904.27
2023-05-01,94860.0,1849.8
2023-05-02,100467.0,1835.32
2023-05-03,97664.0,1865.93
2023-05-04,100342.0,1899.14
2023-05-05,124107.0,1895.82
2023-05-06,103056.0,1960.87
2023-05-07,89733.0,1908.51
2023-05-08,99587.0,1853.68
2023-05-09,107686.0,1850.54
2023-05-10,101862.0,1839.47
2023-05-11,96082.0,1829.71
2023-05-12,107461.0,1760.2
2023-05-13,110516.0,1804.17
2023-05-14,127648.0,1806.28
2023-05-15,107356.0,1829.31
2023-05-16,102832.0,1822.45
2023-05-17,99238.0,1808.31
2023-05-18,98052.0,1827.49
2023-05-19,109407.0,1806.58
2023-05-20,139290.0,1811.92
2023-05-21,151450.0,1817.66
2023-05-22,97572.0,1811.52
2023-05-23,94521.0,1853.49
2023-05-24,96462.0,1815.18
2023-05-25,101316.0,1778.63
2023-05-26,105062.0,1817.08
2023-05-27,121457.0,1830.16
2023-05-28,109715.0,1848.42
2023-05-29,94403.0,1900.53
2023-05-30,100169.0,1899.95
2023-05-31,102993.0,1870.28
2023-06-01,113959.0,1854.78
2023-06-02,113914.0,1886.28
2023-06-03,127899.0,1903.28
2023-06-04,138668.0,1900.66
2023-06-05,120730.0,1873.66
2023-06-06,121643.0,1814.06
2023-06-07,126044.0,1876.16
2023-06-08,86856.0,1842.37
2023-06-09,0.0,1838.629252199229
2023-06-10,0.0,1733.5
2023-06-11,0.0,1754.11
2023-06-12,0.0,1736.86
2023-06-13,0.0,1748.7
2023-06-14,0.0,1741.52
2023-06-15,0.0,1636.12
2023-06-16,0.0,1669.75
2023-06-17,0.0,1743.92
2023-06-18,0.0,1729.92
2023-06-19,0.0,1724.75
2023-06-20,0.0,1730.06
2023-06-21,0.0,1813.09
2023-06-22,0.0,1910.83
2023-06-23,0.0,1881.63
2023-06-24,0.0,1883.61
2023-06-25,2660449.0,1912.55
2023-06-26,217561.0,1892.55
2023-06-27,164192.0,1875.06
2023-06-28,135955.0,1851.42
2023-06-29,122855.0,1847.69
2023-06-30,106711.0,1889.11
2023-07-01,124840.0,1920.19
2023-07-02,164644.0,1915.7
2023-07-03,155701.0,1968.01
2023-07-04,144707.0,1950.78
2023-07-05,86051.0,1936.69
2023-07-06,93397.0,1925.54
2023-07-07,100244.0,1855.22
2023-07-08,111715.0,1862.29
2023-07-09,135963.0,1867.92
2023-07-10,141257.0,1856.2
2023-07-11,123204.0,1883.48
2023-07-12,137014.0,1891.56
2023-07-13,120765.0,1870.68
2023-07-14,129238.0,1992.88
2023-07-15,147344.0,1942.64
2023-07-16,120978.0,1927.22
2023-07-17,107553.0,1929.73
2023-07-18,137394.0,1899.68
2023-07-19,115291.0,1909.44
2023-07-20,112429.0,1912.7
2023-07-21,134122.0,1889.99
2023-07-22,107893.0,1892.58
2023-07-23,108099.0,1875.5
2023-07-24,107834.0,1875.14
2023-07-25,94388.0,1851.14
2023-07-26,97784.0,1853.74
2023-07-27,100614.0,1872.23
2023-07-28,101119.0,1859.57
2023-07-29,96107.0,1872.97
2023-07-30,95586.0,1876.07
2023-07-31,112369.0,1865.46
2023-08-01,104350.0,1834.77
2023-08-02,102859.0,1856.33
2023-08-03,118760.0,1831.77
2023-08-04,108505.0,1836.89
2023-08-05,101535.0,1829.15
2023-08-06,116789.0,1833.58
2023-08-07,86578.0,1834.15
2023-08-08,98439.0,1828.88
2023-08-09,110628.0,1861.31
2023-08-10,109924.0,1849.52
2023-08-11,120485.0,1847.5
2023-08-12,121031.0,1849.7
2023-08-13,133923.0,1848.99
2023-08-14,99891.0,1848.23
2023-08-15,109400.0,1841.72
2023-08-16,105261.0,1825.92
2023-08-17,112408.0,1798.3
2023-08-18,116429.0,1689.98
2023-08-19,95272.0,1660.71
2023-08-20,142045.0,1665.78
2023-08-21,106261.0,1671.21
2023-08-22,111806.0,1666.67
2023-08-23,101580.0,1644.74
2023-08-24,95526.0,1674.97
2023-08-25,102023.0,1651.04
2023-08-26,114164.0,1652.65
2023-08-27,145551.0,1648.05
2023-08-28,109821.0,1640.88
2023-08-29,104928.0,1647.51
2023-08-30,111067.0,1717.78
2023-08-31,117091.0,1706.3
2023-09-01,119938.0,1646.17
2023-09-02,127174.0,1631.7
2023-09-03,140870.0,1635.83
2023-09-04,114024.0,1638.75
2023-09-05,120368.0,1624.09
2023-09-06,106603.0,1628.85
2023-09-07,116986.0,1635.57
2023-09-08,117101.0,1646.42
2023-09-09,122887.0,1634.17
2023-09-10,142427.0,1624.86
2023-09-11,117458.0,1611.95
2023-09-12,115832.0,1579.95
2023-09-13,103618.0,1584.05
2023-09-14,98835.0,1621.83
2023-09-15,95697.0,1628.32
2023-09-16,120823.0,1637.28
2023-09-17,150291.0,1628.81
2023-09-18,135989.0,1634.38
2023-09-19,120109.0,1637.34
2023-09-20,107926.0,1635.09
2023-09-21,124974.0,1618.7
2023-09-22,119503.0,1595.92
2023-09-23,182089.0,1594.93
2023-09-24,182696.0,1592.57
2023-09-25,127440.0,1581.44
2023-09-26,124249.0,1588.99
2023-09-27,121074.0,1591.9
2023-09-28,119882.0,1617.89
2023-09-29,127545.0,1686.05
2023-09-30,125315.0,1672.57
2023-10-01,134370.0,1679.09
2023-10-02,102604.0,1730.67
2023-10-03,108392.0,1663.33
2023-10-04,112742.0,1644.95
2023-10-05,130749.0,1636.27
2023-10-06,143305.0,1630.97
2023-10-07,131381.0,1637.7
2023-10-08,142320.0,1629.59
2023-10-09,144818.0,1621.57
2023-10-10,142751.0,1590.88
2023-10-11,117294.0,1557.53
2023-10-12,129746.0,1559.36
2023-10-13,147416.0,1549.19
2023-10-14,167009.0,1547.8
2023-10-15,181280.0,1554.92
2023-10-16,123040.0,1579.72
2023-10-17,123771.0,1591.04
2023-10-18,115482.0,1572.43
2023-10-19,115390.0,1552.41
2023-10-20,108613.0,1584.77
2023-10-21,112920.0,1607.19
2023-10-22,110614.0,1631.35
2023-10-23,116974.0,1675.95
2023-10-24,107019.0,1808.96
2023-10-25,123825.0,1770.03
2023-10-26,107650.0,1847.2
2023-10-27,105030.0,1777.94
2023-10-28,100167.0,1787.98
2023-10-29,97600.0,1783.84
2023-10-30,104784.0,1787.97
2023-10-31,102610.0,1791.6
2023-11-01,133341.0,1804.99
2023-11-02,100254.0,1835.75
2023-11-03,111779.0,1798.09
2023-11-04,88364.0,1835.51
2023-11-05,89258.0,1886.72
2023-11-06,96824.0,1880.24
2023-11-07,101050.0,1893.42
2023-11-08,92199.0,1875.88
2023-11-09,100118.0,1913.1
2023-11-10,105915.0,2101.95
2023-11-11,107707.0,2056.16
2023-11-12,91889.0,2058.32
2023-11-13,100448.0,2049.63
2023-11-14,101080.0,2061.63
2023-11-15,110189.0,1983.98
2023-11-16,101865.0,2054.37
2023-11-17,95260.0,1969.73
2023-11-18,102647.0,1936.02
2023-11-19,105587.0,1962.62
2023-11-20,123744.0,2019.83
2023-11-21,102990.0,2004.01
2023-11-22,121813.0,1994.1
2023-11-23,117653.0,2065.78
2023-11-24,115746.0,2080.84
2023-11-25,106040.0,2089.96
2023-11-26,87639.0,2089.8
2023-11-27,93464.0,2045.83
2023-11-28,95714.0,2015.15
2023-11-29,107605.0,2057.61
2023-11-30,104086.0,2035.74
2023-12-01,102621.0,2094.18
2023-12-02,90565.0,2096.92
2023-12-03,94237.0,2164.27
2023-12-04,103011.0,2247.31
2023-12-05,107562.0,2199.09
2023-12-06,118466.0,2266.03
2023-12-07,103676.0,2262.23
2023-12-08,119006.0,2354.99
2023-12-09,113684.0,2384.18
2023-12-10,112188.0,2354.49
2023-12-11,113704.0,2237.33
2023-12-12,107499.0,2233.18
2023-12-13,97065.0,2172.35
2023-12-14,106406.0,2282.77
2023-12-15,105671.0,2271.57
2023-12-16,91667.0,2240.65
2023-12-17,93764.0,2207.27
2023-12-18,119504.0,2167.26
2023-12-19,125327.0,2247.72
2023-12-20,140585.0,2216.23
2023-12-21,114901.0,2215.74
2023-12-22,110177.0,2272.65
2023-12-23,105720.0,2285.62
2023-12-24,111946.0,2296.84
2023-12-25,96269.0,2281.44
2023-12-26,108815.0,2241.95
2023-12-27,112504.0,2230.23
2023-12-28,121082.0,2381.36
2023-12-29,121405.0,2335.06
2023-12-30,104499.0,2295.95
2023-12-31,99141.0,2295.7
2024-01-01,97342.0,2284.71
2024-01-02,110959.0,2387.79
2024-01-03,122328.0,2364.37
2024-01-04,146677.0,2224.24
2024-01-05,145052.0,2255.13
2024-01-06,133102.0,2234.83
2024-01-07,118086.0,2250.35
2024-01-08,150965.0,2225.43
2024-01-09,138080.0,2307.75
2024-01-10,121835.0,2371.01
2024-01-11,127869.0,2586.4
2024-01-12,148710.0,2596.22
2024-01-13,182089.0,2550.17
2024-01-14,169058.0,2549.99
2024-01-15,244296.0,2512.81
2024-01-16,222872.0,2524.65
2024-01-17,216675.0,2552.14
2024-01-18,287846.0,2536.25
2024-01-19,111959.0,2464.21
2024-01-20,104166.0,2478.87
2024-01-21,108648.0,2475.13
2024-01-22,113468.0,2420.33
2024-01-23,113845.0,2321.17
2024-01-24,106618.0,2233.28
2024-01-25,126107.0,2226.76
2024-01-26,132004.0,2196.88
2024-01-27,134474.0,2257.31
2024-01-28,139190.0,2282.64
2024-01-29,139569.0,2258.96
2024-01-30,111341.0,2309.06
2024-01-31,115635.0,2340.15
2024-02-01,111755.0,2270.56
2024-02-02,104044.0,2314.09
2024-02-03,105926.0,2314.22
2024-02-04,101677.0,2290.2
2024-02-05,114984.0,2308.1
2024-02-06,102929.0,2324.41
2024-02-07,130177.0,2360.66
2024-02-08,100560.0,2420.45
2024-02-09,90773.0,2453.44
2024-02-10,106897.0,2497.0
2024-02-11,112683.0,2528.43
2024-02-12,106980.0,2502.54
2024-02-13,105967.0,2649.97
2024-02-14,106485.0,2654.89
2024-02-15,104753.0,2774.1
2024-02-16,111262.0,2816.81
2024-02-17,114587.0,2795.75
2024-02-18,98919.0,2799.29
2024-02-19,106111.0,2926.97
2024-02-20,115450.0,2920.19
2024-02-21,110947.0,2939.51
2024-02-22,112683.0,2991.89
2024-02-23,135145.0,2931.73
2024-02-24,116112.0,2962.47
2024-02-25,112861.0,3030.01
2024-02-26,116788.0,3087.03
2024-02-27,126255.0,3217.65
2024-02-28,128967.0,3301.55
2024-02-29,137364.0,3467.51
2024-03-01,124735.0,3368.19
2024-03-02,124112.0,3434.21
2024-03-03,118822.0,3395.91
2024-03-04,134135.0,3480.85
2024-03-05,159578.0,3678.57
2024-03-06,130414.0,3787.61
2024-03-07,131091.0,3789.73
2024-03-08,128845.0,3913.76
2024-03-09,128358.0,3933.03
2024-03-10,117552.0,3951.81
2024-03-11,124567.0,4007.61
2024-03-12,133908.0,4027.0
2024-03-13,137654.0,4040.13
2024-03-14,150141.0,3965.98
2024-03-15,143422.0,3752.36
2024-03-16,141818.0,3739.29
2024-03-17,121273.0,3471.06
2024-03-18,141019.0,3625.68
2024-03-19,140599.0,3357.99
2024-03-20,154616.0,3218.62
2024-03-21,154090.0,3518.36
2024-03-22,141551.0,3511.31
2024-03-23,148050.0,3365.91
2024-03-24,137569.0,3340.29
2024-03-25,142795.0,3446.92
2024-03-26,161991.0,3636.98
2024-03-27,154517.0,3564.74
2024-03-28,143722.0,3573.63
2024-03-29,151282.0,3519.97
2024-03-30,131467.0,3495.29
2024-03-31,152701.0,3626.04
2024-04-01,139578.0,3548.24
2024-04-02,118907.0,3365.8
2024-04-03,120432.0,3306.98
2024-04-04,117877.0,3322.3
2024-04-05,124446.0,3287.07
2024-04-06,121473.0,3332.09
2024-04-07,114743.0,3387.36
2024-04-08,119161.0,3472.27
2024-04-09,121346.0,3638.4
2024-04-10,120780.0,3537.41
2024-04-11,126166.0,3585.25
2024-04-12,154985.0,3516.68
2024-04-13,121236.0,3256.35
2024-04-14,107679.0,3084.82
2024-04-15,121103.0,3248.39
2024-04-16,128019.0,3108.99
2024-04-17,122091.0,3082.62
2024-04-18,138786.0,2976.95
2024-04-19,119427.0,3085.46
2024-04-20,132997.0,3061.98
2024-04-21,130645.0,3181.8
2024-04-22,127445.0,3206.4
2024-04-23,135551.0,3162.14
2024-04-24,115300.0,3251.12
2024-04-25,126336.0,3136.54
2024-04-26,139745.0,3136.29
2024-04-27,140474.0,3120.07
2024-04-28,132445.0,3316.42
2024-04-29,148272.0,3186.45
2024-04-30,141584.0,3157.14
2024-05-01,133110.0,2861.35
2024-05-02,147072.0,2921.41
2024-05-03,152043.0,2969.25
2024-05-04,177466.0,3098.06
2024-05-05,225094.0,3108.45
2024-05-06,166539.0,3184.2
2024-05-07,179209.0,3079.2
2024-05-08,165189.0,2995.1
2024-05-09,179566.0,2982.25
2024-05-10,165590.0,3043.28
2024-05-11,95129.0,2920.92
2024-05-12,158503.0,2905.21
2024-05-13,168357.0,2952.01
2024-05-14,159520.0,2918.28
2024-05-15,183417.0,2915.77
2024-05-16,168413.0,3017.14
2024-05-17,165124.0,3025.2
2024-05-18,144992.0,3101.77
2024-05-19,155028.0,3115.71
2024-05-20,166897.0,3093.73
2024-05-21,120368.0,3658.81
2024-05-22,115711.0,3748.04
2024-05-23,115065.0,3811.15
2024-05-24,108328.0,3678.25
2024-05-25,125367.0,3745.93
2024-05-26,123532.0,3785.03
2024-05-27,111351.0,3914.03
2024-05-28,100302.0,3844.34
2024-05-29,106577.0,3824.01
2024-05-30,113373.0,3716.3
2024-05-31,117139.0,3727.26
2024-06-01,108624.0,3769.43
2024-06-02,105880.0,3793.7
2024-06-03,100361.0,3815.19
2024-06-04,106233.0,3774.27
2024-06-05,103154.0,3809.93
2024-06-06,0.0,3852.13
2024-06-07,0.0,3814.52
2024-06-08,0.0,3707.23
2024-06-09,0.0,3685.73
2024-06-10,0.0,3651.49
2024-06-11,0.0,3533.38
2024-06-12,0.0,3526.47
2024-06-13,0.0,3506.3
2024-06-14,0.0,3516.14
2024-06-15,0.0,3529.04
2024-06-16,0.0,3559.24
2024-06-17,0.0,3551.09
2024-06-18,0.0,3443.4
2024-06-19,0.0,3543.21
2024-06-20,0.0,3605.36
2024-06-21,0.0,3473.15
2024-06-22,0.0,3492.29
2024-06-23,0.0,3510.16
2024-06-24,0.0,3367.95
2024-06-25,0.0,3357.78
2024-06-26,0.0,3400.31
2024-06-27,0.0,3372.77
2024-06-28,0.0,3429.0
2024-06-29,0.0,3395.09
2024-06-30,0.0,3387.28
2024-07-01,0.0,3487.12
2024-07-02,0.0,3435.7
2024-07-03,0.0,3350.25
2024-07-04,0.0,3178.05
2024-07-05,116424.0,2879.24
2024-07-06,120983.0,3005.45
2024-07-07,138330.0,3004.98
2024-07-08,116557.0,2927.75
2024-07-09,117821.0,3061.35
2024-07-10,81380.0,3097.83
2024-07-11,162336.0,3120.06
2024-07-12,114641.0,3071.47
2024-07-13,121958.0,3140.06
2024-07-14,109663.0,3197.98
2024-07-15,110286.0,3358.09
2024-07-16,122293.0,3379.3
2024-07-17,118497.0,3489.52
2024-07-18,118632.0,3435.17
2024-07-19,112202.0,3391.34
2024-07-20,108147.0,3491.14
2024-07-21,128748.0,3486.65
2024-07-22,111486.0,3479.9
2024-07-23,116644.0,3453.1
2024-07-24,130107.0,3446.31
2024-07-25,119134.0,3171.83
2024-07-26,143717.0,3249.75
2024-07-27,151145.0,3273.37
2024-07-28,118760.0,3227.59
2024-07-29,141229.0,3367.4
2024-07-30,123366.0,3340.22
2024-07-31,109263.0,3316.77
2024-08-01,111958.0,3165.99
2024-08-02,107234.0,3146.32
2024-08-03,105528.0,2982.6
2024-08-04,161090.0,2891.85
2024-08-05,83950.0,2358.16
2024-08-06,110532.0,2526.79
2024-08-07,104023.0,2511.03
2024-08-08,104189.0,2414.03
2024-08-09,107450.0,2670.41
2024-08-10,123382.0,2634.82
2024-08-11,161546.0,2678.78
2024-08-12,113909.0,2569.76
2024-08-13,117555.0,2649.51
2024-08-14,148493.0,2728.59
2024-08-15,103118.0,2615.5
2024-08-16,113308.0,2617.54
2024-08-17,160559.0,2600.38
