Time,ETH number of daily transactions on the chain,Price
2015-07-30,8893,0.0
2015-07-31,0,0.0
2015-08-01,0,0.0
2015-08-02,0,0.0
2015-08-03,0,0.0
2015-08-04,0,0.0
2015-08-05,0,0.0
2015-08-06,0,0.0
2015-08-07,1348,3.49087358
2015-08-08,2733,2.64024425
2015-08-09,1685,0.69646382
2015-08-10,1330,0.66556972
2015-08-11,5421,0.70228821
2015-08-12,2236,1.19412768
2015-08-13,2151,1.44813585
2015-08-14,3677,1.95217466
2015-08-15,2520,1.73802364
2015-08-16,2492,1.46309757
2015-08-17,2204,1.31342125
2015-08-18,2567,1.29511821
2015-08-19,2550,1.26502979
2015-08-20,2749,1.31215394
2015-08-21,3042,1.4865005
2015-08-22,4456,1.42915428
2015-08-23,3385,1.40486002
2015-08-24,4553,1.34696114
2015-08-25,4197,1.18612492
2015-08-26,4868,1.19119453
2015-08-27,4840,1.15213394
2015-08-28,4860,1.18332875
2015-08-29,4275,1.18745327
2015-08-30,4108,1.17879224
2015-08-31,5291,1.23122013
2015-09-01,5046,1.3388381
2015-09-02,5214,1.3469727
2015-09-03,5028,1.29891336
2015-09-04,5341,1.27088296
2015-09-05,5546,1.31005204
2015-09-06,5118,1.3656491
2015-09-07,5922,1.25252545
2015-09-08,5873,1.23939872
2015-09-09,5572,1.24503684
2015-09-10,5037,1.19812691
2015-09-11,6626,0.98693073
2015-09-12,5672,0.99802619
2015-09-13,6157,0.985183
2015-09-14,5606,0.89336598
2015-09-15,5127,0.97980434
2015-09-16,5805,0.94147724
2015-09-17,5725,0.89967048
2015-09-18,5462,0.86027586
2015-09-19,5377,0.84628642
2015-09-20,6187,0.88392901
2015-09-21,6292,0.94609672
2015-09-22,6575,0.88314307
2015-09-23,7440,0.90080476
2015-09-24,6581,0.8330701
2015-09-25,5700,0.7689485
2015-09-26,6252,0.72844189
2015-09-27,5830,0.77423698
2015-09-28,6006,0.67991251
2015-09-29,5641,0.57203287
2015-09-30,5819,0.64813733
2015-10-01,6401,0.72640109
2015-10-02,6118,0.6599189
2015-10-03,5965,0.70160943
2015-10-04,6533,0.67040098
2015-10-05,6482,0.66451824
2015-10-06,6355,0.62358665
2015-10-07,6853,0.65175253
2015-10-08,7229,0.59597468
2015-10-09,6619,0.66239917
2015-10-10,6755,0.64317811
2015-10-11,6257,0.63022649
2015-10-12,6177,0.65778887
2015-10-13,6806,0.60851949
2015-10-14,6746,0.56445336
2015-10-15,6596,0.54174834
2015-10-16,6843,0.55452949
2015-10-17,6631,0.53965616
2015-10-18,6288,0.51858705
2015-10-19,6853,0.51569498
2015-10-20,5988,0.49077821
2015-10-21,6190,0.47601378
2015-10-22,5785,0.4251838
2015-10-23,6734,0.56755406
2015-10-24,6542,0.54779279
2015-10-25,5885,0.65844512
2015-10-26,6061,0.65446395
2015-10-27,6510,0.82599086
2015-10-28,6732,0.83443052
2015-10-29,7695,1.15395772
2015-10-30,8263,1.30969465
2015-10-31,7491,0.96135074
2015-11-01,7247,0.95633382
2015-11-02,6957,1.04413021
2015-11-03,6979,0.9752112
2015-11-04,6973,0.98588955
2015-11-05,7263,0.96298873
2015-11-06,7123,0.86616153
2015-11-07,8381,0.90581286
2015-11-08,14990,0.93218809
2015-11-09,8564,1.10504436
2015-11-10,7744,0.9734078
2015-11-11,9796,0.85077131
2015-11-12,9557,0.77559644
2015-11-13,8736,0.89510471
2015-11-14,7168,0.89270341
2015-11-15,7268,0.89043051
2015-11-16,7146,0.90162373
2015-11-17,7270,0.91575503
2015-11-18,7364,0.96721065
2015-11-19,8458,1.00674951
2015-11-20,7192,0.91102046
2015-11-21,6798,0.92227244
2015-11-22,7159,0.96180123
2015-11-23,8165,0.96452993
2015-11-24,6989,0.94214731
2015-11-25,7183,0.88942003
2015-11-26,7320,0.8747912
2015-11-27,6964,0.87907678
2015-11-28,6549,0.88074028
2015-11-29,6839,0.90759629
2015-11-30,8886,0.86545026
2015-12-01,6887,0.87134773
2015-12-02,6803,0.84483999
2015-12-03,6567,0.8063283
2015-12-04,6865,0.81392032
2015-12-05,6892,0.8587696
2015-12-06,9247,0.86979187
2015-12-07,6735,0.79386562
2015-12-08,7103,0.78596514
2015-12-09,6894,0.7860868
2015-12-10,7111,0.8399682
2015-12-11,7814,0.83151817
2015-12-12,7982,0.99525732
2015-12-13,8086,0.97319835
2015-12-14,12181,0.96965766
2015-12-15,15628,1.01842892
2015-12-16,18025,0.98498374
2015-12-17,10255,0.9809624
2015-12-18,8966,0.91734028
2015-12-19,9161,0.90443665
2015-12-20,9321,0.92230278
2015-12-21,12314,0.89747751
2015-12-22,10293,0.89644194
2015-12-23,27168,0.85935557
2015-12-24,19424,0.87774491
2015-12-25,10455,0.8661043
2015-12-26,8960,0.86289287
2015-12-27,11026,0.8465516
2015-12-28,23522,0.87239414
2015-12-29,11727,0.84508348
2015-12-30,22208,0.88109893
2015-12-31,10906,0.95315617
2016-01-01,8400,0.94212908
2016-01-02,9039,0.95676959
2016-01-03,9215,0.94983006
2016-01-04,9220,0.94864452
2016-01-05,9580,0.97059739
2016-01-06,19401,0.94355929
2016-01-07,25455,0.95830619
2016-01-08,11832,0.96605694
2016-01-09,10341,0.97822481
2016-01-10,11793,0.9913255
2016-01-11,10603,1.06275415
2016-01-12,10843,1.14950073
2016-01-13,16532,1.13267255
2016-01-14,11687,1.14019752
2016-01-15,10406,1.29996228
2016-01-16,9647,1.25592315
2016-01-17,10649,1.23351443
2016-01-18,10407,1.52444291
2016-01-19,16207,1.38271248
2016-01-20,9300,1.59637213
2016-01-21,11239,1.53912294
2016-01-22,13746,1.53445899
2016-01-23,10741,1.52795529
2016-01-24,12683,2.04427361
2016-01-25,13451,2.53277397
2016-01-26,18234,2.6500597
2016-01-27,17240,2.36073828
2016-01-28,19482,2.41116261
2016-01-29,15712,2.57491207
2016-01-30,15487,2.56336069
2016-01-31,13825,2.47952342
2016-02-01,14712,2.21671295
2016-02-02,14317,2.16603947
2016-02-03,14162,2.50334001
2016-02-04,13856,2.52249646
2016-02-05,15634,2.55200076
2016-02-06,30840,2.53738356
2016-02-07,14217,2.76247025
2016-02-08,15558,3.02670121
2016-02-09,15352,3.6983912
2016-02-10,16045,4.14425755
2016-02-11,19996,4.64397573
2016-02-12,19042,6.36936092
2016-02-13,19038,4.41588974
2016-02-14,17280,4.95998287
2016-02-15,17047,5.71886015
2016-02-16,17185,5.26333189
2016-02-17,17780,3.9274509
2016-02-18,19521,3.6640377
2016-02-19,18314,4.38084459
2016-02-20,18027,4.59809685
2016-02-21,16971,4.28471136
2016-02-22,16593,4.90154696
2016-02-23,18527,5.82967377
2016-02-24,18284,6.15653133
2016-02-25,20310,6.50093651
2016-02-26,21355,5.8241024
2016-02-27,20116,6.3977809
2016-02-28,16777,6.52915525
2016-02-29,20738,6.60254622
2016-03-01,20032,6.53641224
2016-03-02,24801,8.38777447
2016-03-03,23746,8.52542782
2016-03-04,24231,9.44318676
2016-03-05,26049,11.92475796
2016-03-06,28165,11.24402618
2016-03-07,24922,9.89782238
2016-03-08,25244,9.91042233
2016-03-09,22241,10.04279709
2016-03-10,24927,11.25952244
2016-03-11,24650,11.04093933
2016-03-12,26962,13.33665657
2016-03-13,27156,14.54772949
2016-03-14,27105,12.99977493
2016-03-15,30570,12.53937244
2016-03-16,27347,13.24864769
2016-03-17,34195,11.13146973
2016-03-18,32147,11.01172447
2016-03-19,32695,11.00950146
2016-03-20,33327,10.12177372
2016-03-21,30904,10.7028656
2016-03-22,35610,11.17704868
2016-03-23,28200,11.58344746
2016-03-24,39027,11.89057636
2016-03-25,33622,10.80713367
2016-03-26,36620,10.97277355
2016-03-27,34661,10.64578438
2016-03-28,33493,11.40559769
2016-03-29,31789,11.86002159
2016-03-30,36054,11.83287334
2016-03-31,33004,11.88503265
2016-04-01,33371,11.82422066
2016-04-02,30022,11.45416546
2016-04-03,29528,11.5846262
2016-04-04,33719,11.15642166
2016-04-05,37450,10.88610268
2016-04-06,36640,10.42926121
2016-04-07,27747,10.21233654
2016-04-08,36605,10.27226067
2016-04-09,30771,9.96868324
2016-04-10,32853,8.50895214
2016-04-11,30642,8.8178339
2016-04-12,37182,7.67186689
2016-04-13,29147,7.12070036
2016-04-14,38701,8.27220345
2016-04-15,31538,8.30276871
2016-04-16,36966,8.35909748
2016-04-17,39461,9.57394218
2016-04-18,33352,9.06841278
2016-04-19,29390,9.13057518
2016-04-20,36156,8.53954411
2016-04-21,33508,8.49539566
2016-04-22,35975,8.16850376
2016-04-23,31335,7.85513306
2016-04-24,34435,8.24351597
2016-04-25,32135,7.78498888
2016-04-26,35532,7.45745134
2016-04-27,33614,7.85904932
2016-04-28,30775,7.28087854
2016-04-29,39815,7.45272541
2016-04-30,37825,9.31284428
2016-05-01,47475,8.75332546
2016-05-02,38829,9.1801405
2016-05-03,40269,9.96475506
2016-05-04,34792,9.64718056
2016-05-05,39712,9.60092926
2016-05-06,39758,9.75081062
2016-05-07,39858,9.30714512
2016-05-08,38588,9.26994324
2016-05-09,37889,9.41054821
2016-05-10,41177,9.40432358
2016-05-11,38244,9.46284485
2016-05-12,43029,10.33878708
2016-05-13,47532,10.39747715
2016-05-14,50418,10.29762363
2016-05-15,40985,10.0948925
2016-05-16,39134,10.16970253
2016-05-17,36751,11.30505466
2016-05-18,47038,13.38962555
2016-05-19,45724,13.85283089
2016-05-20,44872,14.72865677
2016-05-21,42733,13.66317368
2016-05-22,41809,14.05455685
2016-05-23,39743,13.64112186
2016-05-24,42950,13.50997543
2016-05-25,46724,12.23726654
2016-05-26,52335,12.3975172
2016-05-27,47934,10.94718933
2016-05-28,67678,10.60098743
2016-05-29,51197,12.05819702
2016-05-30,43564,12.33735371
2016-05-31,39806,13.99980831
2016-06-01,44537,14.06221104
2016-06-02,43133,13.71955585
2016-06-03,39331,13.43216801
2016-06-04,39835,13.61271477
2016-06-05,36695,13.64867115
2016-06-06,34729,13.85687065
2016-06-07,41777,14.37166882
2016-06-08,44931,14.66327095
2016-06-09,39872,14.4991045
2016-06-10,42755,14.21828842
2016-06-11,37239,13.91207123
2016-06-12,39635,14.43261623
2016-06-13,44171,16.94645119
2016-06-14,48523,18.11354256
2016-06-15,45638,18.37888336
2016-06-16,44413,19.52018738
2016-06-17,59205,16.71063805
2016-06-18,62562,14.45183182
2016-06-19,60236,12.41148281
2016-06-20,42177,11.93075275
2016-06-21,49363,11.63643742
2016-06-22,47773,14.68105698
2016-06-23,44168,12.69409752
2016-06-24,47449,13.91169453
2016-06-25,39384,14.45978928
2016-06-26,41976,14.23734951
2016-06-27,34433,13.82566166
2016-06-28,40399,12.92706299
2016-06-29,43808,12.46104908
2016-06-30,76745,12.48039055
2016-07-01,40559,12.38272381
2016-07-02,35244,12.18954659
2016-07-03,44236,12.11291218
2016-07-04,32799,11.78057957
2016-07-05,44703,11.4712038
2016-07-06,35365,10.69661427
2016-07-07,40233,10.08300591
2016-07-08,42492,10.02820587
2016-07-09,44751,10.93483829
2016-07-10,39894,10.81057549
2016-07-11,34148,10.43312836
2016-07-12,39062,10.4793787
2016-07-13,39056,10.48039627
2016-07-14,45279,10.86622524
2016-07-15,40708,12.07416058
2016-07-16,39300,11.75248337
2016-07-17,31214,11.31585407
2016-07-18,37052,11.30451298
2016-07-19,37323,11.15695477
2016-07-20,50687,11.73404217
2016-07-21,53805,12.3439846
2016-07-22,46556,12.62028027
2016-07-23,47721,14.16064739
2016-07-24,42166,14.23389816
2016-07-25,63442,13.25709438
2016-07-26,55104,13.63521957
2016-07-27,62821,12.86848545
2016-07-28,45823,12.85945034
2016-07-29,47391,12.63159943
2016-07-30,43235,12.69895267
2016-07-31,48520,11.60665894
2016-08-01,50642,11.58598137
2016-08-02,45115,10.71458149
2016-08-03,48981,9.52481365
2016-08-04,51476,10.47972965
2016-08-05,38800,11.03745079
2016-08-06,47547,10.87705135
2016-08-07,43196,10.91378212
2016-08-08,42526,10.94816113
2016-08-09,39066,12.00621319
2016-08-10,53162,12.29963112
2016-08-11,42656,11.8381052
2016-08-12,51290,11.65481853
2016-08-13,35915,11.64356232
2016-08-14,46166,11.57867813
2016-08-15,42043,11.00014877
2016-08-16,48181,11.14498329
2016-08-17,45457,10.9684124
2016-08-18,39692,10.86975956
2016-08-19,45415,10.78667927
2016-08-20,41512,11.01842213
2016-08-21,42112,11.16414452
2016-08-22,44291,11.19819069
2016-08-23,51512,10.97469711
2016-08-24,42271,11.04823494
2016-08-25,54773,11.24854374
2016-08-26,42630,11.29399109
2016-08-27,55534,11.19051075
2016-08-28,41641,11.10728836
2016-08-29,42997,10.91968632
2016-08-30,48818,11.19962215
2016-08-31,45885,11.20655727
2016-09-01,47609,12.0040493
2016-09-02,54595,12.05083942
2016-09-03,46862,11.68476868
2016-09-04,41986,11.7645483
2016-09-05,48850,11.73810863
2016-09-06,49048,11.61868286
2016-09-07,50736,11.6288023
2016-09-08,53003,11.56850052
2016-09-09,53592,11.45089531
2016-09-10,44452,11.72736263
2016-09-11,41794,11.85478401
2016-09-12,45384,11.65324211
2016-09-13,43573,12.08258915
2016-09-14,53638,11.94601536
2016-09-15,44624,12.00962353
2016-09-16,63965,11.93481731
2016-09-17,48340,12.58448887
2016-09-18,44861,12.67479992
2016-09-19,27471,12.73502922
2016-09-20,56046,13.38055134
2016-09-21,47524,14.20669651
2016-09-22,55688,12.84622383
2016-09-23,25775,13.10164452
2016-09-24,47160,12.92832279
2016-09-25,42098,12.98826027
2016-09-26,39976,12.88971233
2016-09-27,49575,13.16527462
2016-09-28,39455,13.44039631
2016-09-29,41860,13.25716496
2016-09-30,39209,13.33109093
2016-10-01,49656,13.13239765
2016-10-02,48202,13.16473293
2016-10-03,53177,13.20552063
2016-10-04,54837,13.39880371
2016-10-05,43752,13.25749874
2016-10-06,34457,12.84533882
2016-10-07,43522,12.92625523
2016-10-08,37926,12.64265347
2016-10-09,44378,12.26047421
2016-10-10,46120,11.90778828
2016-10-11,39285,12.13507748
2016-10-12,34926,11.73500061
2016-10-13,30396,11.99354458
2016-10-14,40721,11.9192934
2016-10-15,36918,11.86220741
2016-10-16,30287,11.95855045
2016-10-17,40342,11.92120838
2016-10-18,38822,12.19547844
2016-10-19,51702,12.49901009
2016-10-20,40848,12.20103645
2016-10-21,58712,12.08692837
2016-10-22,41645,12.12838173
2016-10-23,36200,11.96116257
2016-10-24,50164,11.99033356
2016-10-25,45417,11.26816273
2016-10-26,43748,11.58884907
2016-10-27,43902,11.43562508
2016-10-28,42546,11.53957653
2016-10-29,40341,11.10292244
2016-10-30,41522,10.48897076
2016-10-31,41440,11.17594051
2016-11-01,47383,10.73330975
2016-11-02,43136,10.9131155
2016-11-03,41877,10.79964828
2016-11-04,40868,10.93370247
2016-11-05,32442,11.05909157
2016-11-06,37822,10.87234211
2016-11-07,37080,10.89083767
2016-11-08,43159,10.89247608
2016-11-09,41134,10.42971802
2016-11-10,40071,10.55637455
2016-11-11,37593,10.51397896
2016-11-12,46537,10.181036
2016-11-13,43046,10.19999409
2016-11-14,40816,9.98183823
2016-11-15,48578,10.24454117
2016-11-16,38688,10.28198242
2016-11-17,43675,10.10865688
2016-11-18,40342,9.97877407
2016-11-19,40433,9.57619572
2016-11-20,44246,9.61849403
2016-11-21,40868,9.57175732
2016-11-22,44347,9.94512939
2016-11-23,75616,9.87179089
2016-11-24,36869,9.78180313
2016-11-25,54518,9.27416229
2016-11-26,45017,9.37100124
2016-11-27,42953,9.12840176
2016-11-28,43055,8.95883465
2016-11-29,50815,8.48675156
2016-11-30,39968,8.27385712
2016-12-01,38228,8.39436626
2016-12-02,38734,7.63683796
2016-12-03,43652,7.90301895
2016-12-04,42068,7.90249872
2016-12-05,37120,7.46398783
2016-12-06,47991,6.9359355
2016-12-07,43992,7.57976294
2016-12-08,41216,8.57879162
2016-12-09,41527,8.57343674
2016-12-10,37757,8.30651474
2016-12-11,40141,8.21545887
2016-12-12,37473,8.41560459
2016-12-13,43033,8.44915771
2016-12-14,48589,8.3716526
2016-12-15,45040,7.98988962
2016-12-16,48848,7.83320808
2016-12-17,37974,7.78552341
2016-12-18,37963,7.89772511
2016-12-19,42230,7.74505043
2016-12-20,45412,7.63710451
2016-12-21,46862,7.67782974
2016-12-22,56685,7.61255884
2016-12-23,47055,7.40170383
2016-12-24,41744,7.33150196
2016-12-25,33172,7.31269884
2016-12-26,35291,7.28469181
2016-12-27,42420,7.21640587
2016-12-28,43303,7.3052659
2016-12-29,42164,8.08511066
2016-12-30,48594,8.1172781
2016-12-31,43679,7.97572088
2017-01-01,37797,8.44290161
2017-01-02,39029,8.29045868
2017-01-03,38607,8.42391968
2017-01-04,52703,10.40668869
2017-01-05,49718,10.17251587
2017-01-06,46502,10.12520123
2017-01-07,44797,10.04981232
2017-01-08,42788,10.08623219
2017-01-09,42872,10.32278633
2017-01-10,48327,10.40650654
2017-01-11,46990,9.87361526
2017-01-12,47004,9.5852623
2017-01-13,55239,9.74505711
2017-01-14,43252,9.6504097
2017-01-15,41551,9.8756094
2017-01-16,42191,9.84827423
2017-01-17,46431,10.10851097
2017-01-18,47563,10.13010597
2017-01-19,44458,10.26816368
2017-01-20,45142,10.58528042
2017-01-21,43562,10.85219193
2017-01-22,45623,10.72018909
2017-01-23,46158,10.72600555
2017-01-24,50761,10.71712017
2017-01-25,47326,10.5147543
2017-01-26,46414,10.57678699
2017-01-27,45335,10.48508549
2017-01-28,48450,10.51917839
2017-01-29,41745,10.49586296
2017-01-30,44340,10.50073338
2017-01-31,44553,10.56471634
2017-02-01,43479,10.62877083
2017-02-02,44429,10.67805576
2017-02-03,41767,10.87989998
2017-02-04,45330,11.3878479
2017-02-05,48168,11.3610239
2017-02-06,44952,11.39671993
2017-02-07,50717,11.46568871
2017-02-08,53014,11.34819221
2017-02-09,46632,11.54552555
2017-02-10,51133,11.06329632
2017-02-11,49889,11.27564049
2017-02-12,43853,11.31136131
2017-02-13,54506,11.20249748
2017-02-14,53457,12.58078289
2017-02-15,58730,12.81957531
2017-02-16,51457,12.60032368
2017-02-17,48600,12.78670406
2017-02-18,51213,12.7598362
2017-02-19,48174,12.80346584
2017-02-20,49067,12.86492729
2017-02-21,59196,12.48175907
2017-02-22,48731,12.70765495
2017-02-23,51140,12.77905083
2017-02-24,49649,13.0295639
2017-02-25,53720,13.61951256
2017-02-26,51523,13.46938324
2017-02-27,52708,14.63193226
2017-02-28,58617,15.80909538
2017-03-01,60351,15.73847675
2017-03-02,66610,18.7517395
2017-03-03,67456,18.50421143
2017-03-04,60493,19.98473167
2017-03-05,56398,18.85466194
2017-03-06,57134,19.22690392
2017-03-07,62341,19.42888832
2017-03-08,55771,18.37753296
2017-03-09,63143,17.54300308
2017-03-10,61959,18.28123283
2017-03-11,64925,19.06263924
2017-03-12,67478,21.85354805
2017-03-13,76857,25.04587555
2017-03-14,78787,28.24926949
2017-03-15,74916,30.52957153
2017-03-16,105972,40.88731766
2017-03-17,110007,46.54584885
2017-03-18,89878,36.93608093
2017-03-19,86909,39.4142952
2017-03-20,80654,44.19563293
2017-03-21,85177,44.21334076
2017-03-22,80151,39.89975739
2017-03-23,80259,42.05825806
2017-03-24,84161,47.57904434
2017-03-25,89412,49.47833252
2017-03-26,80689,49.62591171
2017-03-27,90953,50.76028824
2017-03-28,86855,49.85445023
2017-03-29,85021,52.64440155
2017-03-30,90652,53.08503342
2017-03-31,113034,50.63747025
2017-04-01,85222,50.14421844
2017-04-02,81498,49.48337173
2017-04-03,103283,44.73745728
2017-04-04,89274,45.10642242
2017-04-05,85381,45.77088165
2017-04-06,89287,44.74009705
2017-04-07,100027,42.53973389
2017-04-08,76426,45.16585922
2017-04-09,74866,43.21027756
2017-04-10,74628,43.20684814
2017-04-11,74665,44.11178589
2017-04-12,78033,43.5552063
2017-04-13,87080,48.4173317
2017-04-14,80794,48.83977509
2017-04-15,78502,47.44621277
2017-04-16,68215,48.78649902
2017-04-17,73205,48.3175087
2017-04-18,76273,50.59074783
2017-04-19,87474,50.81941223
2017-04-20,88299,48.48793793
2017-04-21,79071,49.44398117
2017-04-22,77618,48.68815231
2017-04-23,75416,48.38895798
2017-04-24,78326,50.10398102
2017-04-25,85905,49.86474609
2017-04-26,97003,52.44770432
2017-04-27,99463,58.58997726
2017-04-28,100237,64.29021454
2017-04-29,99584,69.83218384
2017-04-30,88821,71.76806641
2017-05-01,108666,81.4564209
2017-05-02,111764,79.35325623
2017-05-03,103521,80.05103302
2017-05-04,106766,89.99662781
2017-05-05,117653,102.02135468
2017-05-06,95077,95.64967346
2017-05-07,100409,96.7640152
2017-05-08,113781,92.77739716
2017-05-09,117978,89.14603424
2017-05-10,111247,92.84693909
2017-05-11,114195,90.46638489
2017-05-12,112584,90.53853607
2017-05-13,102382,88.63881683
2017-05-14,99161,90.67169189
2017-05-15,118116,91.23472595
2017-05-16,116359,92.90254211
2017-05-17,128333,90.16207123
2017-05-18,142534,90.5670166
2017-05-19,151752,117.65478516
2017-05-20,141521,131.99972534
2017-05-21,139084,128.32850647
2017-05-22,170961,186.88729858
2017-05-23,184032,178.03849792
2017-05-24,186082,193.230896
2017-05-25,189159,200.00494385
2017-05-26,171157,182.08970642
2017-05-27,158758,156.48373413
2017-05-28,153400,171.49882507
2017-05-29,149344,183.16256714
2017-05-30,183033,202.60342407
2017-05-31,206664,230.24880981
2017-06-01,214183,222.89427185
2017-06-02,192204,222.15283203
2017-06-03,182258,220.25239563
2017-06-04,173764,232.76301575
2017-06-05,189872,246.78031921
2017-06-06,197103,256.10177612
2017-06-07,202262,260.0604248
2017-06-08,199567,257.56234741
2017-06-09,201170,273.81515503
2017-06-10,205268,311.22879028
2017-06-11,242947,341.41125488
2017-06-12,282973,348.29885864
2017-06-13,274887,398.08557129
2017-06-14,260668,376.99716187
2017-06-15,257006,355.40454102
2017-06-16,259204,350.64282227
2017-06-17,239413,366.66964722
2017-06-18,246860,376.94723511
2017-06-19,262559,372.66906738
2017-06-20,340814,377.61639404
2017-06-21,210158,337.51074219
2017-06-22,257436,338.32897949
2017-06-23,307350,341.11270142
2017-06-24,253933,342.61224365
2017-06-25,233739,320.02047729
2017-06-26,256574,309.31256104
2017-06-27,300028,271.87319946
2017-06-28,264565,305.0274353
2017-06-29,280705,326.67578125
2017-06-30,253291,305.8001709
2017-07-01,237484,282.76315308
2017-07-02,244412,272.48422241
2017-07-03,296005,288.73574829
2017-07-04,284170,284.26412964
2017-07-05,278656,273.55728149
2017-07-06,263700,270.89187622
2017-07-07,281489,267.5269165
2017-07-08,259579,244.48466492
2017-07-09,241470,244.90852356
2017-07-10,260116,220.69154358
2017-07-11,313029,197.28175354
2017-07-12,268191,195.09162903
2017-07-13,279036,229.23893738
2017-07-14,241639,192.40531921
2017-07-15,254751,177.26097107
2017-07-16,229695,152.5894928
2017-07-17,252139,165.92953491
2017-07-18,244119,185.05493164
2017-07-19,288560,227.34802246
2017-07-20,263585,215.48780823
2017-07-21,236547,226.48606873
2017-07-22,211279,222.48902893
2017-07-23,248656,229.30355835
2017-07-24,270854,225.04364014
2017-07-25,241328,207.49874878
2017-07-26,228657,202.01931763
2017-07-27,229426,204.34919739
2017-07-28,239669,203.32189941
2017-07-29,209215,184.85980225
2017-07-30,193832,200.7035675
2017-07-31,249658,198.70417786
2017-08-01,223539,212.01089478
2017-08-02,231591,226.93367004
2017-08-03,235131,226.17558289
2017-08-04,256993,223.84744263
2017-08-05,248196,241.99623108
2017-08-06,260756,258.18136597
2017-08-07,273752,264.40625
2017-08-08,316305,271.21444702
2017-08-09,295672,318.71627808
2017-08-10,307367,305.47634888
2017-08-11,348500,298.42956543
2017-08-12,359492,312.16744995
2017-08-13,316573,301.66647339
2017-08-14,397411,302.30514526
2017-08-15,411974,285.17263794
2017-08-16,414389,290.7510376
2017-08-17,427649,304.14562988
2017-08-18,450361,300.87255859
2017-08-19,387525,292.3447876
2017-08-20,323870,294.63638306
2017-08-21,366444,301.27523804
2017-08-22,381521,309.95062256
2017-08-23,377910,319.51849365
2017-08-24,357887,318.86367798
2017-08-25,358318,334.72201538
2017-08-26,304041,330.87490845
2017-08-27,305257,334.78726196
2017-08-28,364694,343.97930908
2017-08-29,387457,349.96069336
2017-08-30,397591,376.90368652
2017-08-31,381931,380.72720337
2017-09-01,392512,389.35375977
2017-09-02,357586,378.00906372
2017-09-03,309762,352.28427124
2017-09-04,394042,286.66098022
2017-09-05,449848,276.37460327
2017-09-06,476400,324.12860107
2017-09-07,479823,324.2862854
2017-09-08,440967,299.46481323
2017-09-09,435889,292.76257324
2017-09-10,332511,285.07400513
2017-09-11,348352,299.41687012
2017-09-12,387723,301.41531372
2017-09-13,389988,269.80636597
2017-09-14,353187,239.42408752
2017-09-15,423809,252.30776978
2017-09-16,408071,240.00071716
2017-09-17,317038,243.30102539
2017-09-18,318474,287.33227539
2017-09-19,365199,287.42733765
2017-09-20,327228,288.71542358
2017-09-21,317693,280.62838745
2017-09-22,292804,256.54910278
2017-09-23,254175,264.14486694
2017-09-24,271193,292.67782593
2017-09-25,299228,286.30929565
2017-09-26,315887,288.91235352
2017-09-27,297042,290.36685181
2017-09-28,319512,296.44760132
2017-09-29,329068,280.80111694
2017-09-30,313248,302.53952026
2017-10-01,277139,298.63897705
2017-10-02,300334,300.26690674
2017-10-03,319699,299.65270996
2017-10-04,321017,297.97106934
2017-10-05,310584,290.89224243
2017-10-06,317302,295.99227905
2017-10-07,301279,309.40618896
2017-10-08,287521,312.48898315
2017-10-09,312633,299.80682373
2017-10-10,346774,305.36425781
2017-10-11,353855,300.83166504
2017-10-12,344533,307.37060547
2017-10-13,397746,340.62664795
2017-10-14,341923,343.33285522
2017-10-15,319317,334.2616272
2017-10-16,357523,339.01843262
2017-10-17,492380,320.37731934
2017-10-18,496446,306.11712646
2017-10-19,478714,308.99649048
2017-10-20,523563,308.71972656
2017-10-21,515710,292.77175903
2017-10-22,426620,303.14559937
2017-10-23,451565,282.73440552
2017-10-24,497891,308.03277588
2017-10-25,469224,295.03320313
2017-10-26,457456,298.24172974
2017-10-27,481152,295.4984436
2017-10-28,482446,297.35501099
2017-10-29,481595,309.5668335
2017-10-30,522583,307.23062134
2017-10-31,536626,306.80569458
2017-11-01,521976,303.97839355
2017-11-02,539038,288.53674316
2017-11-03,500373,288.54013062
2017-11-04,420469,301.08969116
2017-11-05,403307,296.11221313
2017-11-06,472996,304.67962646
2017-11-07,497725,292.50341797
2017-11-08,458929,300.17822266
2017-11-09,484538,309.02648926
2017-11-10,447845,305.67684937
2017-11-11,421015,302.44009399
2017-11-12,435550,307.16217041
2017-11-13,439701,316.65597534
2017-11-14,456385,321.51168823
2017-11-15,519217,335.67129517
2017-11-16,500572,331.2515564
2017-11-17,527952,333.92260742
2017-11-18,473011,329.41586304
2017-11-19,449378,357.2210083
2017-11-20,507333,361.82946777
2017-11-21,529870,369.5612793
2017-11-22,543224,363.42944336
2017-11-23,534787,412.79376221
2017-11-24,526149,412.22106934
2017-11-25,582150,474.94006348
2017-11-26,512176,460.09057617
2017-11-27,596422,480.62976074
2017-11-28,632945,480.12127686
2017-11-29,646205,496.43261719
2017-11-30,651132,408.70800781
2017-12-01,641016,456.96066284
2017-12-02,625443,469.29055786
2017-12-03,642128,462.17077637
2017-12-04,712422,466.52502441
2017-12-05,713651,468.7321167
2017-12-06,763422,456.16897583
2017-12-07,696178,425.63070679
2017-12-08,726526,453.54656982
2017-12-09,736665,471.6619873
2017-12-10,716602,452.13876343
2017-12-11,806220,473.95916748
2017-12-12,823580,535.36328125
2017-12-13,911003,618.68151855
2017-12-14,919706,692.40600586
2017-12-15,927417,696.08081055
2017-12-16,897615,699.24981689
2017-12-17,884771,716.13946533
2017-12-18,926909,732.18762207
2017-12-19,1090329,820.32086182
2017-12-20,999424,805.95758057
2017-12-21,1053582,795.32440186
2017-12-22,1109544,655.90209961
2017-12-23,961108,736.55804443
2017-12-24,848212,653.69824219
2017-12-25,748457,757.78100586
2017-12-26,739438,773.18463135
2017-12-27,907095,781.16693115
2017-12-28,943499,739.44537354
2017-12-29,1019822,754.77386475
2017-12-30,1169572,709.14361572
2017-12-31,963666,723.21386719
2018-01-01,921621,769.96173096
2018-01-02,1066915,886.34436035
2018-01-03,1229867,882.25628662
2018-01-04,1287725,954.21325684
2018-01-05,1319628,1045.29394531
2018-01-06,1278317,1002.57525635
2018-01-07,1128451,1090.83947754
2018-01-08,1199593,1088.60693359
2018-01-09,1251747,1209.15039063
2018-01-10,1218734,1364.84814453
2018-01-11,1174531,1228.5994873
2018-01-12,1125398,1247.54699707
2018-01-13,1140661,1295.71936035
2018-01-14,1149089,1392.17797852
2018-01-15,1122412,1346.0513916
2018-01-16,1269457,1242.75341797
2018-01-17,1254066,954.39715576
2018-01-18,1264617,1025.27148438
2018-01-19,1119561,1061.92993164
2018-01-20,1006701,1075.56970215
2018-01-21,949893,1134.66638184
2018-01-22,976654,960.67419434
2018-01-23,973627,1013.98480225
2018-01-24,931440,1031.86169434
2018-01-25,874759,1034.74243164
2018-01-26,847303,1050.9720459
2018-01-27,869470,1095.18273926
2018-01-28,873214,1129.69506836
2018-01-29,933304,1200.52368164
2018-01-30,881220,1145.86450195
2018-01-31,909813,1102.71533203
2018-02-01,935513,1138.50561523
2018-02-02,1056443,954.35913086
2018-02-03,843638,955.11651611
2018-02-04,798069,864.21588135
2018-02-05,822587,836.07806396
2018-02-06,915423,742.73553467
2018-02-07,837909,812.49127197
2018-02-08,746704,806.39074707
2018-02-09,713247,806.53649902
2018-02-10,866049,847.33850098
2018-02-11,762541,852.11810303
2018-02-12,843321,856.97296143
2018-02-13,780280,857.95758057
2018-02-14,713128,902.66778564
2018-02-15,785043,933.9887085
2018-02-16,718698,938.65093994
2018-02-17,740649,961.27746582
2018-02-18,790996,944.79455566
2018-02-19,760409,931.19909668
2018-02-20,892277,942.46661377
2018-02-21,835376,849.50537109
2018-02-22,839789,825.77062988
2018-02-23,725289,838.43707275
2018-02-24,715783,837.11804199
2018-02-25,724238,827.74163818
2018-02-26,708035,876.27520752
2018-02-27,706791,871.24755859
2018-02-28,721726,888.44708252
2018-03-01,685019,867.03179932
2018-03-02,728322,855.5411377
2018-03-03,708010,864.79095459
2018-03-04,640939,847.83050537
2018-03-05,738410,867.68896484
2018-03-06,709294,832.01580811
2018-03-07,778214,812.98974609
2018-03-08,716574,741.19873047
2018-03-09,662243,701.0189209
2018-03-10,600859,732.93408203
2018-03-11,586526,708.91540527
2018-03-12,665416,697.64099121
2018-03-13,699555,696.71765137
2018-03-14,684920,656.14129639
2018-03-15,666591,588.16638184
2018-03-16,617645,598.66394043
2018-03-17,626025,598.8447876
2018-03-18,645088,466.09069824
2018-03-19,703281,551.63769531
2018-03-20,681516,556.75140381
2018-03-21,692248,567.94128418
2018-03-22,663126,531.77514648
2018-03-23,632294,516.39605713
2018-03-24,658479,541.47979736
2018-03-25,541728,520.65631104
2018-03-26,568666,522.40966797
2018-03-27,630414,468.53948975
2018-03-28,579079,451.23880005
2018-03-29,577422,441.78762817
2018-03-30,617768,378.60897827
2018-03-31,592996,403.10812378
2018-04-01,567293,364.76593018
2018-04-02,584408,391.7276001
2018-04-03,622774,406.29595947
2018-04-04,639101,404.4602356
2018-04-05,677403,378.5619812
2018-04-06,668856,379.6869812
2018-04-07,565022,381.07391357
2018-04-08,578971,401.61642456
2018-04-09,615825,396.41854858
2018-04-10,567260,400.10852051
2018-04-11,603706,420.70452881
2018-04-12,667168,463.97998047
2018-04-13,720464,514.11553955
2018-04-14,643700,506.67218018
2018-04-15,604836,510.55157471
2018-04-16,654234,504.92443848
2018-04-17,714419,507.29470825
2018-04-18,716203,506.82980347
2018-04-19,774583,545.71136475
2018-04-20,845709,585.83795166
2018-04-21,776689,607.55621338
2018-04-22,728993,632.79296875
2018-04-23,795011,644.73077393
2018-04-24,809984,667.34545898
2018-04-25,804813,672.1696167
2018-04-26,799793,618.38543701
2018-04-27,762638,673.49182129
2018-04-28,777341,666.2177124
2018-04-29,764014,681.65808105
2018-04-30,762492,683.4161377
2018-05-01,756099,644.34356689
2018-05-02,754954,682.49395752
2018-05-03,814602,746.64105225
2018-05-04,894591,771.74206543
2018-05-05,953378,819.67333984
2018-05-06,669075,825.15466309
2018-05-07,782681,756.71264648
2018-05-08,802677,737.20391846
2018-05-09,829876,724.54400635
2018-05-10,845615,762.02600098
2018-05-11,828861,731.71264648
2018-05-12,814134,679.3951416
2018-05-13,784629,727.16363525
2018-05-14,753437,702.7086792
2018-05-15,798263,718.53155518
2018-05-16,803973,685.74499512
2018-05-17,818554,707.81286621
2018-05-18,828783,679.48406982
2018-05-19,858695,695.66363525
2018-05-20,801097,713.50311279
2018-05-21,769506,713.80505371
2018-05-22,813644,683.32940674
2018-05-23,841666,603.68988037
2018-05-24,821593,599.28314209
2018-05-25,799050,602.76623535
2018-05-26,786746,604.77606201
2018-05-27,754504,573.9463501
2018-05-28,853558,533.34875488
2018-05-29,811916,527.29974365
2018-05-30,825470,552.78033447
2018-05-31,846052,577.21264648
2018-06-01,755973,574.48913574
2018-06-02,761763,578.54296875
2018-06-03,824213,594.17651367
2018-06-04,812164,619.347229
2018-06-05,773810,594.77947998
2018-06-06,769515,611.47528076
2018-06-07,774524,607.6987915
2018-06-08,743588,605.52856445
2018-06-09,721879,607.050354
2018-06-10,773670,569.99615479
2018-06-11,784878,534.60144043
2018-06-12,744187,529.2253418
2018-06-13,808394,466.81652832
2018-06-14,762220,488.07028198
2018-06-15,747384,505.40997314
2018-06-16,718993,494.14157104
2018-06-17,640188,502.80886841
2018-06-18,664890,497.6065979
2018-06-19,757534,516.79144287
2018-06-20,792197,521.35968018
2018-06-21,778320,542.37335205
2018-06-22,772594,473.28866577
2018-06-23,716977,469.70175171
2018-06-24,649758,426.46948242
2018-06-25,769140,465.23287964
2018-06-26,766082,458.76348877
2018-06-27,791744,434.13684082
2018-06-28,752402,433.66781616
2018-06-29,739131,422.68499756
2018-06-30,631491,448.35598755
2018-07-01,621414,451.76501465
2018-07-02,500513,475.32598877
2018-07-03,591041,470.97000122
2018-07-04,475058,474.20401001
2018-07-05,556982,477.81698608
2018-07-06,432569,471.25900269
2018-07-07,485083,471.04098511
2018-07-08,578132,492.42800903
2018-07-09,687349,484.17700195
2018-07-10,654753,441.7869873
2018-07-11,701382,444.51901245
2018-07-12,540853,431.26300049
2018-07-13,594375,440.19000244
2018-07-14,472496,437.56298828
2018-07-15,416641,452.46899414
2018-07-16,718473,449.3789978
2018-07-17,707613,473.6960144
2018-07-18,732498,493.13500977
2018-07-19,719403,476.35198975
2018-07-20,713636,459.51400757
2018-07-21,614258,455.70498657
2018-07-22,645437,468.82400513
2018-07-23,730731,463.58099365
2018-07-24,794081,453.04299927
2018-07-25,786526,466.80200195
2018-07-26,726084,475.75500488
2018-07-27,807192,464.89801025
2018-07-28,721776,469.59500122
2018-07-29,728567,466.79699707
2018-07-30,735128,464.28100586
2018-07-31,744820,452.71704102
2018-08-01,759680,418.51538086
2018-08-02,756652,413.97015381
2018-08-03,757786,403.26046753
2018-08-04,735645,406.00280762
2018-08-05,710414,408.90481567
2018-08-06,694167,408.21939087
2018-08-07,676061,410.38409424
2018-08-08,543124,368.50820923
2018-08-09,574410,361.72634888
2018-08-10,576992,362.50222778
2018-08-11,657231,321.83587646
2018-08-12,631430,324.58312988
2018-08-13,705602,321.13269043
2018-08-14,675857,268.85174561
2018-08-15,656035,286.58566284
2018-08-16,697364,293.16366577
2018-08-17,623073,298.18359375
2018-08-18,650039,312.79956055
2018-08-19,613009,300.91165161
2018-08-20,626294,289.58407593
2018-08-21,645952,277.46426392
2018-08-22,600455,292.28509521
2018-08-23,590488,274.01196289
2018-08-24,580162,275.43688965
2018-08-25,589580,282.00238037
2018-08-26,577562,275.39273071
2018-08-27,635378,273.97457886
2018-08-28,630376,289.15997314
2018-08-29,556281,289.28250122
2018-08-30,583488,280.12875366
2018-08-31,563275,278.79541016
2018-09-01,627192,295.68313599
2018-09-02,653563,292.22320557
2018-09-03,642994,289.88180542
2018-09-04,573350,289.47851563
2018-09-05,631844,257.61624146
2018-09-06,604532,228.38856506
2018-09-07,585615,231.10040283
2018-09-08,518921,217.99169922
2018-09-09,578315,190.80628967
2018-09-10,576267,195.61668396
2018-09-11,559078,185.09275818
2018-09-12,546257,172.70466614
2018-09-13,577848,202.66493225
2018-09-14,535478,208.40078735
2018-09-15,472887,224.01403809
2018-09-16,461504,216.15457153
2018-09-17,530422,222.97711182
2018-09-18,515005,196.33753967
2018-09-19,511121,210.1486969
2018-09-20,498032,209.52790833
2018-09-21,523408,223.11013794
2018-09-22,497041,241.37475586
2018-09-23,466088,241.40855408
2018-09-24,472385,232.47236633
2018-09-25,528288,222.22172546
2018-09-26,498968,221.0927124
2018-09-27,491837,217.59713745
2018-09-28,520979,226.0748291
2018-09-29,427999,231.66853333
2018-09-30,481371,234.12156677
2018-10-01,458514,233.16940308
2018-10-02,469429,227.55273438
2018-10-03,551190,219.16912842
2018-10-04,559604,224.94371033
2018-10-05,587912,221.67993164
2018-10-06,601622,225.40007019
2018-10-07,536230,226.03083801
2018-10-08,523158,225.35081482
2018-10-09,542277,227.53782654
2018-10-10,535655,226.28916931
2018-10-11,537282,200.70567322
2018-10-12,576725,199.06156921
2018-10-13,529640,197.74105835
2018-10-14,528717,200.49247742
2018-10-15,556661,209.54171753
2018-10-16,566648,208.42079163
2018-10-17,568910,210.58654785
2018-10-18,589053,208.0823822
2018-10-19,573964,203.44036865
2018-10-20,561046,203.95391846
2018-10-21,491312,207.38040161
2018-10-22,569990,204.68469238
2018-10-23,576744,202.32518005
2018-10-24,536973,203.35398865
2018-10-25,521722,202.63148499
2018-10-26,543136,202.6627655
2018-10-27,523686,203.7277832
2018-10-28,509445,205.05267334
2018-10-29,584654,205.18717957
2018-10-30,613603,197.40827942
2018-10-31,589388,197.16949463
2018-11-01,578880,199.52622986
2018-11-02,568925,199.80334473
2018-11-03,520169,199.97109985
2018-11-04,495053,199.96685791
2018-11-05,585053,208.54122925
2018-11-06,580257,208.02682495
2018-11-07,582111,217.27890015
2018-11-08,559307,214.61178589
2018-11-09,553406,210.01855469
2018-11-10,491196,210.95387268
2018-11-11,518422,211.98426819
2018-11-12,566040,211.47625732
2018-11-13,560160,209.03872681
2018-11-14,550811,193.8629303
2018-11-15,594970,177.40956116
2018-11-16,551893,177.45750427
2018-11-17,513158,173.49142456
2018-11-18,489755,175.74108887
2018-11-19,575911,155.93885803
2018-11-20,631166,149.12464905
2018-11-21,600439,133.94046021
2018-11-22,576950,132.03199768
2018-11-23,563926,123.4414978
2018-11-24,495852,122.13981628
2018-11-25,524720,106.08036041
2018-11-26,551881,109.50065613
2018-11-27,558078,104.66004181
2018-11-28,609660,112.06407928
2018-11-29,572334,117.27232361
2018-11-30,591582,118.7940008
2018-12-01,553742,118.70929896
2018-12-02,492215,117.77186347
2018-12-03,534916,108.20283119
2018-12-04,551752,112.25761995
2018-12-05,585398,107.93569236
2018-12-06,602331,98.43298295
2018-12-07,585136,85.67439262
2018-12-08,537928,89.83262355
2018-12-09,528868,92.34965863
2018-12-10,550849,91.06091623
2018-12-11,549841,91.05720962
2018-12-12,526720,88.94143673
2018-12-13,557783,89.83586696
2018-12-14,552474,86.50444511
2018-12-15,560213,82.82989029
2018-12-16,523700,87.07905
2018-12-17,553571,85.75534949
2018-12-18,561367,95.89627885
2018-12-19,602667,103.94602218
2018-12-20,587319,102.31148661
2018-12-21,629752,115.40394444
2018-12-22,502469,108.73326358
2018-12-23,546746,129.56706478
2018-12-24,603909,151.87638344
2018-12-25,535014,125.1463481
2018-12-26,560918,134.6052846
2018-12-27,567398,124.82665446
2018-12-28,555432,127.55277866
2018-12-29,541617,136.78863171
2018-12-30,482938,135.11526172
2018-12-31,499125,136.55651101
2019-01-01,481781,133.29395771
2019-01-02,536019,141.31147374
2019-01-03,613379,153.6462316
2019-01-04,562161,149.64903937
2019-01-05,513950,159.80673399
2019-01-06,481792,153.45698999
2019-01-07,546294,153.01671371
2019-01-08,560561,149.37027626
2019-01-09,550965,151.00054544
2019-01-10,579748,151.14186113
2019-01-11,564177,127.75900722
2019-01-12,460628,126.94171779
2019-01-13,472666,126.25925105
2019-01-14,518214,118.43255169
2019-01-15,589205,127.27935124
2019-01-16,519571,122.07125492
2019-01-17,511736,122.14025857
2019-01-18,536096,122.55786307
2019-01-19,526018,121.67946858
2019-01-20,555836,119.67858312
2019-01-21,547002,118.80220738
2019-01-22,617698,118.78417225
2019-01-23,548693,118.28204602
2019-01-24,531037,116.25489292
2019-01-25,501906,116.68306815
2019-01-26,464560,116.87688759
2019-01-27,487290,114.26995758
2019-01-28,537473,104.57044664
2019-01-29,567736,105.4210247
2019-01-30,566404,105.70168381
2019-01-31,525672,107.26888187
2019-02-01,512698,107.59140987
2019-02-02,447691,107.71315672
2019-02-03,428438,107.98136174
2019-02-04,397928,107.52241756
2019-02-05,433605,107.37913618
2019-02-06,428796,103.82808572
2019-02-07,436722,104.93407216
2019-02-08,443282,104.87060527
2019-02-09,442645,118.53311868
2019-02-10,390609,119.27010717
2019-02-11,423793,121.08514382
2019-02-12,421946,120.68742194
2019-02-13,495473,122.18117957
2019-02-14,478599,122.48043983
2019-02-15,460466,122.45746216
2019-02-16,459820,123.47624514
2019-02-17,445997,126.16862795
2019-02-18,506951,138.15369949
2019-02-19,526665,147.34385672
2019-02-20,519282,146.57131195
2019-02-21,530313,148.19528426
2019-02-22,552253,147.06811479
2019-02-23,478165,148.43684493
2019-02-24,511654,142.05625495
2019-02-25,557116,140.59732835
2019-02-26,591458,138.23506213
2019-02-27,535061,139.58803746
2019-02-28,562453,137.52803404
2019-03-01,536847,137.21671737
2019-03-02,519937,136.96863639
2019-03-03,505568,133.11580836
2019-03-04,588048,130.9071094
2019-03-05,607332,127.49446416
2019-03-06,590557,136.72702875
2019-03-07,561454,138.38331763
2019-03-08,586227,137.32476757
2019-03-09,551058,135.73967075
2019-03-10,498757,137.24920323
2019-03-11,518730,133.13953812
2019-03-12,562965,134.18561315
2019-03-13,573638,133.91192004
2019-03-14,579028,133.8693986
2019-03-15,554629,137.94602591
2019-03-16,505301,140.92073362
2019-03-17,500277,139.71073077
2019-03-18,564065,141.70926769
2019-03-19,607001,140.37596934
2019-03-20,625928,139.04297302
2019-03-21,640634,140.49319159
2019-03-22,607159,137.99054146
2019-03-23,589540,138.13637195
2019-03-24,544052,137.38351924
2019-03-25,632947,137.29619292
2019-03-26,627673,134.54907912
2019-03-27,628628,138.79906486
2019-03-28,636283,140.08666645
2019-03-29,630063,141.11003445
2019-03-30,654126,141.75563232
2019-03-31,665003,141.33903634
2019-04-01,679469,141.95795209
2019-04-02,727794,155.30580585
2019-04-03,751813,172.3784242
2019-04-04,696635,161.00075944
2019-04-05,632409,157.96895157
2019-04-06,583138,164.15215602
2019-04-07,562574,167.41791427
2019-04-08,665431,181.47476599
2019-04-09,647714,176.75935781
2019-04-10,666334,179.95481499
2019-04-11,697233,170.92096153
2019-04-12,730240,164.60809741
2019-04-13,638161,166.02566469
2019-04-14,552723,163.36104794
2019-04-15,607676,167.94815433
2019-04-16,654932,161.6683869
2019-04-17,678331,166.78417448
2019-04-18,672867,172.40799497
2019-04-19,718009,172.94030323
2019-04-20,614586,173.41674371
2019-04-21,704511,169.15920588
2019-04-22,678091,168.73080473
2019-04-23,751155,172.36556919
2019-04-24,676671,165.14392855
2019-04-25,685103,164.45659778
2019-04-26,684116,156.27757254
2019-04-27,571664,156.7740696
2019-04-28,593663,158.46459193
2019-04-29,615483,154.13417146
2019-04-30,667313,159.73955992
2019-05-01,721016,160.84499421
2019-05-02,624507,160.95919325
2019-05-03,677357,162.70316199
2019-05-04,648681,162.28141439
2019-05-05,608654,163.42616626
2019-05-06,703271,161.43477238
2019-05-07,682894,173.12724369
2019-05-08,667024,169.39350477
2019-05-09,696307,168.8154455
2019-05-10,727755,172.79554142
2019-05-11,754167,176.78295696
2019-05-12,718052,193.07480365
2019-05-13,731823,201.3120468
2019-05-14,825862,206.6510451
2019-05-15,808008,235.8972991
2019-05-16,889978,273.63561907
2019-05-17,861906,231.06130806
2019-05-18,753644,242.35294916
2019-05-19,753335,254.93370101
2019-05-20,830161,247.31109249
2019-05-21,843060,251.44507282
2019-05-22,845546,255.13805145
2019-05-23,841309,243.48263594
2019-05-24,885120,253.58425432
2019-05-25,842329,251.97048299
2019-05-26,829895,249.42906149
2019-05-27,865524,272.6353354
2019-05-28,948376,270.80549798
2019-05-29,892636,269.20298445
2019-05-30,961517,286.16032829
2019-05-31,836080,254.55683686
2019-06-01,889341,269.89409866
2019-06-02,964814,265.99425257
2019-06-03,880223,269.67947635
2019-06-04,915575,249.52699362
2019-06-05,832075,240.82336916
2019-06-06,802926,243.46136036
2019-06-07,768204,250.06909752
2019-06-08,902502,249.49875328
2019-06-09,851988,243.25500568
2019-06-10,756299,235.13546214
2019-06-11,1067778,240.85089069
2019-06-12,914300,248.62021604
2019-06-13,723891,260.22363801
2019-06-14,788943,258.27281611
2019-06-15,941761,265.11867876
2019-06-16,859004,272.88462185
2019-06-17,940337,270.44971705
2019-06-18,895117,267.17305217
2019-06-19,834217,266.99919451
2019-06-20,1024748,270.06514542
2019-06-21,836248,279.74676755
2019-06-22,770820,304.72963984
2019-06-23,705749,311.39248258
2019-06-24,848539,308.00093794
2019-06-25,908803,311.30134191
2019-06-26,835339,330.85495854
2019-06-27,845601,307.31087852
2019-06-28,833984,307.25835227
2019-06-29,931138,297.52159415
2019-06-30,690428,297.37414316
2019-07-01,872344,299.79081422
2019-07-02,841201,288.35521984
2019-07-03,880775,295.92959599
2019-07-04,748528,295.66938295
2019-07-05,783265,285.83090685
2019-07-06,833861,295.18927348
2019-07-07,591529,288.83300191
2019-07-08,777241,305.24923115
2019-07-09,760258,316.07101752
2019-07-10,756002,310.58157195
2019-07-11,791216,283.99714584
2019-07-12,928257,272.81284205
2019-07-13,599379,273.51096041
2019-07-14,593785,235.1578918
2019-07-15,732197,230.38300709
2019-07-16,875384,221.84767807
2019-07-17,955758,198.42058013
2019-07-18,693396,224.34023034
2019-07-19,776694,223.01852402
2019-07-20,629855,226.9043363
2019-07-21,545381,225.50760783
2019-07-22,621302,215.78268766
2019-07-23,613164,217.23590134
2019-07-24,805121,215.18162369
2019-07-25,850486,222.23141333
2019-07-26,824103,216.76268528
2019-07-27,596794,222.42141267
2019-07-28,557227,207.79524287
2019-07-29,659716,213.26799038
2019-07-30,708700,212.60851121
2019-07-31,692025,212.37162749
2019-08-01,775810,214.66226136
2019-08-02,777544,221.16568616
2019-08-03,902596,221.20734343
2019-08-04,555704,222.03981343
2019-08-05,694160,230.24690418
2019-08-06,726366,229.85834506
2019-08-07,739409,224.72117032
2019-08-08,733758,226.05403909
2019-08-09,692791,210.10533079
2019-08-10,638537,211.63543068
2019-08-11,600122,210.6548487
2019-08-12,695753,213.82364617
2019-08-13,691389,206.09014466
2019-08-14,727818,205.36691407
2019-08-15,706133,186.01241401
2019-08-16,689798,187.88629369
2019-08-17,686672,184.65766072
2019-08-18,625946,184.28067701
2019-08-19,709199,196.41888543
2019-08-20,744949,197.50548253
2019-08-21,720256,183.72338414
2019-08-22,744578,191.27614199
2019-08-23,735829,194.81554139
2019-08-24,706453,188.25622043
2019-08-25,668366,190.08217567
2019-08-26,737154,191.49841012
2019-08-27,752349,187.10460695
2019-08-28,714036,187.5771005
2019-08-29,743908,170.68617588
2019-08-30,708514,168.71978307
2019-08-31,685869,169.82392168
2019-09-01,689087,170.71440414
2019-09-02,738889,173.0448614
2019-09-03,760107,179.17299517
2019-09-04,715517,176.83746889
2019-09-05,748735,175.49971565
2019-09-06,764959,176.87097157
2019-09-07,706853,169.97234473
2019-09-08,672214,182.34361372
2019-09-09,741572,181.8847563
2019-09-10,695526,180.17223554
2019-09-11,720117,180.29132512
2019-09-12,712136,180.31877483
2019-09-13,624385,178.91011263
2019-09-14,623933,180.71247343
2019-09-15,622947,186.54826578
2019-09-16,740721,194.27766815
2019-09-17,684867,197.83365607
2019-09-18,668280,211.14320706
2019-09-19,692486,205.91359757
2019-09-20,753399,219.42755156
2019-09-21,621709,218.298517
2019-09-22,582906,211.03004565
2019-09-23,626641,210.15486902
2019-09-24,658607,201.97549017
2019-09-25,697817,171.1763985
2019-09-26,672081,169.40640372
2019-09-27,623523,165.66021136
2019-09-28,620236,171.60774862
2019-09-29,605462,172.66037788
2019-09-30,646165,169.11750378
2019-10-01,659796,183.09185855
2019-10-02,628930,176.65458977
2019-10-03,611578,173.24897594
2019-10-04,605537,176.13673365
2019-10-05,581107,175.83818171
2019-10-06,590083,175.75412517
2019-10-07,604658,173.71060389
2019-10-08,697502,179.48679056
2019-10-09,739552,181.18882968
2019-10-10,728331,192.44363397
2019-10-11,701705,194.02723587
2019-10-12,644284,185.03068545
2019-10-13,579074,184.61459905
2019-10-14,635428,182.92572234
2019-10-15,680207,183.05058324
2019-10-16,694405,180.47406874
2019-10-17,695278,175.33111852
2019-10-18,733579,176.88636904
2019-10-19,678603,174.44228878
2019-10-20,614912,174.01950917
2019-10-21,688061,175.13990791
2019-10-22,708084,173.88437924
2019-10-23,722454,167.87755694
2019-10-24,733555,162.71239592
2019-10-25,726929,174.89685151
2019-10-26,742148,180.94152815
2019-10-27,636879,178.31770981
2019-10-28,725492,185.19086666
2019-10-29,708811,184.40985758
2019-10-30,702562,189.56678726
2019-10-31,747277,184.39415398
2019-11-01,726801,181.86176603
2019-11-02,616659,184.60689245
2019-11-03,564439,182.36803089
2019-11-04,646204,182.34832579
2019-11-05,721930,186.49517919
2019-11-06,734931,191.54946715
2019-11-07,835876,189.87931995
2019-11-08,722628,187.63377229
2019-11-09,626555,184.18965206
2019-11-10,599046,187.214747
2019-11-11,692685,189.51865776
2019-11-12,692155,185.20902232
2019-11-13,728665,187.50289847
2019-11-14,685678,185.76090437
2019-11-15,677922,183.63831525
2019-11-16,628732,181.19478166
2019-11-17,567747,183.14235983
2019-11-18,705423,183.899177
2019-11-19,763972,176.76744756
2019-11-20,686925,176.82053197
2019-11-21,724079,175.84320407
2019-11-22,791627,161.0926327
2019-11-23,693896,152.58598227
2019-11-24,595477,147.56782166
2019-11-25,744208,138.16655543
2019-11-26,678436,146.93194631
2019-11-27,673295,148.09769753
2019-11-28,651107,153.43449641
2019-11-29,649665,152.685764
2019-11-30,607320,155.91974526
2019-12-01,596935,150.2851226
2019-12-02,690281,148.10068995
2019-12-03,618501,149.26220817
2019-12-04,624383,145.78687285
2019-12-05,655425,146.00921879
2019-12-06,579743,148.91537747
2019-12-07,504901,149.66247941
2019-12-08,435574,152.08287613
2019-12-09,596195,149.53757375
2019-12-10,644242,145.92498232
2019-12-11,624431,143.79816052
2019-12-12,612944,143.85604398
2019-12-13,647607,145.41101227
2019-12-14,566395,142.76884954
2019-12-15,528288,141.97964606
2019-12-16,602532,141.64796521
2019-12-17,650957,132.84188804
2019-12-18,664794,127.15293177
2019-12-19,627774,130.72177589
2019-12-20,612530,128.18483576
2019-12-21,564719,128.16124296
2019-12-22,519410,130.5145204
2019-12-23,629764,134.07429255
2019-12-24,607309,128.09848636
2019-12-25,573865,126.53648507
2019-12-26,578673,126.9632116
2019-12-27,585868,126.46105716
2019-12-28,536609,128.12058302
2019-12-29,472452,132.57324834
2019-12-30,563253,131.78896208
2019-12-31,567394,131.24279818
2020-01-01,467032,130.26650886
2020-01-02,493970,130.02826419
2020-01-03,574107,132.71730974
2020-01-04,550251,133.57757046
2020-01-05,551017,137.83085676
2020-01-06,608539,139.44565699
2020-01-07,638580,143.88356205
2020-01-08,660203,144.98913724
2020-01-09,623821,138.69440815
2020-01-10,602790,137.98409606
2020-01-11,556168,143.56955042
2020-01-12,535447,145.09539087
2020-01-13,572255,143.13909331
2020-01-14,601944,156.49368514
2020-01-15,719053,162.78312133
2020-01-16,689950,160.26939027
2020-01-17,686217,165.27554911
2020-01-18,639160,172.0456163
2020-01-19,619771,165.38071297
2020-01-20,589316,165.58240048
2020-01-21,576621,168.95726392
2020-01-22,523459,168.94138342
2020-01-23,529014,163.47712397
2020-01-24,508389,162.90022032
2020-01-25,448248,160.86723878
2020-01-26,427062,161.94303989
2020-01-27,457884,168.54302047
2020-01-28,526810,172.88865979
2020-01-29,546178,175.87737236
2020-01-30,556870,174.09067987
2020-01-31,587047,179.52458939
2020-02-01,561139,181.70473255
2020-02-02,530456,192.39013412
2020-02-03,609200,188.86444642
2020-02-04,540928,188.2618418
2020-02-05,574125,189.67567241
2020-02-06,629838,212.13427618
2020-02-07,615269,220.89196382
2020-02-08,661387,224.57768192
2020-02-09,637560,227.34390121
2020-02-10,660368,226.05816286
2020-02-11,675015,219.26145334
2020-02-12,769746,243.56032126
2020-02-13,809951,270.68683607
2020-02-14,736667,273.32074508
2020-02-15,716736,281.7531633
2020-02-16,671422,271.1314578
2020-02-17,702481,256.52885905
2020-02-18,714845,268.57090492
2020-02-19,709341,279.54845984
2020-02-20,698431,261.85653909
2020-02-21,672090,264.38452056
2020-02-22,616265,263.15573174
2020-02-23,623009,269.10827317
2020-02-24,662827,268.25178867
2020-02-25,664009,262.55860417
2020-02-26,699086,239.75083677
2020-02-27,721077,218.94943323
2020-02-28,706331,226.61833825
2020-02-29,612711,225.64032417
2020-03-01,626863,221.05105074
2020-03-02,676752,219.85442046
2020-03-03,662250,231.23307225
2020-03-04,676642,223.06574507
2020-03-05,724361,231.39797332
2020-03-06,678120,236.25013413
2020-03-07,628351,246.06525547
2020-03-08,633384,218.79580597
2020-03-09,769347,193.83847771
2020-03-10,789393,198.59261905
2020-03-11,701629,192.93291084
2020-03-12,695535,184.45073321
2020-03-13,859873,125.09546188
2020-03-14,745417,134.39237044
2020-03-15,644364,122.21333234
2020-03-16,775204,122.92434562
2020-03-17,784355,114.42322402
2020-03-18,757285,113.97308263
2020-03-19,816633,116.06544493
2020-03-20,852256,130.26905812
2020-03-21,837791,132.77327714
2020-03-22,777624,128.60276424
2020-03-23,805751,128.83833254
2020-03-24,788618,136.39151692
2020-03-25,778655,136.06864064
2020-03-26,765117,137.26124377
2020-03-27,767112,138.98800274
2020-03-28,663723,128.94152484
2020-03-29,621750,130.30150782
2020-03-30,685060,127.0174613
2020-03-31,754359,132.82140441
2020-04-01,690853,133.08973185
2020-04-02,693887,139.34606937
2020-04-03,745041,141.5668566
2020-04-04,639769,142.99152608
2020-04-05,625440,144.27176134
2020-04-06,706668,159.48823401
2020-04-07,771527,170.02672152
2020-04-08,806087,171.28231057
2020-04-09,802288,170.92983964
2020-04-10,729690,165.32446127
2020-04-11,709041,157.94625747
2020-04-12,653432,162.04623024
2020-04-13,746328,153.45940254
2020-04-14,788981,159.92496295
2020-04-15,795823,155.98766634
2020-04-16,794636,172.04137728
2020-04-17,793503,171.50302401
2020-04-18,754946,173.59056189
2020-04-19,778554,187.23725939
2020-04-20,790318,185.00207349
2020-04-21,829995,171.31735959
2020-04-22,792914,183.23762678
2020-04-23,799323,188.70087792
2020-04-24,855208,189.37492562
2020-04-25,805027,196.16322903
2020-04-26,797326,196.20339337
2020-04-27,830896,198.32078881
2020-04-28,846647,195.94571691
2020-04-29,858437,211.34712827
2020-04-30,911754,210.6700229
2020-05-01,835668,209.96295951
2020-05-02,781015,215.3560633
2020-05-03,789583,209.58828287
2020-05-04,788416,207.33901767
2020-05-05,768726,208.17517059
2020-05-06,828086,208.67731999
2020-05-07,823364,205.59506292
2020-05-08,906954,212.64090671
2020-05-09,899427,212.7155415
2020-05-10,875633,188.896264
2020-05-11,911952,189.39806302
2020-05-12,873661,190.97816251
2020-05-13,830874,190.5880142
2020-05-14,868707,201.92205999
2020-05-15,832699,197.7494496
2020-05-16,927200,198.77863691
2020-05-17,809502,201.40760071
2020-05-18,846761,214.52060241
2020-05-19,845078,210.44895181
2020-05-20,856464,209.43711967
2020-05-21,848767,209.59551899
2020-05-22,915941,204.81500786
2020-05-23,886118,207.20547137
2020-05-24,826867,209.73094916
2020-05-25,869917,202.02487707
2020-05-26,911337,200.58250263
2020-05-27,894381,203.29083474
2020-05-28,910282,208.09102733
2020-05-29,937060,222.40186368
2020-05-30,896881,220.97353091
2020-05-31,855968,237.67266689
2020-06-01,909816,237.97739129
2020-06-02,978267,234.53400693
2020-06-03,915019,238.32092815
2020-06-04,935441,243.66412757
2020-06-05,913089,243.57612717
2020-06-06,893774,240.63582306
2020-06-07,978558,243.32285265
2020-06-08,956080,244.52323315
2020-06-09,922895,243.64590992
2020-06-10,927679,244.75165014
2020-06-11,929011,240.94116391
2020-06-12,912369,236.51602503
2020-06-13,852160,236.96762036
2020-06-14,791685,238.43613756
2020-06-15,875861,227.42742948
2020-06-16,900088,233.60175865
2020-06-17,898261,233.35175663
2020-06-18,890458,233.69693436
2020-06-19,932912,228.53497528
2020-06-20,955561,229.27615605
2020-06-21,953499,230.16483454
2020-06-22,1048066,239.17136426
2020-06-23,1135133,241.42578084
2020-06-24,1072773,245.49549274
2020-06-25,1057735,231.19836623
2020-06-26,1019957,232.79656007
2020-06-27,1021452,230.67013255
2020-06-28,1021871,226.52579469
2020-06-29,1022018,225.50695688
2020-06-30,1104891,227.91715336
2020-07-01,1073002,228.97489372
2020-07-02,1044071,226.82825871
2020-07-03,1028263,227.12363921
2020-07-04,965130,225.9887433
2020-07-05,904867,225.36687458
2020-07-06,963290,237.49782226
2020-07-07,1066182,239.46660032
2020-07-08,1060083,245.22050952
2020-07-09,1089774,244.49744183
2020-07-10,1067104,240.08901159
2020-07-11,977367,239.52621874
2020-07-12,1010194,241.03528618
2020-07-13,1089144,241.45613033
2020-07-14,1124609,240.29711296
2020-07-15,1096388,239.63711323
2020-07-16,1057490,238.12151832
2020-07-17,1106428,233.06160527
2020-07-18,1054271,236.01727318
2020-07-19,1072073,234.9187603
2020-07-20,1125546,237.65129353
2020-07-21,1129757,243.46138237
2020-07-22,1134926,244.67356402
2020-07-23,1153312,263.20389899
2020-07-24,1114039,276.72436671
2020-07-25,1167977,282.86467774
2020-07-26,1190965,302.08866198
2020-07-27,1195605,314.62428757
2020-07-28,1260201,321.1960502
2020-07-29,1174771,321.95009765
2020-07-30,1166407,318.51839879
2020-07-31,1201175,343.8016278
2020-08-01,1185358,351.32013632
2020-08-02,1171072,367.65268641
2020-08-03,1112579,392.56056794
2020-08-04,1199172,390.70721351
2020-08-05,1172833,389.42935955
2020-08-06,1191881,399.19743167
2020-08-07,1238063,386.60467247
2020-08-08,1175412,391.21082139
2020-08-09,1222189,396.27504582
2020-08-10,1275686,396.6847536
2020-08-11,1268335,384.07518697
2020-08-12,1229866,384.94378598
2020-08-13,1212044,397.70051705
2020-08-14,1222652,435.1615319
2020-08-15,1145798,438.75503412
2020-08-16,1116410,431.13562809
2020-08-17,1180522,427.00410209
2020-08-18,1224451,422.53235688
2020-08-19,1205540,411.34183602
2020-08-20,1187409,415.42857416
2020-08-21,1277897,415.51854518
2020-08-22,1106844,391.47553329
2020-08-23,1150938,392.8506568
2020-08-24,1141482,402.14082695
2020-08-25,1128551,402.40334084
2020-08-26,1162766,384.323
2020-08-27,1159504,385.859
2020-08-28,1116436,386.985
2020-08-29,1113453,403.945
2020-08-30,1148736,405.475
2020-08-31,1197413,421.147
2020-09-01,1256737,463.113
2020-09-02,1189020,466.813
2020-09-03,1164436,437.184
2020-09-04,1173314,386.318
2020-09-05,1046551,380.77
2020-09-06,1032987,340.084
2020-09-07,1062272,344.4
2020-09-08,1019844,346.769
2020-09-09,1042432,341.871
2020-09-10,1093796,363.924
2020-09-11,1106655,362.306
2020-09-12,1037105,368.483
2020-09-13,1047250,387.652
2020-09-14,1069595,369.284
2020-09-15,1096522,375.509
2020-09-16,1050039,365.793
2020-09-17,1272709,380.315
2020-09-18,1296871,386.224
2020-09-19,1143721,378.197
2020-09-20,1094554,381.224
2020-09-21,1125865,369.865
2020-09-22,1097978,336.47
2020-09-23,1086019,335.898
2020-09-24,1079716,327.895
2020-09-25,1048373,342.924
2020-09-26,1001649,350.661
2020-09-27,980163,354.384
2020-09-28,1027795,357.35
2020-09-29,1107821,354.961
2020-09-30,1042962,354.571
2020-10-01,1038032,363.959
2020-10-02,1030332,342.018
2020-10-03,967037,346.228
2020-10-04,989415,348.355
2020-10-05,998395,351.193
2020-10-06,1059236,350.855
2020-10-07,1075259,341.327
2020-10-08,1016462,336.618
2020-10-09,1053760,350.545
2020-10-10,1031041,374.994
2020-10-11,1006358,372.24
2020-10-12,1069176,374.134
2020-10-13,1123652,382.99
2020-10-14,1099513,382.471
2020-10-15,1193269,378.974
2020-10-16,1209083,369.814
2020-10-17,1072764,368.038
2020-10-18,1028509,374.022
2020-10-19,1080167,375.153
2020-10-20,1091857,375.78
2020-10-21,1140099,379.146
2020-10-22,1183772,395.107
2020-10-23,1161273,412.905
2020-10-24,1056129,410.813
2020-10-25,977623,409.996
2020-10-26,1041459,405.177
2020-10-27,1081188,394.808
2020-10-28,1127495,397.55
2020-10-29,1107332,388.139
2020-10-30,1122727,378.727
2020-10-31,1096806,384.938
2020-11-01,1039146,389.574
2020-11-02,1141578,399.805
2020-11-03,1138344,375.562
2020-11-04,1123102,378.407
2020-11-05,1125873,403.61
2020-11-06,1166366,435.998
2020-11-07,1146885,457.34
2020-11-08,1019311,437.229
2020-11-09,1140922,445.673
2020-11-10,1152113,449.865
2020-11-11,1097526,463.022
2020-11-12,1126369,465.138
2020-11-13,1115317,461.282
2020-11-14,1094296,467.639
2020-11-15,1040452,461.149
2020-11-16,1082043,455.151
2020-11-17,1150275,466.196
2020-11-18,1169602,476.354
2020-11-19,1087214,472.582
2020-11-20,1164331,490.843
2020-11-21,1150138,510.629
2020-11-22,1153994,542.855
2020-11-23,1201209,581.396
2020-11-24,1245264,605.713
2020-11-25,1215850,593.233
2020-11-26,1189361,516.841
2020-11-27,1139470,518.394
2020-11-28,1002098,514.494
2020-11-29,966721,542.005
2020-11-30,1136160,585.931
2020-12-01,1207981,611.457
2020-12-02,1077818,598.515
2020-12-03,1106244,598.914
2020-12-04,1148541,605.208
2020-12-05,1067678,585.401
2020-12-06,1031621,600.54
2020-12-07,1082387,601.208
2020-12-08,1135098,589.094
2020-12-09,1158588,539.286
2020-12-10,1114508,563.55
2020-12-11,1093311,541.876
2020-12-12,1120151,559.563
2020-12-13,1098968,579.267
2020-12-14,1239229,586.144
2020-12-15,1220687,585.502
2020-12-16,1221649,584.977
2020-12-17,1358181,648.132
2020-12-18,1226867,644.56
2020-12-19,1184185,649.565
2020-12-20,1065227,656.262
2020-12-21,1153996,645.999
2020-12-22,1153624,595.695
2020-12-23,1211465,616.578
2020-12-24,1201869,581.81
2020-12-25,1117258,611.912
2020-12-26,1114440,624.794
2020-12-27,1160961,649.581
2020-12-28,1256256,733.778
2020-12-29,1227788,707.811
2020-12-30,1216619,734.654
2020-12-31,1187157,748.864
2021-01-01,1127256,738.554
2021-01-02,1128493,767.28605789
2021-01-03,1228343,773.78175013
2021-01-04,1294320,1045.586
2021-01-05,1249608,1004.476
2021-01-06,1264365,1109.529
2021-01-07,1317745,1190.206
2021-01-08,1296186,1204.996
2021-01-09,1221217,1194.602
2021-01-10,1229151,1347.931
2021-01-11,1246350,1070.844
2021-01-12,1217087,1141.299
2021-01-13,1124638,1072.729
2021-01-14,1158455,1148.518
2021-01-15,1232026,1233.948
2021-01-16,1178387,1182.671
2021-01-17,1157993,1184.177
2021-01-18,1213800,1218.045
2021-01-19,1240582,1375.472
2021-01-20,1217788,1373.569
2021-01-21,1193785,1307.813
2021-01-22,1186106,1133.53
2021-01-23,1148047,1260.578
2021-01-24,1117305,1312.597
2021-01-25,1189502,1423.177
2021-01-26,1196877,1320.525
2021-01-27,1156780,1302.016
2021-01-28,1162521,1285.27
2021-01-29,1281568,1319.051
2021-01-30,1222633,1349.892
2021-01-31,1233766,1346.449
2021-02-01,1310405,1320.069
2021-02-02,1272320,1419.065
2021-02-03,1313260,1548.021
2021-02-04,1329203,1665.8
2021-02-05,1301097,1660.576
2021-02-06,1255145,1681.12
2021-02-07,1216055,1635.058
2021-02-08,1258454,1641.181
2021-02-09,1340675,1753.792
2021-02-10,1309270,1815.127
2021-02-11,1268516,1739.973
2021-02-12,1285241,1770.62
2021-02-13,1282114,1810.867
2021-02-14,1211479,1838.09
2021-02-15,1204847,1753.012
2021-02-16,1239679,1798.692
2021-02-17,1219563,1806.601
2021-02-18,1306583,1898.429
2021-02-19,1326640,1918.801
2021-02-20,1311929,1999.934
2021-02-21,1249089,1914.252
2021-02-22,1286456,1888.087
2021-02-23,1327381,1591.943
2021-02-24,1305510,1645.739
2021-02-25,1243702,1636.277
2021-02-26,1225162,1416.608
2021-02-27,1218554,1491.979
2021-02-28,1194468,1348.697
2021-03-01,1184291,1440.6
2021-03-02,1204198,1539.224
2021-03-03,1249920,1567.16
2021-03-04,1240065,1560.518
2021-03-05,1216539,1480.0
2021-03-06,1164460,1585.191
2021-03-07,1172363,1682.79
2021-03-08,1199214,1690.425
2021-03-09,1272678,1813.659
2021-03-10,1262037,1812.074
2021-03-11,1278061,1770.391
2021-03-12,1296473,1792.458
2021-03-13,1308208,1788.715
2021-03-14,1283146,1887.732
2021-03-15,1307809,1799.154
2021-03-16,1304706,1800.663
2021-03-17,1303010,1784.397
2021-03-18,1290582,1814.534
2021-03-19,1303000,1793.18
2021-03-20,1258783,1823.564
2021-03-21,1199158,1779.703
2021-03-22,1292037,1789.836
2021-03-23,1311435,1679.069
2021-03-24,1281569,1695.929
2021-03-25,1355451,1576.537
2021-03-26,1300780,1636.389
2021-03-27,1219074,1692.118
2021-03-28,1235164,1718.128
2021-03-29,1252140,1704.818
2021-03-30,1279648,1817.695
2021-03-31,1339288,1814.751
2021-04-01,1384485,1926.697
2021-04-02,1352436,1996.558
2021-04-03,1314970,2111.577
2021-04-04,1209667,2033.063
2021-04-05,1266009,2030.72
2021-04-06,1345186,2095.259
2021-04-07,1321451,2078.969
2021-04-08,1280306,2023.208
2021-04-09,1295865,2076.849
2021-04-10,1306874,2158.767
2021-04-11,1258263,2129.453
2021-04-12,1325444,2182.728
2021-04-13,1359241,2166.35
2021-04-14,1400854,2374.619
2021-04-15,1244580,2474.784
2021-04-16,1325428,2425.607
2021-04-17,1471268,2465.05
2021-04-18,1413905,2214.949
2021-04-19,1431489,2274.54
2021-04-20,1538412,2096.829
2021-04-21,1531518,2290.984
2021-04-22,1623656,2482.854
2021-04-23,1556285,2133.555
2021-04-24,1420602,2277.834
2021-04-25,1380784,2194.006
2021-04-26,1450437,2456.575
2021-04-27,1422586,2544.483
2021-04-28,1489972,2612.258
2021-04-29,1538967,2731.784
2021-04-30,1475890,2776.607
2021-05-01,1406642,2853.384
2021-05-02,1422023,2896.554
2021-05-03,1470650,3143.779
2021-05-04,1528857,3326.884
2021-05-05,1519575,3340.197
2021-05-06,1521718,3442.802
2021-05-07,1525683,3440.036
2021-05-08,1637611,3539.629
2021-05-09,1780153,3949.514
2021-05-10,1662235,4114.827
2021-05-11,1751916,3968.521
2021-05-12,1651646,4311.684
2021-05-13,1597125,3968.691
2021-05-14,1531800,3888.501
2021-05-15,1505763,3916.265
2021-05-16,1421574,3854.966
2021-05-17,1451290,3525.279
2021-05-18,1426512,3505.803
2021-05-19,1443534,2989.084
2021-05-20,1503870,2713.535
2021-05-21,1370621,2691.51
2021-05-22,1333863,2245.141
2021-05-23,1212137,2154.164
2021-05-24,1315820,2293.335
2021-05-25,1316269,2656.371
2021-05-26,1305121,2887.582
2021-05-27,1321993,2735.811
2021-05-28,1298443,2567.561
2021-05-29,1293432,2491.822
2021-05-30,1306494,2457.191
2021-05-31,1260423,2446.77
2021-06-01,1318192,2652.619
2021-06-02,1278998,2689.245
2021-06-03,1330879,2815.143
2021-06-04,1333516,2618.303
2021-06-05,1197848,2781.692
2021-06-06,1126227,2691.031
2021-06-07,1198026,2765.091
2021-06-08,1235976,2504.845
2021-06-09,1189326,2511.897
2021-06-10,1210739,2549.427
2021-06-11,1187580,2447.836
2021-06-12,1147406,2324.431
2021-06-13,1117021,2324.39
2021-06-14,1155968,2497.655
2021-06-15,1219607,2621.46
2021-06-16,1219933,2529.594
2021-06-17,1190973,2443.438
2021-06-18,1204431,2342.092
2021-06-19,1086486,2240.949
2021-06-20,1051125,2199.985
2021-06-21,1160974,2012.064
2021-06-22,1283574,1938.913
2021-06-23,1230412,2006.469
2021-06-24,1177598,1920.13
2021-06-25,1228710,1945.004
2021-06-26,1202712,1751.054
2021-06-27,1076321,1869.225
2021-06-28,1342811,2048.917
2021-06-29,1308797,2133.623
2021-06-30,1242109,2159.196
2021-07-01,1208828,2135.487
2021-07-02,1180147,2063.882
2021-07-03,1136677,2198.461
2021-07-04,1110397,2336.429
2021-07-05,1141554,2274.121
2021-07-06,1261502,2339.325
2021-07-07,1350340,2375.341
2021-07-08,1264219,2172.922
2021-07-09,1239534,2118.773
2021-07-10,1158690,2123.156
2021-07-11,1097549,2098.616
2021-07-12,1172995,2146.921
2021-07-13,1193802,2028.396
2021-07-14,1212463,1899.752
2021-07-15,1239709,1953.491
2021-07-16,1228786,1904.963
2021-07-17,1174583,1879.483
2021-07-18,1168601,1957.833
2021-07-19,1172424,1893.869
2021-07-20,1217781,1765.66
2021-07-21,1171590,1871.425
2021-07-22,1215133,1992.152
2021-07-23,1204202,2062.25
2021-07-24,1214391,2135.875
2021-07-25,1155520,2177.222
2021-07-26,1212164,2329.702
2021-07-27,1340442,2205.895
2021-07-28,1295982,2297.331
2021-07-29,1253451,2296.385
2021-07-30,1240487,2399.557
2021-07-31,1222419,2443.645
2021-08-01,1200877,2587.389
2021-08-02,1243522,2617.858
2021-08-03,1232109,2490.874
2021-08-04,1205036,2471.762
2021-08-05,1191087,2680.316
2021-08-06,1203517,2769.405
2021-08-07,1215103,2960.576
2021-08-08,1182949,3140.192
2021-08-09,1171138,2946.105
2021-08-10,1234554,3146.639
2021-08-11,1239433,3231.465
2021-08-12,1221758,3144.368
2021-08-13,1185760,3227.004
2021-08-14,1177846,3309.366
2021-08-15,1126185,3157.756
2021-08-16,1197227,3277.219
2021-08-17,1261586,3167.207
2021-08-18,1220650,3031.928
2021-08-19,1239399,2981.949
2021-08-20,1245500,3214.852
2021-08-21,1230430,3295.274
2021-08-22,1167724,3266.142
2021-08-23,1230057,3327.004
2021-08-24,1255174,3349.916
2021-08-25,1206601,3185.137
2021-08-26,1174818,3101.657
2021-08-27,1147348,3128.655
2021-08-28,1116183,3234.435
2021-08-29,1138831,3210.049
2021-08-30,1193475,3181.163
2021-08-31,1201302,3352.854
2021-09-01,1210695,3514.949
2021-09-02,1253953,3738.052
2021-09-03,1210043,3800.17
2021-09-04,1200249,3918.382
2021-09-05,1144523,3870.989
2021-09-06,1176624,3945.368
2021-09-07,1250393,3886.451
2021-09-08,1261787,3271.004
2021-09-09,1182498,3502.215
2021-09-10,1264779,3402.989
2021-09-11,1255541,3241.824
2021-09-12,1216891,3323.531
2021-09-13,1252557,3201.041
2021-09-14,1244175,3310.29
2021-09-15,1220626,3397.536
2021-09-16,1195121,3635.19
2021-09-17,1225895,3518.521
2021-09-18,1148183,3500.923
2021-09-19,1104120,3438.523
2021-09-20,1172834,3116.236
2021-09-21,1184859,3067.58
2021-09-22,1181289,2945.822
2021-09-23,1180354,3146.573
2021-09-24,1201324,2927.843
2021-09-25,1116070,2890.092
2021-09-26,1087074,2777.896
2021-09-27,1125534,3098.286
2021-09-28,1114564,2895.497
2021-09-29,1135213,2924.041
2021-09-30,1119724,3000.182
2021-10-01,1182398,3093.867
2021-10-02,1123946,3283.993
2021-10-03,1138634,3394.686
2021-10-04,1099015,3366.027
2021-10-05,1197705,3394.255
2021-10-06,1257195,3455.964
2021-10-07,1395038,3611.851
2021-10-08,1348441,3602.427
2021-10-09,1199363,3604.781
2021-10-10,1151464,3582.362
2021-10-11,1140041,3613.426
2021-10-12,1223112,3483.067
2021-10-13,1182396,3436.817
2021-10-14,1221513,3631.106
2021-10-15,1255225,3811.252
2021-10-16,1259317,3847.484
2021-10-17,1132915,3879.788
2021-10-18,1215730,3838.741
2021-10-19,1208166,3809.571
2021-10-20,1237742,3855.165
2021-10-21,1295430,4168.182
2021-10-22,1244324,4136.177
2021-10-23,1239041,4020.078
2021-10-24,1265737,4094.972
2021-10-25,1271809,4149.958
2021-10-26,1355079,4199.489
2021-10-27,1340460,4144.402
2021-10-28,1447105,4015.071
2021-10-29,1486238,4306.163
2021-10-30,1403841,4350.46
2021-10-31,1344840,4316.342
2021-11-01,1307476,4300.714
2021-11-02,1380113,4345.203
2021-11-03,1422881,4611.42
2021-11-04,1378253,4523.864
2021-11-05,1338763,4532.89
2021-11-06,1286208,4472.83
2021-11-07,1254858,4546.21
2021-11-08,1323913,4732.6
2021-11-09,1332332,4789.0
2021-11-10,1363610,4721.22
2021-11-11,1376315,4696.32
2021-11-12,1348704,4709.94
2021-11-13,1315550,4640.24
2021-11-14,1276923,4602.16
2021-11-15,1283963,4684.52
2021-11-16,1317678,4304.97
2021-11-17,1338205,4184.84
2021-11-18,1311059,4249.73
2021-11-19,1253815,4061.1
2021-11-20,1185991,4284.09
2021-11-21,1233256,4353.27
2021-11-22,1224957,4191.45
2021-11-23,1240179,4109.41
2021-11-24,1333767,4272.25
2021-11-25,1312364,4294.4
2021-11-26,1311245,4334.06
2021-11-27,1233097,4122.73
2021-11-28,1177110,4072.2
2021-11-29,1183748,4350.69
2021-11-30,1278672,4413.74
2021-12-01,1227887,4771.38
2021-12-02,1264706,4561.56
2021-12-03,1226773,4565.84
2021-12-04,1250170,3880.21
2021-12-05,1239765,4193.1
2021-12-06,1377437,4068.4
2021-12-07,1206379,4354.85
2021-12-08,1298785,4361.41
2021-12-09,1275391,4388.07
2021-12-10,1242652,4039.98
2021-12-11,1209496,3982.23
2021-12-12,1165519,4058.7
2021-12-13,1229485,3989.59
2021-12-14,1199439,3781.44
2021-12-15,1266630,3867.95
2021-12-16,1245432,4015.74
2021-12-17,1146031,3875.78
2021-12-18,1226880,3894.19
2021-12-19,1157863,3981.75
2021-12-20,1172335,3839.22
2021-12-21,1197666,4004.77
2021-12-22,1205140,4052.47
2021-12-23,1248962,3913.8
2021-12-24,1284219,4089.85
2021-12-25,1324954,4056.01
2021-12-26,1225075,4038.45
2021-12-27,1224382,4054.1
2021-12-28,1243820,3917.7
2021-12-29,1282289,3796.24
2021-12-30,1230501,3713.71
2021-12-31,1254988,3708.4
2022-01-01,1161569,3716.05
2022-01-02,1167955,3741.39
2022-01-03,1182371,3809.3
2022-01-04,1221538,3757.37
2022-01-05,1227939,3814.9
2022-01-06,1240942,3452.75
2022-01-07,1200503,3192.11
2022-01-08,1173527,3210.81
2022-01-09,1126447,3132.37
2022-01-10,1194679,3162.12
2022-01-11,1269396,3132.91
2022-01-12,1287434,3215.89
2022-01-13,1295076,3341.18
2022-01-14,1239200,3266.76
2022-01-15,1169832,3309.53
2022-01-16,1169090,3334.89
2022-01-17,1189635,3274.22
2022-01-18,1170868,3187.22
2022-01-19,1193154,3058.17
2022-01-20,1210172,3138.8
2022-01-21,1210860,2882.18
2022-01-22,1196771,2467.9
2022-01-23,1111554,2490.17
2022-01-24,1118531,2383.39
2022-01-25,1169921,2382.98
2022-01-26,1157630,2462.07
2022-01-27,1144735,2406.88
2022-01-28,1124708,2398.2
2022-01-29,1154648,2563.33
2022-01-30,1148319,2621.52
2022-01-31,1186813,2522.08
2022-02-01,1191144,2738.06
2022-02-02,1152311,2750.5
2022-02-03,1129922,2673.97
2022-02-04,1145189,2805.7
2022-02-05,1250496,3002.48
2022-02-06,1175618,3014.03
2022-02-07,1128787,3082.99
2022-02-08,1207226,3176.41
2022-02-09,1181795,3107.58
2022-02-10,1214947,3194.07
2022-02-11,1192194,3104.3
2022-02-12,1149563,2923.46
2022-02-13,1099047,2924.98
2022-02-14,1153481,2883.37
2022-02-15,1144915,3050.73
2022-02-16,1229178,3150.14
2022-02-17,1130665,3112.19
2022-02-18,1237511,2904.77
2022-02-19,1177679,2813.81
2022-02-20,1326631,2655.15
2022-02-21,1150757,2750.29
2022-02-22,1132626,2523.0
2022-02-23,1139904,2695.04
2022-02-24,1172686,2375.04
2022-02-25,1160236,2611.31
2022-02-26,1159431,2790.25
2022-02-27,1142265,2738.38
2022-02-28,1086007,2635.08
2022-03-01,1165809,2920.99
2022-03-02,1191859,2975.4
2022-03-03,1181069,2904.07
2022-03-04,1161355,2732.21
2022-03-05,1095730,2637.19
2022-03-06,1103078,2644.37
2022-03-07,1160033,2521.49
2022-03-08,1180856,2533.93
2022-03-09,1198084,2747.15
2022-03-10,1232611,2595.5
2022-03-11,1130643,2610.79
2022-03-12,1130654,2588.38
2022-03-13,1039869,2581.99
2022-03-14,1097574,2588.63
2022-03-15,1156092,2529.81
2022-03-16,1258415,2647.35
2022-03-17,1168518,2756.65
2022-03-18,1278448,2794.49
2022-03-19,1135750,2923.64
2022-03-20,1118234,2926.72
2022-03-21,1118611,2891.63
2022-03-22,1244124,2994.99
2022-03-23,1173523,2950.41
2022-03-24,1143953,3040.07
2022-03-25,1162197,3132.6
2022-03-26,1119922,3139.52
2022-03-27,1113897,3157.34
2022-03-28,1178179,3321.64
2022-03-29,1225975,3390.59
2022-03-30,1156242,3410.13
2022-03-31,1175642,3405.03
2022-04-01,1150291,3281.05
2022-04-02,1130273,3485.63
2022-04-03,1045972,3490.04
2022-04-04,1097239,3504.6
2022-04-05,1099111,3527.94
2022-04-06,1117244,3344.73
2022-04-07,1127775,3226.3
2022-04-08,1126697,3283.02
2022-04-09,1075108,3210.1
2022-04-10,1100534,3244.63
2022-04-11,1114809,3181.24
2022-04-12,1109352,3025.61
2022-04-13,1066252,3051.4
2022-04-14,1085495,3114.42
2022-04-15,1144124,3034.48
2022-04-16,1076005,3035.2
2022-04-17,1040380,3038.06
2022-04-18,1096742,2891.19
2022-04-19,1135441,3039.95
2022-04-20,1290959,3090.45
2022-04-21,1137173,3104.03
2022-04-22,1131868,3020.18
2022-04-23,1093438,2958.99
2022-04-24,1059679,2949.57
2022-04-25,1126881,2814.04
2022-04-26,1122956,3004.25
2022-04-27,1156114,2882.83
2022-04-28,1143112,2905.0
2022-04-29,1189308,2926.96
2022-04-30,1172147,2829.58
2022-05-01,1195479,2767.0
2022-05-02,1120472,2844.01
2022-05-03,1084315,2842.6
2022-05-04,1095002,2829.31
2022-05-05,1152259,2934.63
2022-05-06,1166053,2729.22
2022-05-07,1060277,2672.64
2022-05-08,1059344,2557.44
2022-05-09,1144866,2448.28
2022-05-10,1207528,2380.92
2022-05-11,1169999,2308.29
2022-05-12,1332337,1888.58
2022-05-13,1368221,2046.37
2022-05-14,1152124,2028.99
2022-05-15,1108486,2034.07
2022-05-16,1127485,2010.03
2022-05-17,1134220,2068.23
2022-05-18,1180952,2036.03
2022-05-19,1088652,1950.75
2022-05-20,1118557,2025.02
2022-05-21,1105803,1977.47
2022-05-22,1060766,1973.09
2022-05-23,1072900,2065.5
2022-05-24,1114616,1982.92
2022-05-25,1070376,1975.38
2022-05-26,1085543,1924.75
2022-05-27,1081029,1763.84
2022-05-28,1062454,1764.13
2022-05-29,1098666,1781.05
2022-05-30,1042306,1906.64
2022-05-31,1146018,1969.76
2022-06-01,1093537,1929.06
2022-06-02,1085236,1824.24
2022-06-03,1087481,1813.21
2022-06-04,1044971,1767.34
2022-06-05,1000650,1785.83
2022-06-06,1047615,1890.26
2022-06-07,1042327,1763.02
2022-06-08,1038767,1806.19
2022-06-09,1023331,1809.52
2022-06-10,1079723,1787.66
2022-06-11,1032227,1666.06
2022-06-12,1031362,1470.1
2022-06-13,1071404,1280.69
2022-06-14,1090181,1242.08
2022-06-15,1108247,1092.36
2022-06-16,1101540,1164.75
2022-06-17,1119245,1097.65
2022-06-18,1048707,1002.75
2022-06-19,1039756,954.72
2022-06-20,1039994,1077.6
2022-06-21,1020860,1147.04
2022-06-22,994107,1073.27
2022-06-23,969474,1091.8
2022-06-24,1013435,1149.74
2022-06-25,964741,1233.46
2022-06-26,913796,1237.24
2022-06-27,980760,1225.34
2022-06-28,979559,1206.8
2022-06-29,963210,1128.96
2022-06-30,1039600,1056.58
2022-07-01,1165169,1065.57
2022-07-02,1203046,1041.56
2022-07-03,1170243,1062.48
2022-07-04,1133437,1049.89
2022-07-05,1192851,1157.88
2022-07-06,1152633,1137.3
2022-07-07,1184499,1175.69
2022-07-08,1192309,1240.1
2022-07-09,1167959,1224.18
2022-07-10,1176389,1189.17
2022-07-11,1139639,1142.53
2022-07-12,1132669,1068.17
2022-07-13,1163550,1069.19
2022-07-14,1207366,1096.24
2022-07-15,1191120,1212.23
2022-07-16,1240502,1197.15
2022-07-17,1241164,1363.03
2022-07-18,1235995,1469.55
2022-07-19,1174250,1511.82
2022-07-20,1179937,1533.22
2022-07-21,1203458,1487.88
2022-07-22,1205945,1597.2
2022-07-23,1186492,1578.33
2022-07-24,1101468,1605.08
2022-07-25,1164024,1524.14
2022-07-26,1744653,1409.78
2022-07-27,1246468,1465.02
2022-07-28,1153550,1615.2
2022-07-29,1196079,1715.87
2022-07-30,1167900,1715.77
2022-07-31,1167889,1698.7
2022-08-01,1304550,1694.11
2022-08-02,1223696,1593.23
2022-08-03,1234898,1628.53
2022-08-04,1486483,1625.88
2022-08-05,1213412,1663.91
2022-08-06,1156677,1719.49
2022-08-07,1176671,1685.6
2022-08-08,1134028,1734.4
2022-08-09,1149001,1781.92
2022-08-10,1144477,1685.7
2022-08-11,1126280,1878.89
2022-08-12,1115123,1888.65
2022-08-13,1115857,1996.83
2022-08-14,1110811,2016.68
2022-08-15,1087288,1900.65
2022-08-16,1100392,1884.24
2022-08-17,1116376,1891.93
2022-08-18,1090638,1845.05
2022-08-19,1107163,1745.62
2022-08-20,1077898,1646.82
2022-08-21,1094567,1585.02
2022-08-22,1069791,1554.51
2022-08-23,1085179,1599.46
2022-08-24,1034449,1626.47
2022-08-25,1054592,1708.08
2022-08-26,1080448,1660.57
2022-08-27,1052096,1508.31
2022-08-28,1034290,1495.79
2022-08-29,1061386,1454.0
2022-08-30,1057643,1587.18
2022-08-31,1025104,1585.92
2022-09-01,1089327,1543.51
2022-09-02,1084255,1594.53
2022-09-03,1040908,1544.81
2022-09-04,1097754,1546.18
2022-09-05,1081928,1562.51
2022-09-06,1101841,1658.11
2022-09-07,1072760,1518.67
2022-09-08,1066059,1612.17
2022-09-09,1099890,1705.11
2022-09-10,1011849,1710.88
2022-09-11,1010401,1761.57
2022-09-12,1067994,1760.0
2022-09-13,1083910,1715.92
2022-09-14,1102188,1609.03
2022-09-15,1172845,1636.18
2022-09-16,1352368,1471.45
2022-09-17,1317974,1432.07
2022-09-18,1193762,1454.02
2022-09-19,1159317,1301.45
2022-09-20,1138124,1357.79
2022-09-21,1100621,1331.72
2022-09-22,1123227,1278.94
2022-09-23,1098651,1331.23
2022-09-24,1120251,1322.69
2022-09-25,1107339,1333.21
2022-09-26,1142997,1295.08
2022-09-27,1219036,1382.67
2022-09-28,1100208,1285.68
2022-09-29,1119229,1322.22
2022-09-30,1214852,1340.39
2022-10-01,1165650,1329.54
2022-10-02,1169461,1311.14
2022-10-03,1268126,1292.16
2022-10-04,1225246,1350.02
2022-10-05,1168541,1352.8
2022-10-06,1208253,1368.76
2022-10-07,1178153,1356.29
2022-10-08,1188308,1330.8
2022-10-09,1088567,1315.3
2022-10-10,1097789,1316.95
2022-10-11,1140645,1283.59
2022-10-12,1092710,1294.67
2022-10-13,1108941,1277.79
2022-10-14,1096168,1321.96
2022-10-15,1045352,1294.68
2022-10-16,974209,1283.5
2022-10-17,1039686,1312.76
2022-10-18,1089588,1337.19
2022-10-19,1027669,1300.37
2022-10-20,1195727,1292.49
2022-10-21,1128938,1284.86
2022-10-22,1002461,1300.21
2022-10-23,972847,1309.65
2022-10-24,1036585,1337.26
2022-10-25,1039157,1347.57
2022-10-26,1099386,1518.11
2022-10-27,1084208,1556.04
2022-10-28,1112253,1493.14
2022-10-29,1014155,1590.47
2022-10-30,1040871,1629.63
2022-10-31,1062048,1591.49
2022-11-01,1081686,1590.47
2022-11-02,1013951,1564.53
2022-11-03,1090112,1544.26
2022-11-04,1023814,1587.04
2022-11-05,985650,1651.71
2022-11-06,919531,1622.74
2022-11-07,1085543,1549.47
2022-11-08,1099125,1495.72
2022-11-09,1212455,1274.56
2022-11-10,1209671,1188.73
2022-11-11,1125826,1275.54
2022-11-12,1076757,1262.68
2022-11-13,1066252,1248.52
2022-11-14,1186526,1256.62
2022-11-15,1161965,1265.93
2022-11-16,1076247,1245.01
2022-11-17,1109387,1202.34
2022-11-18,1065401,1213.21
2022-11-19,923019,1206.01
2022-11-20,932638,1218.85
2022-11-21,935083,1122.27
2022-11-22,979790,1091.93
2022-11-23,978920,1165.18
2022-11-24,979203,1211.34
2022-11-25,973683,1184.56
2022-11-26,986262,1218.72
2022-11-27,865078,1216.97
2022-11-28,1053180,1173.15
2022-11-29,1047723,1205.2
2022-11-30,1021089,1272.72
2022-12-01,999758,1280.79
2022-12-02,1022810,1276.59
2022-12-03,985263,1276.77
2022-12-04,949844,1257.41
2022-12-05,1009468,1297.68
2022-12-06,1030668,1260.49
2022-12-07,985597,1224.55
2022-12-08,941014,1233.03
2022-12-09,1565635,1282.18
2022-12-10,1457706,1265.05
2022-12-11,1077049,1276.58
2022-12-12,1153049,1246.88
2022-12-13,1142315,1266.63
2022-12-14,1090679,1322.75
2022-12-15,1074966,1287.66
2022-12-16,1140427,1278.24
2022-12-17,1097445,1183.49
2022-12-18,954112,1183.49
2022-12-19,943784,1180.14
2022-12-20,1002740,1208.36
2022-12-21,1030097,1211.24
2022-12-22,985670,1213.52
2022-12-23,1043020,1221.97
2022-12-24,952869,1220.47
2022-12-25,853974,1219.91
2022-12-26,912291,1220.88
2022-12-27,993174,1222.13
2022-12-28,977050,1194.21
2022-12-29,956439,1194.29
2022-12-30,956170,1188.28
2022-12-31,897116,1196.47
2023-01-01,751217,1194.65
2023-01-02,860699,1213.19
2023-01-03,948991,1216.78
2023-01-04,1037526,1252.47
2023-01-05,1144439,1250.42
2023-01-06,1002634,1247.37
2023-01-07,998299,1266.17
2023-01-08,1080994,1263.74
2023-01-09,1160613,1312.29
2023-01-10,1069290,1323.34
2023-01-11,1085121,1335.54
2023-01-12,1079814,1398.46
2023-01-13,1071696,1408.1
2023-01-14,1136712,1553.57
2023-01-15,976055,1528.96
2023-01-16,1058735,1566.13
2023-01-17,1030401,1563.45
2023-01-18,1104802,1582.54
2023-01-19,1024681,1528.43
2023-01-20,1001980,1550.61
2023-01-21,1026380,1651.79
2023-01-22,900270,1627.4
2023-01-23,922587,1633.81
2023-01-24,1021976,1635.49
2023-01-25,1022294,1554.23
2023-01-26,1040403,1605.41
2023-01-27,1110274,1585.88
2023-01-28,999273,1592.56
2023-01-29,974334,1592.96
2023-01-30,1059295,1627.26
2023-01-31,1087552,1580.1
2023-02-01,1065110,1575.84
2023-02-02,1097907,1664.47
2023-02-03,1097389,1637.54
2023-02-04,1057393,1657.95
2023-02-05,1078770,1668.37
2023-02-06,1065503,1635.18
2023-02-07,1127657,1632.14
2023-02-08,1130734,1677.53
2023-02-09,1080441,1630.5
2023-02-10,1092131,1552.04
2023-02-11,976907,1521.21
2023-02-12,940706,1531.9
2023-02-13,1039686,1524.24
2023-02-14,1088531,1506.38
2023-02-15,1191785,1548.02
2023-02-16,1138819,1680.21
2023-02-17,1087307,1653.81
2023-02-18,993214,1691.54
2023-02-19,999893,1693.62
2023-02-20,1043692,1696.54
2023-02-21,1082444,1704.82
2023-02-22,1091460,1643.68
2023-02-23,1069107,1667.28
2023-02-24,1114672,1652.78
2023-02-25,1016230,1603.15
2023-02-26,983426,1599.84
2023-02-27,1014540,1637.14
2023-02-28,1044859,1619.71
2023-03-01,1076582,1651.13
2023-03-02,1083984,1644.28
2023-03-03,1105265,1568.9
2023-03-04,993092,1569.23
2023-03-05,950188,1568.65
2023-03-06,999028,1562.08
2023-03-07,1035864,1569.63
2023-03-08,1025165,1551.1
2023-03-09,1026646,1536.53
2023-03-10,1065265,1411.67
2023-03-11,1053539,1437.0
2023-03-12,967202,1468.0
2023-03-13,1135150,1614.03
2023-03-14,1111230,1677.22
2023-03-15,1091704,1712.46
2023-03-16,1058484,1659.77
2023-03-17,1048284,1721.53
2023-03-18,1057394,1818.15
2023-03-19,965643,1778.41
2023-03-20,1108609,1796.75
2023-03-21,1086029,1736.03
2023-03-22,1087286,1796.43
2023-03-23,1049895,1754.59
2023-03-24,1101253,1818.02
2023-03-25,1061362,1750.43
2023-03-26,1009383,1754.35
2023-03-27,1083049,1753.61
2023-03-28,1153065,1724.96
2023-03-29,1147348,1804.85
2023-03-30,1194401,1807.26
2023-03-31,1137713,1795.4
2023-04-01,1081027,1824.44
2023-04-02,982908,1821.32
2023-04-03,1022336,1793.79
2023-04-04,1052042,1812.92
2023-04-05,1134386,1910.8
2023-04-06,1048642,1880.16
2023-04-07,1055198,1849.98
2023-04-08,955297,1873.23
2023-04-09,950307,1836.9
2023-04-10,983710,1860.31
2023-04-11,1061616,1923.29
2023-04-12,1052791,1871.45
2023-04-13,1067875,1924.28
2023-04-14,1170270,2106.72
2023-04-15,1041796,2099.95
2023-04-16,919379,2099.33
2023-04-17,983704,2091.5
2023-04-18,1040496,2100.6
2023-04-19,1099147,2074.06
2023-04-20,1078477,1948.99
2023-04-21,1027729,1927.95
2023-04-22,886463,1850.25
2023-04-23,875851,1875.63
2023-04-24,913280,1844.84
2023-04-25,972251,1815.78
2023-04-26,978909,1862.44
2023-04-27,941529,1886.02
2023-04-28,982012,1919.33
2023-04-29,901709,1903.77
2023-04-30,952239,1904.27
2023-05-01,1079483,1849.8
2023-05-02,1111742,1835.32
2023-05-03,1126682,1865.93
2023-05-04,1111605,1899.14
2023-05-05,1168186,1895.82
2023-05-06,1189403,1960.87
2023-05-07,1094374,1908.51
2023-05-08,1143042,1853.68
2023-05-09,1136597,1850.54
2023-05-10,1090223,1839.47
2023-05-11,1111025,1829.71
2023-05-12,1077285,1760.2
2023-05-13,1023428,1804.17
2023-05-14,974047,1806.28
2023-05-15,1066294,1829.31
2023-05-16,1092788,1822.45
2023-05-17,1035307,1808.31
2023-05-18,1046877,1827.49
2023-05-19,1082791,1806.58
2023-05-20,1070390,1811.92
2023-05-21,1008885,1817.66
2023-05-22,1041071,1811.52
2023-05-23,1117643,1853.49
2023-05-24,1076385,1815.18
2023-05-25,1050957,1778.63
2023-05-26,1066238,1817.08
2023-05-27,1015501,1830.16
2023-05-28,942269,1848.42
2023-05-29,1068856,1900.53
2023-05-30,1182994,1899.95
2023-05-31,1093568,1870.28
2023-06-01,1090429,1854.78
2023-06-02,1104253,1886.28
2023-06-03,1028692,1903.28
2023-06-04,956026,1900.66
2023-06-05,1077829,1873.66
2023-06-06,1129632,1814.06
2023-06-07,1085247,1876.16
2023-06-08,1021481,1842.37
2023-06-09,1061296,1838.629252199229
2023-06-10,1152450,1733.5
2023-06-11,1186267,1754.11
2023-06-12,948386,1736.86
2023-06-13,969818,1748.7
2023-06-14,981714,1741.52
2023-06-15,1101975,1636.12
2023-06-16,1132558,1669.75
2023-06-17,1051002,1743.92
2023-06-18,995344,1729.92
2023-06-19,1012225,1724.75
2023-06-20,1066839,1730.06
2023-06-21,1080137,1813.09
2023-06-22,1084530,1910.83
2023-06-23,1050504,1881.63
2023-06-24,1022306,1883.61
2023-06-25,953735,1912.55
2023-06-26,961104,1892.55
2023-06-27,1069097,1875.06
2023-06-28,1085057,1851.42
2023-06-29,1060441,1847.69
2023-06-30,1106507,1889.11
2023-07-01,1075928,1920.19
2023-07-02,935358,1915.7
2023-07-03,1010619,1968.01
2023-07-04,1047648,1950.78
2023-07-05,740906,1936.69
2023-07-06,828758,1925.54
2023-07-07,1049012,1855.22
2023-07-08,1029173,1862.29
2023-07-09,953567,1867.92
2023-07-10,1018235,1856.2
2023-07-11,1099469,1883.48
2023-07-12,1055146,1891.56
2023-07-13,1075507,1870.68
2023-07-14,1139892,1992.88
2023-07-15,990975,1942.64
2023-07-16,944708,1927.22
2023-07-17,1015065,1929.73
2023-07-18,1131995,1899.68
2023-07-19,1121721,1909.44
2023-07-20,1052626,1912.7
2023-07-21,1119782,1889.99
2023-07-22,1027017,1892.58
2023-07-23,972835,1875.5
2023-07-24,1027824,1875.14
2023-07-25,996051,1851.14
2023-07-26,1027476,1853.74
2023-07-27,1003243,1872.23
2023-07-28,1019527,1859.57
2023-07-29,985551,1872.97
2023-07-30,994602,1876.07
2023-07-31,1027524,1865.46
2023-08-01,1069399,1834.77
2023-08-02,1039788,1856.33
2023-08-03,1048954,1831.77
2023-08-04,1079720,1836.89
2023-08-05,1110493,1829.15
2023-08-06,1015244,1833.58
2023-08-07,1027023,1834.15
2023-08-08,1069888,1828.88
2023-08-09,1102542,1861.31
2023-08-10,1038855,1849.52
2023-08-11,1058224,1847.5
2023-08-12,987845,1849.7
2023-08-13,920236,1848.99
2023-08-14,992678,1848.23
2023-08-15,1047716,1841.72
2023-08-16,1068099,1825.92
2023-08-17,1062920,1798.3
2023-08-18,1085791,1689.98
2023-08-19,1069737,1660.71
2023-08-20,943039,1665.78
2023-08-21,1002444,1671.21
2023-08-22,1030363,1666.67
2023-08-23,1050780,1644.74
2023-08-24,1048761,1674.97
2023-08-25,1035913,1651.04
2023-08-26,1003361,1652.65
2023-08-27,921772,1648.05
2023-08-28,966955,1640.88
2023-08-29,1015649,1647.51
2023-08-30,1040066,1717.78
2023-08-31,1008749,1706.3
2023-09-01,998141,1646.17
2023-09-02,995749,1631.7
2023-09-03,1077124,1635.83
2023-09-04,967381,1638.75
2023-09-05,957069,1624.09
2023-09-06,1078147,1628.85
2023-09-07,1017135,1635.57
2023-09-08,1021185,1646.42
2023-09-09,953222,1634.17
2023-09-10,867736,1624.86
2023-09-11,977153,1611.95
2023-09-12,1077001,1579.95
2023-09-13,1638630,1584.05
2023-09-14,1059943,1621.83
2023-09-15,1035861,1628.32
2023-09-16,948820,1637.28
2023-09-17,880285,1628.81
2023-09-18,948884,1634.38
2023-09-19,998862,1637.34
2023-09-20,1013089,1635.09
2023-09-21,1133775,1618.7
2023-09-22,989728,1595.92
2023-09-23,890182,1594.93
2023-09-24,864520,1592.57
2023-09-25,967936,1581.44
2023-09-26,1024874,1588.99
2023-09-27,1065209,1591.9
2023-09-28,1031792,1617.89
2023-09-29,1026746,1686.05
2023-09-30,977207,1672.57
2023-10-01,933546,1679.09
2023-10-02,1003681,1730.67
2023-10-03,1008324,1663.33
2023-10-04,993331,1644.95
2023-10-05,959390,1636.27
2023-10-06,972959,1630.97
2023-10-07,1029155,1637.7
2023-10-08,919966,1629.59
2023-10-09,974577,1621.57
2023-10-10,1007649,1590.88
2023-10-11,989817,1557.53
2023-10-12,1024647,1559.36
2023-10-13,1001493,1549.19
2023-10-14,939283,1547.8
2023-10-15,886505,1554.92
2023-10-16,1010443,1579.72
2023-10-17,1015735,1591.04
2023-10-18,994388,1572.43
2023-10-19,1001784,1552.41
2023-10-20,1077133,1584.77
2023-10-21,1011195,1607.19
2023-10-22,971620,1631.35
2023-10-23,1033456,1675.95
2023-10-24,1106357,1808.96
2023-10-25,1072735,1770.03
2023-10-26,1112027,1847.2
2023-10-27,1035701,1777.94
2023-10-28,1005004,1787.98
2023-10-29,1035582,1783.84
2023-10-30,1066085,1787.97
2023-10-31,1119242,1791.6
2023-11-01,1105361,1804.99
2023-11-02,1062905,1835.75
2023-11-03,1094407,1798.09
2023-11-04,1035982,1835.51
2023-11-05,1020378,1886.72
2023-11-06,1079451,1880.24
2023-11-07,1068716,1893.42
2023-11-08,1060255,1875.88
2023-11-09,1095280,1913.1
2023-11-10,1154557,2101.95
2023-11-11,1108923,2056.16
2023-11-12,1100519,2058.32
2023-11-13,1065129,2049.63
2023-11-14,1057262,2061.63
2023-11-15,1068906,1983.98
2023-11-16,1094559,2054.37
2023-11-17,1071248,1969.73
2023-11-18,1121698,1936.02
2023-11-19,1039208,1962.62
2023-11-20,1121416,2019.83
2023-11-21,1107812,2004.01
2023-11-22,1120235,1994.1
2023-11-23,1169879,2065.78
2023-11-24,1069497,2080.84
2023-11-25,1021931,2089.96
2023-11-26,975251,2089.8
2023-11-27,1048116,2045.83
2023-11-28,1139401,2015.15
2023-11-29,1165682,2057.61
2023-11-30,1120174,2035.74
2023-12-01,1134661,2094.18
2023-12-02,1178010,2096.92
2023-12-03,1050913,2164.27
2023-12-04,1148765,2247.31
2023-12-05,1173745,2199.09
2023-12-06,1165062,2266.03
2023-12-07,1125802,2262.23
2023-12-08,1194292,2354.99
2023-12-09,1135257,2384.18
2023-12-10,1102092,2354.49
2023-12-11,1125256,2237.33
2023-12-12,1093953,2233.18
2023-12-13,1032623,2172.35
2023-12-14,1170568,2282.77
2023-12-15,1183631,2271.57
2023-12-16,1045840,2240.65
2023-12-17,1104583,2207.27
2023-12-18,1093711,2167.26
2023-12-19,1157990,2247.72
2023-12-20,1252386,2216.23
2023-12-21,1230840,2215.74
2023-12-22,1201456,2272.65
2023-12-23,1141867,2285.62
2023-12-24,1143126,2296.84
2023-12-25,1104742,2281.44
2023-12-26,1124057,2241.95
2023-12-27,1095692,2230.23
2023-12-28,1199500,2381.36
2023-12-29,1137529,2335.06
2023-12-30,1072548,2295.95
2023-12-31,1082661,2295.7
2024-01-01,1106405,2284.71
2024-01-02,1104841,2387.79
2024-01-03,1106178,2364.37
2024-01-04,1102478,2224.24
2024-01-05,1094803,2255.13
2024-01-06,1024946,2234.83
2024-01-07,989500,2250.35
2024-01-08,1078890,2225.43
2024-01-09,1095510,2307.75
2024-01-10,1211199,2371.01
2024-01-11,1207285,2586.4
2024-01-12,1200165,2596.22
2024-01-13,1223526,2550.17
2024-01-14,1920751,2549.99
2024-01-15,1209055,2512.81
2024-01-16,1233426,2524.65
2024-01-17,1214209,2552.14
2024-01-18,1200511,2536.25
2024-01-19,1171604,2464.21
2024-01-20,1096043,2478.87
2024-01-21,1101299,2475.13
2024-01-22,1087949,2420.33
2024-01-23,1086947,2321.17
2024-01-24,1075883,2233.28
2024-01-25,1152799,2226.76
2024-01-26,1173491,2196.88
2024-01-27,1152538,2257.31
2024-01-28,1151528,2282.64
2024-01-29,1088393,2258.96
2024-01-30,1194446,2309.06
2024-01-31,1139181,2340.15
2024-02-01,1133907,2270.56
2024-02-02,1117062,2314.09
2024-02-03,1070470,2314.22
2024-02-04,1041905,2290.2
2024-02-05,1099305,2308.1
2024-02-06,1066133,2324.41
2024-02-07,1172659,2360.66
2024-02-08,1073430,2420.45
2024-02-09,1064915,2453.44
2024-02-10,1032303,2497.0
2024-02-11,1028570,2528.43
2024-02-12,964746,2502.54
2024-02-13,1073814,2649.97
2024-02-14,1121381,2654.89
2024-02-15,1143082,2774.1
2024-02-16,1183255,2816.81
2024-02-17,1108438,2795.75
2024-02-18,1085111,2799.29
2024-02-19,1129467,2926.97
2024-02-20,1153874,2920.19
2024-02-21,1119641,2939.51
2024-02-22,1106928,2991.89
2024-02-23,1128971,2931.73
2024-02-24,1113910,2962.47
2024-02-25,1085098,3030.01
2024-02-26,1158317,3087.03
2024-02-27,1228401,3217.65
2024-02-28,1201999,3301.55
2024-02-29,1254476,3467.51
2024-03-01,1192062,3368.19
2024-03-02,1227238,3434.21
2024-03-03,1189101,3395.91
2024-03-04,1219616,3480.85
2024-03-05,1319185,3678.57
2024-03-06,1237974,3787.61
2024-03-07,1220089,3789.73
2024-03-08,1226320,3913.76
2024-03-09,1183098,3933.03
2024-03-10,1146596,3951.81
2024-03-11,1212872,4007.61
2024-03-12,1258496,4027.0
2024-03-13,1254110,4040.13
2024-03-14,1292290,3965.98
2024-03-15,1299610,3752.36
2024-03-16,1312390,3739.29
2024-03-17,1204452,3471.06
2024-03-18,1265712,3625.68
2024-03-19,1357050,3357.99
2024-03-20,1380020,3218.62
2024-03-21,1332346,3518.36
2024-03-22,1316464,3511.31
2024-03-23,1330638,3365.91
2024-03-24,1233488,3340.29
2024-03-25,1224186,3446.92
2024-03-26,1317439,3636.98
2024-03-27,1302309,3564.74
2024-03-28,1282280,3573.63
2024-03-29,1298480,3519.97
2024-03-30,1267609,3495.29
2024-03-31,1230271,3626.04
2024-04-01,1249643,3548.24
2024-04-02,1252812,3365.8
2024-04-03,1208634,3306.98
2024-04-04,1226632,3322.3
2024-04-05,1245519,3287.07
2024-04-06,1222746,3332.09
2024-04-07,1181184,3387.36
2024-04-08,1195523,3472.27
2024-04-09,1241438,3638.4
2024-04-10,1199654,3537.41
2024-04-11,1206511,3585.25
2024-04-12,1311321,3516.68
2024-04-13,1189841,3256.35
2024-04-14,1150525,3084.82
2024-04-15,1175090,3248.39
2024-04-16,1180376,3108.99
2024-04-17,1214680,3082.62
2024-04-18,1260490,2976.95
2024-04-19,1190209,3085.46
2024-04-20,1158920,3061.98
2024-04-21,1133369,3181.8
2024-04-22,1166185,3206.4
2024-04-23,1193098,3162.14
2024-04-24,1182180,3251.12
2024-04-25,1183483,3136.54
2024-04-26,1187594,3136.29
2024-04-27,1109353,3120.07
2024-04-28,1144493,3316.42
2024-04-29,1186912,3186.45
2024-04-30,1260267,3157.14
2024-05-01,1227660,2861.35
2024-05-02,1222919,2921.41
2024-05-03,1192089,2969.25
2024-05-04,1153165,3098.06
2024-05-05,1167795,3108.45
2024-05-06,1171293,3184.2
2024-05-07,1233008,3079.2
2024-05-08,1178932,2995.1
2024-05-09,1130384,2982.25
2024-05-10,1144215,3043.28
2024-05-11,1133172,2920.92
2024-05-12,1069531,2905.21
2024-05-13,1124026,2952.01
2024-05-14,1171778,2918.28
2024-05-15,1212685,2915.77
2024-05-16,1203852,3017.14
2024-05-17,1137906,3025.2
2024-05-18,1075005,3101.77
2024-05-19,1068892,3115.71
2024-05-20,1066988,3093.73
2024-05-21,1196915,3658.81
2024-05-22,1206608,3748.04
2024-05-23,1161754,3811.15
2024-05-24,1167775,3678.25
2024-05-25,1158975,3745.93
2024-05-26,1148120,3785.03
2024-05-27,1160437,3914.03
2024-05-28,1092558,3844.34
2024-05-29,1169594,3824.01
2024-05-30,1150236,3716.3
2024-05-31,1180350,3727.26
2024-06-01,1146410,3769.43
2024-06-02,1079017,3793.7
2024-06-03,1130944,3815.19
2024-06-04,1161798,3774.27
2024-06-05,1176190,3809.93
2024-06-06,1172025,3852.13
2024-06-07,1171256,3814.52
2024-06-08,1170407,3707.23
2024-06-09,1153070,3685.73
2024-06-10,1152264,3651.49
2024-06-11,1183152,3533.38
2024-06-12,1214898,3526.47
2024-06-13,1240953,3506.3
2024-06-14,1190913,3516.14
2024-06-15,1147577,3529.04
2024-06-16,1145183,3559.24
2024-06-17,1120063,3551.09
2024-06-18,1159361,3443.4
2024-06-19,1129863,3543.21
2024-06-20,1146769,3605.36
2024-06-21,1200506,3473.15
2024-06-22,1369921,3492.29
2024-06-23,1117777,3510.16
2024-06-24,1152062,3367.95
2024-06-25,1168148,3357.78
2024-06-26,1249196,3400.31
2024-06-27,1206762,3372.77
2024-06-28,1173305,3429.0
2024-06-29,1145221,3395.09
2024-06-30,1115587,3387.28
2024-07-01,1151650,3487.12
2024-07-02,1149713,3435.7
2024-07-03,1144173,3350.25
2024-07-04,1179444,3178.05
2024-07-05,1293979,2879.24
2024-07-06,1168428,3005.45
2024-07-07,1031257,3004.98
2024-07-08,1125434,2927.75
2024-07-09,1148869,3061.35
2024-07-10,1161619,3097.83
2024-07-11,1194991,3120.06
2024-07-12,1186190,3071.47
2024-07-13,1148955,3140.06
2024-07-14,1104595,3197.98
2024-07-15,1122756,3358.09
2024-07-16,1188742,3379.3
2024-07-17,1192300,3489.52
2024-07-18,1185886,3435.17
2024-07-19,1144898,3391.34
2024-07-20,1117373,3491.14
2024-07-21,1116950,3486.65
2024-07-22,1137520,3479.9
2024-07-23,1157572,3453.1
2024-07-24,1118949,3446.31
2024-07-25,1139371,3171.83
2024-07-26,1153164,3249.75
2024-07-27,1081900,3273.37
2024-07-28,1048662,3227.59
2024-07-29,1083077,3367.4
2024-07-30,1137259,3340.22
2024-07-31,1175061,3316.77
2024-08-01,1132559,3165.99
2024-08-02,1104313,3146.32
2024-08-03,1105260,2982.6
2024-08-04,1040571,2891.85
2024-08-05,1098148,2358.16
2024-08-06,1112869,2526.79
2024-08-07,1148780,2511.03
2024-08-08,1095614,2414.03
2024-08-09,1124339,2670.41
2024-08-10,1070734,2634.82
2024-08-11,981346,2678.78
2024-08-12,1029938,2569.76
2024-08-13,1076172,2649.51
2024-08-14,1243611,2728.59
2024-08-15,1269807,2615.5
2024-08-16,1146014,2617.54
2024-08-17,1012629,2600.38
