Time,ETH daily transaction fee,Price
2015-07-30,0.0,0.0
2015-07-31,0.0,0.0
2015-08-01,0.0,0.0
2015-08-02,0.0,0.0
2015-08-03,0.0,0.0
2015-08-04,0.0,0.0
2015-08-05,0.0,0.0
2015-08-06,0.0,0.0
2015-08-07,15.86,3.49087358
2015-08-08,72.01,2.64024425
2015-08-09,28.39,0.69646382
2015-08-10,18.67,0.66556972
2015-08-11,24.63,0.70228821
2015-08-12,25.3,1.19412768
2015-08-13,18.25,1.44813585
2015-08-14,27.49,1.95217466
2015-08-15,8.49,1.73802364
2015-08-16,8.2,1.46309757
2015-08-17,6.48,1.31342125
2015-08-18,13.21,1.29511821
2015-08-19,9.76,1.26502979
2015-08-20,12.35,1.31215394
2015-08-21,6.06,1.4865005
2015-08-22,44.82,1.42915428
2015-08-23,6.41,1.40486002
2015-08-24,8.36,1.34696114
2015-08-25,8.26,1.18612492
2015-08-26,7.72,1.19119453
2015-08-27,8.37,1.15213394
2015-08-28,11.05,1.18332875
2015-08-29,5.95,1.18745327
2015-08-30,5.4,1.17879224
2015-08-31,6.66,1.23122013
2015-09-01,8.3,1.3388381
2015-09-02,7.29,1.3469727
2015-09-03,7.65,1.29891336
2015-09-04,8.56,1.27088296
2015-09-05,9.79,1.31005204
2015-09-06,7.69,1.3656491
2015-09-07,9.51,1.25252545
2015-09-08,10.1,1.23939872
2015-09-09,10.22,1.24503684
2015-09-10,7.67,1.19812691
2015-09-11,9.59,0.98693073
2015-09-12,9.92,0.99802619
2015-09-13,11.04,0.985183
2015-09-14,9.85,0.89336598
2015-09-15,8.31,0.97980434
2015-09-16,7.99,0.94147724
2015-09-17,15.43,0.89967048
2015-09-18,9.9,0.86027586
2015-09-19,10.29,0.84628642
2015-09-20,10.86,0.88392901
2015-09-21,9.83,0.94609672
2015-09-22,11.0,0.88314307
2015-09-23,11.02,0.90080476
2015-09-24,9.8,0.8330701
2015-09-25,9.98,0.7689485
2015-09-26,10.16,0.72844189
2015-09-27,7.21,0.77423698
2015-09-28,9.27,0.67991251
2015-09-29,9.92,0.57203287
2015-09-30,8.72,0.64813733
2015-10-01,7.91,0.72640109
2015-10-02,10.12,0.6599189
2015-10-03,9.21,0.70160943
2015-10-04,10.24,0.67040098
2015-10-05,11.25,0.66451824
2015-10-06,9.73,0.62358665
2015-10-07,10.96,0.65175253
2015-10-08,12.68,0.59597468
2015-10-09,10.7,0.66239917
2015-10-10,13.08,0.64317811
2015-10-11,9.76,0.63022649
2015-10-12,8.45,0.65778887
2015-10-13,12.93,0.60851949
2015-10-14,10.6,0.56445336
2015-10-15,14.55,0.54174834
2015-10-16,26.26,0.55452949
2015-10-17,11.45,0.53965616
2015-10-18,12.23,0.51858705
2015-10-19,14.51,0.51569498
2015-10-20,10.22,0.49077821
2015-10-21,11.32,0.47601378
2015-10-22,11.87,0.4251838
2015-10-23,13.42,0.56755406
2015-10-24,11.47,0.54779279
2015-10-25,9.67,0.65844512
2015-10-26,10.27,0.65446395
2015-10-27,16.73,0.82599086
2015-10-28,12.7,0.83443052
2015-10-29,10.99,1.15395772
2015-10-30,15.7,1.30969465
2015-10-31,13.16,0.96135074
2015-11-01,13.6,0.95633382
2015-11-02,15.43,1.04413021
2015-11-03,11.21,0.9752112
2015-11-04,10.4,0.98588955
2015-11-05,9.79,0.96298873
2015-11-06,10.69,0.86616153
2015-11-07,21.99,0.90581286
2015-11-08,40.02,0.93218809
2015-11-09,16.31,1.10504436
2015-11-10,14.36,0.9734078
2015-11-11,21.69,0.85077131
2015-11-12,24.75,0.77559644
2015-11-13,19.16,0.89510471
2015-11-14,16.93,0.89270341
2015-11-15,12.38,0.89043051
2015-11-16,9.94,0.90162373
2015-11-17,10.52,0.91575503
2015-11-18,10.18,0.96721065
2015-11-19,14.62,1.00674951
2015-11-20,13.11,0.91102046
2015-11-21,11.29,0.92227244
2015-11-22,11.33,0.96180123
2015-11-23,12.77,0.96452993
2015-11-24,12.9,0.94214731
2015-11-25,10.37,0.88942003
2015-11-26,12.13,0.8747912
2015-11-27,9.59,0.87907678
2015-11-28,14.58,0.88074028
2015-11-29,9.06,0.90759629
2015-11-30,18.77,0.86545026
2015-12-01,14.12,0.87134773
2015-12-02,12.35,0.84483999
2015-12-03,10.18,0.8063283
2015-12-04,10.94,0.81392032
2015-12-05,13.04,0.8587696
2015-12-06,17.95,0.86979187
2015-12-07,10.37,0.79386562
2015-12-08,9.97,0.78596514
2015-12-09,9.75,0.7860868
2015-12-10,9.97,0.8399682
2015-12-11,13.02,0.83151817
2015-12-12,23.09,0.99525732
2015-12-13,17.57,0.97319835
2015-12-14,47.93,0.96965766
2015-12-15,90.94,1.01842892
2015-12-16,89.38,0.98498374
2015-12-17,38.28,0.9809624
2015-12-18,30.25,0.91734028
2015-12-19,28.83,0.90443665
2015-12-20,33.14,0.92230278
2015-12-21,39.97,0.89747751
2015-12-22,31.21,0.89644194
2015-12-23,83.35,0.85935557
2015-12-24,70.67,0.87774491
2015-12-25,30.88,0.8661043
2015-12-26,22.3,0.86289287
2015-12-27,33.59,0.8465516
2015-12-28,90.88,0.87239414
2015-12-29,36.0,0.84508348
2015-12-30,76.22,0.88109893
2015-12-31,30.54,0.95315617
2016-01-01,16.99,0.94212908
2016-01-02,18.73,0.95676959
2016-01-03,19.35,0.94983006
2016-01-04,20.11,0.94864452
2016-01-05,21.49,0.97059739
2016-01-06,90.57,0.94355929
2016-01-07,74.44,0.95830619
2016-01-08,30.81,0.96605694
2016-01-09,27.45,0.97822481
2016-01-10,40.37,0.9913255
2016-01-11,21.25,1.06275415
2016-01-12,27.59,1.14950073
2016-01-13,51.14,1.13267255
2016-01-14,34.83,1.14019752
2016-01-15,25.41,1.29996228
2016-01-16,20.15,1.25592315
2016-01-17,21.48,1.23351443
2016-01-18,19.58,1.52444291
2016-01-19,45.13,1.38271248
2016-01-20,18.67,1.59637213
2016-01-21,20.98,1.53912294
2016-01-22,30.01,1.53445899
2016-01-23,18.46,1.52795529
2016-01-24,22.71,2.04427361
2016-01-25,28.29,2.53277397
2016-01-26,42.56,2.6500597
2016-01-27,47.31,2.36073828
2016-01-28,55.23,2.41116261
2016-01-29,35.53,2.57491207
2016-01-30,35.97,2.56336069
2016-01-31,32.89,2.47952342
2016-02-01,36.07,2.21671295
2016-02-02,29.52,2.16603947
2016-02-03,27.48,2.50334001
2016-02-04,31.37,2.52249646
2016-02-05,35.52,2.55200076
2016-02-06,216.42,2.53738356
2016-02-07,77.32,2.76247025
2016-02-08,42.37,3.02670121
2016-02-09,31.01,3.6983912
2016-02-10,73.98,4.14425755
2016-02-11,43.42,4.64397573
2016-02-12,38.77,6.36936092
2016-02-13,35.89,4.41588974
2016-02-14,30.26,4.95998287
2016-02-15,29.47,5.71886015
2016-02-16,31.37,5.26333189
2016-02-17,35.92,3.9274509
2016-02-18,36.95,3.6640377
2016-02-19,36.61,4.38084459
2016-02-20,29.66,4.59809685
2016-02-21,24.18,4.28471136
2016-02-22,31.64,4.90154696
2016-02-23,95.79,5.82967377
2016-02-24,30.89,6.15653133
2016-02-25,51.79,6.50093651
2016-02-26,52.07,5.8241024
2016-02-27,29.96,6.3977809
2016-02-28,27.08,6.52915525
2016-02-29,32.66,6.60254622
2016-03-01,31.4,6.53641224
2016-03-02,40.91,8.38777447
2016-03-03,36.21,8.52542782
2016-03-04,34.26,9.44318676
2016-03-05,32.73,11.92475796
2016-03-06,37.63,11.24402618
2016-03-07,32.79,9.89782238
2016-03-08,34.92,9.91042233
2016-03-09,24.82,10.04279709
2016-03-10,22.06,11.25952244
2016-03-11,21.15,11.04093933
2016-03-12,21.57,13.33665657
2016-03-13,24.66,14.54772949
2016-03-14,27.89,12.99977493
2016-03-15,25.34,12.53937244
2016-03-16,23.93,13.24864769
2016-03-17,32.29,11.13146973
2016-03-18,27.31,11.01172447
2016-03-19,37.37,11.00950146
2016-03-20,39.92,10.12177372
2016-03-21,32.46,10.7028656
2016-03-22,28.42,11.17704868
2016-03-23,23.92,11.58344746
2016-03-24,44.25,11.89057636
2016-03-25,38.11,10.80713367
2016-03-26,38.22,10.97277355
2016-03-27,25.71,10.64578438
2016-03-28,26.8,11.40559769
2016-03-29,20.89,11.86002159
2016-03-30,34.81,11.83287334
2016-03-31,29.35,11.88503265
2016-04-01,24.66,11.82422066
2016-04-02,18.83,11.45416546
2016-04-03,17.92,11.5846262
2016-04-04,24.19,11.15642166
2016-04-05,23.95,10.88610268
2016-04-06,26.58,10.42926121
2016-04-07,20.04,10.21233654
2016-04-08,26.86,10.27226067
2016-04-09,19.95,9.96868324
2016-04-10,19.63,8.50895214
2016-04-11,18.72,8.8178339
2016-04-12,23.96,7.67186689
2016-04-13,18.86,7.12070036
2016-04-14,44.55,8.27220345
2016-04-15,19.72,8.30276871
2016-04-16,22.86,8.35909748
2016-04-17,28.46,9.57394218
2016-04-18,21.09,9.06841278
2016-04-19,17.12,9.13057518
2016-04-20,22.03,8.53954411
2016-04-21,28.24,8.49539566
2016-04-22,26.77,8.16850376
2016-04-23,19.11,7.85513306
2016-04-24,22.42,8.24351597
2016-04-25,20.38,7.78498888
2016-04-26,24.28,7.45745134
2016-04-27,21.3,7.85904932
2016-04-28,20.69,7.28087854
2016-04-29,24.8,7.45272541
2016-04-30,25.13,9.31284428
2016-05-01,42.52,8.75332546
2016-05-02,25.7,9.1801405
2016-05-03,27.71,9.96475506
2016-05-04,26.94,9.64718056
2016-05-05,28.4,9.60092926
2016-05-06,37.94,9.75081062
2016-05-07,26.3,9.30714512
2016-05-08,27.33,9.26994324
2016-05-09,25.46,9.41054821
2016-05-10,28.55,9.40432358
2016-05-11,28.44,9.46284485
2016-05-12,38.52,10.33878708
2016-05-13,37.0,10.39747715
2016-05-14,45.69,10.29762363
2016-05-15,28.13,10.0948925
2016-05-16,30.36,10.16970253
2016-05-17,26.2,11.30505466
2016-05-18,35.23,13.38962555
2016-05-19,31.9,13.85283089
2016-05-20,35.2,14.72865677
2016-05-21,41.31,13.66317368
2016-05-22,29.04,14.05455685
2016-05-23,28.49,13.64112186
2016-05-24,28.72,13.50997543
2016-05-25,32.4,12.23726654
2016-05-26,35.12,12.3975172
2016-05-27,35.5,10.94718933
2016-05-28,72.84,10.60098743
2016-05-29,49.09,12.05819702
2016-05-30,33.21,12.33735371
2016-05-31,29.18,13.99980831
2016-06-01,33.47,14.06221104
2016-06-02,27.46,13.71955585
2016-06-03,25.4,13.43216801
2016-06-04,26.13,13.61271477
2016-06-05,23.33,13.64867115
2016-06-06,23.66,13.85687065
2016-06-07,53.46,14.37166882
2016-06-08,40.64,14.66327095
2016-06-09,26.79,14.4991045
2016-06-10,31.39,14.21828842
2016-06-11,28.57,13.91207123
2016-06-12,27.83,14.43261623
2016-06-13,34.73,16.94645119
2016-06-14,36.94,18.11354256
2016-06-15,32.44,18.37888336
2016-06-16,38.8,19.52018738
2016-06-17,168.3,16.71063805
2016-06-18,248.18,14.45183182
2016-06-19,134.5,12.41148281
2016-06-20,45.21,11.93075275
2016-06-21,56.8,11.63643742
2016-06-22,84.59,14.68105698
2016-06-23,38.62,12.69409752
2016-06-24,37.43,13.91169453
2016-06-25,32.77,14.45978928
2016-06-26,27.65,14.23734951
2016-06-27,24.5,13.82566166
2016-06-28,30.68,12.92706299
2016-06-29,31.97,12.46104908
2016-06-30,117.52,12.48039055
2016-07-01,45.4,12.38272381
2016-07-02,23.22,12.18954659
2016-07-03,30.62,12.11291218
2016-07-04,24.86,11.78057957
2016-07-05,32.0,11.4712038
2016-07-06,29.2,10.69661427
2016-07-07,26.63,10.08300591
2016-07-08,27.46,10.02820587
2016-07-09,54.47,10.93483829
2016-07-10,37.14,10.81057549
2016-07-11,26.59,10.43312836
2016-07-12,28.23,10.4793787
2016-07-13,29.67,10.48039627
2016-07-14,32.47,10.86622524
2016-07-15,29.81,12.07416058
2016-07-16,24.8,11.75248337
2016-07-17,18.61,11.31585407
2016-07-18,22.99,11.30451298
2016-07-19,25.04,11.15695477
2016-07-20,56.52,11.73404217
2016-07-21,58.17,12.3439846
2016-07-22,35.13,12.62028027
2016-07-23,37.38,14.16064739
2016-07-24,27.46,14.23389816
2016-07-25,41.97,13.25709438
2016-07-26,40.69,13.63521957
2016-07-27,47.23,12.86848545
2016-07-28,56.41,12.85945034
2016-07-29,47.83,12.63159943
2016-07-30,35.19,12.69895267
2016-07-31,29.59,11.60665894
2016-08-01,32.38,11.58598137
2016-08-02,32.18,10.71458149
2016-08-03,33.13,9.52481365
2016-08-04,34.58,10.47972965
2016-08-05,27.83,11.03745079
2016-08-06,29.3,10.87705135
2016-08-07,28.4,10.91378212
2016-08-08,46.07,10.94816113
2016-08-09,33.86,12.00621319
2016-08-10,36.31,12.29963112
2016-08-11,29.31,11.8381052
2016-08-12,33.84,11.65481853
2016-08-13,24.17,11.64356232
2016-08-14,26.68,11.57867813
2016-08-15,26.32,11.00014877
2016-08-16,31.06,11.14498329
2016-08-17,28.8,10.9684124
2016-08-18,27.89,10.86975956
2016-08-19,35.25,10.78667927
2016-08-20,26.81,11.01842213
2016-08-21,28.81,11.16414452
2016-08-22,28.74,11.19819069
2016-08-23,75.14,10.97469711
2016-08-24,27.09,11.04823494
2016-08-25,34.4,11.24854374
2016-08-26,29.26,11.29399109
2016-08-27,34.1,11.19051075
2016-08-28,24.7,11.10728836
2016-08-29,28.3,10.91968632
2016-08-30,31.42,11.19962215
2016-08-31,30.8,11.20655727
2016-09-01,32.16,12.0040493
2016-09-02,44.07,12.05083942
2016-09-03,30.1,11.68476868
2016-09-04,25.61,11.7645483
2016-09-05,50.16,11.73810863
2016-09-06,33.88,11.61868286
2016-09-07,35.06,11.6288023
2016-09-08,37.08,11.56850052
2016-09-09,40.86,11.45089531
2016-09-10,31.88,11.72736263
2016-09-11,28.17,11.85478401
2016-09-12,33.05,11.65324211
2016-09-13,31.65,12.08258915
2016-09-14,37.63,11.94601536
2016-09-15,30.93,12.00962353
2016-09-16,44.25,11.93481731
2016-09-17,41.55,12.58448887
2016-09-18,34.2,12.67479992
2016-09-19,22.96,12.73502922
2016-09-20,32.53,13.38055134
2016-09-21,31.74,14.20669651
2016-09-22,49.27,12.84622383
2016-09-23,51.94,13.10164452
2016-09-24,62.0,12.92832279
2016-09-25,81.0,12.98826027
2016-09-26,98.48,12.88971233
2016-09-27,118.43,13.16527462
2016-09-28,49.13,13.44039631
2016-09-29,54.82,13.25716496
2016-09-30,46.98,13.33109093
2016-10-01,69.61,13.13239765
2016-10-02,90.96,13.16473293
2016-10-03,83.5,13.20552063
2016-10-04,63.39,13.39880371
2016-10-05,76.15,13.25749874
2016-10-06,54.3,12.84533882
2016-10-07,58.34,12.92625523
2016-10-08,50.17,12.64265347
2016-10-09,58.17,12.26047421
2016-10-10,61.68,11.90778828
2016-10-11,35.42,12.13507748
2016-10-12,41.81,11.73500061
2016-10-13,103.64,11.99354458
2016-10-14,87.18,11.9192934
2016-10-15,64.7,11.86220741
2016-10-16,59.2,11.95855045
2016-10-17,81.47,11.92120838
2016-10-18,75.05,12.19547844
2016-10-19,98.26,12.49901009
2016-10-20,79.94,12.20103645
2016-10-21,41.75,12.08692837
2016-10-22,31.42,12.12838173
2016-10-23,25.87,11.96116257
2016-10-24,47.11,11.99033356
2016-10-25,37.08,11.26816273
2016-10-26,39.62,11.58884907
2016-10-27,32.17,11.43562508
2016-10-28,34.63,11.53957653
2016-10-29,32.64,11.10292244
2016-10-30,31.61,10.48897076
2016-10-31,32.7,11.17594051
2016-11-01,38.91,10.73330975
2016-11-02,31.71,10.9131155
2016-11-03,28.24,10.79964828
2016-11-04,27.87,10.93370247
2016-11-05,21.13,11.05909157
2016-11-06,25.24,10.87234211
2016-11-07,25.21,10.89083767
2016-11-08,32.01,10.89247608
2016-11-09,33.32,10.42971802
2016-11-10,37.61,10.55637455
2016-11-11,39.68,10.51397896
2016-11-12,35.83,10.181036
2016-11-13,32.97,10.19999409
2016-11-14,34.57,9.98183823
2016-11-15,40.33,10.24454117
2016-11-16,32.48,10.28198242
2016-11-17,33.76,10.10865688
2016-11-18,32.77,9.97877407
2016-11-19,29.37,9.57619572
2016-11-20,32.6,9.61849403
2016-11-21,33.77,9.57175732
2016-11-22,34.91,9.94512939
2016-11-23,69.04,9.87179089
2016-11-24,71.92,9.78180313
2016-11-25,64.6,9.27416229
2016-11-26,53.42,9.37100124
2016-11-27,106.61,9.12840176
2016-11-28,117.28,8.95883465
2016-11-29,117.66,8.48675156
2016-11-30,53.32,8.27385712
2016-12-01,27.59,8.39436626
2016-12-02,26.01,7.63683796
2016-12-03,28.17,7.90301895
2016-12-04,27.14,7.90249872
2016-12-05,28.59,7.46398783
2016-12-06,33.91,6.9359355
2016-12-07,35.79,7.57976294
2016-12-08,791.86,8.57879162
2016-12-09,33.59,8.57343674
2016-12-10,27.6,8.30651474
2016-12-11,38.06,8.21545887
2016-12-12,28.63,8.41560459
2016-12-13,32.17,8.44915771
2016-12-14,32.85,8.3716526
2016-12-15,35.64,7.98988962
2016-12-16,33.26,7.83320808
2016-12-17,26.92,7.78552341
2016-12-18,32.84,7.89772511
2016-12-19,34.14,7.74505043
2016-12-20,41.84,7.63710451
2016-12-21,51.14,7.67782974
2016-12-22,47.5,7.61255884
2016-12-23,29.34,7.40170383
2016-12-24,28.27,7.33150196
2016-12-25,22.41,7.31269884
2016-12-26,22.78,7.28469181
2016-12-27,31.82,7.21640587
2016-12-28,35.98,7.3052659
2016-12-29,37.47,8.08511066
2016-12-30,45.02,8.1172781
2016-12-31,32.11,7.97572088
2017-01-01,26.0,8.44290161
2017-01-02,27.08,8.29045868
2017-01-03,29.1,8.42391968
2017-01-04,45.02,10.40668869
2017-01-05,38.1,10.17251587
2017-01-06,32.12,10.12520123
2017-01-07,31.37,10.04981232
2017-01-08,32.38,10.08623219
2017-01-09,32.15,10.32278633
2017-01-10,37.92,10.40650654
2017-01-11,36.79,9.87361526
2017-01-12,35.87,9.5852623
2017-01-13,40.12,9.74505711
2017-01-14,29.33,9.6504097
2017-01-15,29.11,9.8756094
2017-01-16,30.51,9.84827423
2017-01-17,35.55,10.10851097
2017-01-18,37.6,10.13010597
2017-01-19,34.13,10.26816368
2017-01-20,31.46,10.58528042
2017-01-21,32.51,10.85219193
2017-01-22,33.06,10.72018909
2017-01-23,35.36,10.72600555
2017-01-24,40.56,10.71712017
2017-01-25,38.65,10.5147543
2017-01-26,38.19,10.57678699
2017-01-27,33.52,10.48508549
2017-01-28,35.51,10.51917839
2017-01-29,30.77,10.49586296
2017-01-30,31.99,10.50073338
2017-01-31,32.9,10.56471634
2017-02-01,33.97,10.62877083
2017-02-02,37.95,10.67805576
2017-02-03,34.04,10.87989998
2017-02-04,33.46,11.3878479
2017-02-05,34.77,11.3610239
2017-02-06,35.15,11.39671993
2017-02-07,40.14,11.46568871
2017-02-08,46.36,11.34819221
2017-02-09,40.28,11.54552555
2017-02-10,46.49,11.06329632
2017-02-11,41.7,11.27564049
2017-02-12,33.61,11.31136131
2017-02-13,52.67,11.20249748
2017-02-14,59.05,12.58078289
2017-02-15,91.06,12.81957531
2017-02-16,42.97,12.60032368
2017-02-17,36.54,12.78670406
2017-02-18,46.87,12.7598362
2017-02-19,37.96,12.80346584
2017-02-20,37.96,12.86492729
2017-02-21,51.44,12.48175907
2017-02-22,54.74,12.70765495
2017-02-23,47.56,12.77905083
2017-02-24,37.57,13.0295639
2017-02-25,43.98,13.61951256
2017-02-26,39.78,13.46938324
2017-02-27,45.61,14.63193226
2017-02-28,48.31,15.80909538
2017-03-01,55.0,15.73847675
2017-03-02,53.27,18.7517395
2017-03-03,50.15,18.50421143
2017-03-04,43.47,19.98473167
2017-03-05,42.51,18.85466194
2017-03-06,42.28,19.22690392
2017-03-07,44.54,19.42888832
2017-03-08,39.2,18.37753296
2017-03-09,46.94,17.54300308
2017-03-10,49.65,18.28123283
2017-03-11,53.25,19.06263924
2017-03-12,49.39,21.85354805
2017-03-13,57.77,25.04587555
2017-03-14,82.96,28.24926949
2017-03-15,65.98,30.52957153
2017-03-16,85.82,40.88731766
2017-03-17,83.53,46.54584885
2017-03-18,69.13,36.93608093
2017-03-19,58.81,39.4142952
2017-03-20,55.29,44.19563293
2017-03-21,66.29,44.21334076
2017-03-22,59.61,39.89975739
2017-03-23,59.54,42.05825806
2017-03-24,62.17,47.57904434
2017-03-25,71.39,49.47833252
2017-03-26,57.11,49.62591171
2017-03-27,75.26,50.76028824
2017-03-28,64.03,49.85445023
2017-03-29,62.27,52.64440155
2017-03-30,72.19,53.08503342
2017-03-31,82.96,50.63747025
2017-04-01,61.0,50.14421844
2017-04-02,60.18,49.48337173
2017-04-03,76.24,44.73745728
2017-04-04,66.25,45.10642242
2017-04-05,65.32,45.77088165
2017-04-06,72.2,44.74009705
2017-04-07,75.94,42.53973389
2017-04-08,57.03,45.16585922
2017-04-09,55.83,43.21027756
2017-04-10,61.94,43.20684814
2017-04-11,56.45,44.11178589
2017-04-12,62.32,43.5552063
2017-04-13,84.37,48.4173317
2017-04-14,61.94,48.83977509
2017-04-15,58.31,47.44621277
2017-04-16,55.17,48.78649902
2017-04-17,58.92,48.3175087
2017-04-18,67.23,50.59074783
2017-04-19,79.74,50.81941223
2017-04-20,71.89,48.48793793
2017-04-21,78.74,49.44398117
2017-04-22,93.89,48.68815231
2017-04-23,61.47,48.38895798
2017-04-24,68.81,50.10398102
2017-04-25,70.77,49.86474609
2017-04-26,86.14,52.44770432
2017-04-27,85.34,58.58997726
2017-04-28,74.5,64.29021454
2017-04-29,75.79,69.83218384
2017-04-30,74.84,71.76806641
2017-05-01,86.4,81.4564209
2017-05-02,115.89,79.35325623
2017-05-03,95.97,80.05103302
2017-05-04,86.94,89.99662781
2017-05-05,90.67,102.02135468
2017-05-06,79.38,95.64967346
2017-05-07,107.7,96.7640152
2017-05-08,90.17,92.77739716
2017-05-09,96.66,89.14603424
2017-05-10,116.63,92.84693909
2017-05-11,104.67,90.46638489
2017-05-12,111.7,90.53853607
2017-05-13,105.92,88.63881683
2017-05-14,104.36,90.67169189
2017-05-15,123.17,91.23472595
2017-05-16,139.08,92.90254211
2017-05-17,136.49,90.16207123
2017-05-18,235.54,90.5670166
2017-05-19,159.52,117.65478516
2017-05-20,173.1,131.99972534
2017-05-21,149.63,128.32850647
2017-05-22,163.04,186.88729858
2017-05-23,246.47,178.03849792
2017-05-24,246.6,193.230896
2017-05-25,262.07,200.00494385
2017-05-26,195.74,182.08970642
2017-05-27,202.15,156.48373413
2017-05-28,190.28,171.49882507
2017-05-29,166.49,183.16256714
2017-05-30,282.25,202.60342407
2017-05-31,591.12,230.24880981
2017-06-01,335.6,222.89427185
2017-06-02,275.85,222.15283203
2017-06-03,250.88,220.25239563
2017-06-04,255.86,232.76301575
2017-06-05,214.46,246.78031921
2017-06-06,253.91,256.10177612
2017-06-07,276.23,260.0604248
2017-06-08,253.85,257.56234741
2017-06-09,239.72,273.81515503
2017-06-10,224.65,311.22879028
2017-06-11,273.43,341.41125488
2017-06-12,442.17,348.29885864
2017-06-13,387.46,398.08557129
2017-06-14,269.82,376.99716187
2017-06-15,261.08,355.40454102
2017-06-16,277.32,350.64282227
2017-06-17,238.48,366.66964722
2017-06-18,261.62,376.94723511
2017-06-19,255.66,372.66906738
2017-06-20,434.6,377.61639404
2017-06-21,1017.11,337.51074219
2017-06-22,804.54,338.32897949
2017-06-23,512.51,341.11270142
2017-06-24,637.25,342.61224365
2017-06-25,379.17,320.02047729
2017-06-26,781.86,309.31256104
2017-06-27,482.76,271.87319946
2017-06-28,665.0,305.0274353
2017-06-29,547.22,326.67578125
2017-06-30,374.51,305.8001709
2017-07-01,311.36,282.76315308
2017-07-02,324.98,272.48422241
2017-07-03,409.92,288.73574829
2017-07-04,346.21,284.26412964
2017-07-05,376.84,273.55728149
2017-07-06,394.31,270.89187622
2017-07-07,330.95,267.5269165
2017-07-08,306.94,244.48466492
2017-07-09,366.01,244.90852356
2017-07-10,231.6,220.69154358
2017-07-11,299.32,197.28175354
2017-07-12,245.25,195.09162903
2017-07-13,393.34,229.23893738
2017-07-14,273.98,192.40531921
2017-07-15,309.1,177.26097107
2017-07-16,246.93,152.5894928
2017-07-17,293.71,165.92953491
2017-07-18,290.44,185.05493164
2017-07-19,428.27,227.34802246
2017-07-20,298.34,215.48780823
2017-07-21,268.76,226.48606873
2017-07-22,265.18,222.48902893
2017-07-23,280.13,229.30355835
2017-07-24,322.82,225.04364014
2017-07-25,270.71,207.49874878
2017-07-26,359.47,202.01931763
2017-07-27,287.2,204.34919739
2017-07-28,267.99,203.32189941
2017-07-29,232.89,184.85980225
2017-07-30,197.49,200.7035675
2017-07-31,227.28,198.70417786
2017-08-01,254.75,212.01089478
2017-08-02,258.6,226.93367004
2017-08-03,225.51,226.17558289
2017-08-04,228.48,223.84744263
2017-08-05,222.25,241.99623108
2017-08-06,245.87,258.18136597
2017-08-07,243.74,264.40625
2017-08-08,389.0,271.21444702
2017-08-09,301.5,318.71627808
2017-08-10,277.68,305.47634888
2017-08-11,337.46,298.42956543
2017-08-12,353.24,312.16744995
2017-08-13,319.51,301.66647339
2017-08-14,345.75,302.30514526
2017-08-15,334.05,285.17263794
2017-08-16,1078.81,290.7510376
2017-08-17,570.8,304.14562988
2017-08-18,1225.41,300.87255859
2017-08-19,439.94,292.3447876
2017-08-20,388.86,294.63638306
2017-08-21,327.5,301.27523804
2017-08-22,337.12,309.95062256
2017-08-23,310.7,319.51849365
2017-08-24,327.4,318.86367798
2017-08-25,308.12,334.72201538
2017-08-26,308.84,330.87490845
2017-08-27,254.59,334.78726196
2017-08-28,317.49,343.97930908
2017-08-29,432.64,349.96069336
2017-08-30,491.51,376.90368652
2017-08-31,641.95,380.72720337
2017-09-01,603.64,389.35375977
2017-09-02,647.41,378.00906372
2017-09-03,300.26,352.28427124
2017-09-04,398.47,286.66098022
2017-09-05,592.78,276.37460327
2017-09-06,734.88,324.12860107
2017-09-07,774.83,324.2862854
2017-09-08,695.4,299.46481323
2017-09-09,611.11,292.76257324
2017-09-10,425.99,285.07400513
2017-09-11,372.13,299.41687012
2017-09-12,483.89,301.41531372
2017-09-13,489.36,269.80636597
2017-09-14,399.74,239.42408752
2017-09-15,571.77,252.30776978
2017-09-16,708.98,240.00071716
2017-09-17,414.44,243.30102539
2017-09-18,370.27,287.33227539
2017-09-19,411.9,287.42733765
2017-09-20,637.72,288.71542358
2017-09-21,352.76,280.62838745
2017-09-22,297.97,256.54910278
2017-09-23,339.69,264.14486694
2017-09-24,415.2,292.67782593
2017-09-25,380.8,286.30929565
2017-09-26,371.96,288.91235352
2017-09-27,436.82,290.36685181
2017-09-28,364.61,296.44760132
2017-09-29,331.55,280.80111694
2017-09-30,382.1,302.53952026
2017-10-01,341.96,298.63897705
2017-10-02,368.36,300.26690674
2017-10-03,354.09,299.65270996
2017-10-04,399.15,297.97106934
2017-10-05,368.55,290.89224243
2017-10-06,476.04,295.99227905
2017-10-07,349.37,309.40618896
2017-10-08,332.57,312.48898315
2017-10-09,377.86,299.80682373
2017-10-10,407.25,305.36425781
2017-10-11,951.5,300.83166504
2017-10-12,403.11,307.37060547
2017-10-13,489.7,340.62664795
2017-10-14,407.6,343.33285522
2017-10-15,396.75,334.2616272
2017-10-16,338.11,339.01843262
2017-10-17,325.85,320.37731934
2017-10-18,315.23,306.11712646
2017-10-19,251.02,308.99649048
2017-10-20,518.6,308.71972656
2017-10-21,260.55,292.77175903
2017-10-22,183.82,303.14559937
2017-10-23,240.96,282.73440552
2017-10-24,368.58,308.03277588
2017-10-25,282.5,295.03320313
2017-10-26,286.78,298.24172974
2017-10-27,298.97,295.4984436
2017-10-28,249.02,297.35501099
2017-10-29,240.76,309.5668335
2017-10-30,276.32,307.23062134
2017-10-31,304.73,306.80569458
2017-11-01,369.2,303.97839355
2017-11-02,381.29,288.53674316
2017-11-03,317.39,288.54013062
2017-11-04,221.37,301.08969116
2017-11-05,202.58,296.11221313
2017-11-06,253.79,304.67962646
2017-11-07,306.25,292.50341797
2017-11-08,348.03,300.17822266
2017-11-09,350.56,309.02648926
2017-11-10,299.08,305.67684937
2017-11-11,235.87,302.44009399
2017-11-12,292.63,307.16217041
2017-11-13,306.1,316.65597534
2017-11-14,324.83,321.51168823
2017-11-15,355.94,335.67129517
2017-11-16,374.48,331.2515564
2017-11-17,415.81,333.92260742
2017-11-18,267.6,329.41586304
2017-11-19,288.08,357.2210083
2017-11-20,327.42,361.82946777
2017-11-21,364.44,369.5612793
2017-11-22,360.42,363.42944336
2017-11-23,364.29,412.79376221
2017-11-24,334.09,412.22106934
2017-11-25,290.01,474.94006348
2017-11-26,327.35,460.09057617
2017-11-27,379.1,480.62976074
2017-11-28,406.15,480.12127686
2017-11-29,441.91,496.43261719
2017-11-30,436.22,408.70800781
2017-12-01,431.99,456.96066284
2017-12-02,354.42,469.29055786
2017-12-03,330.05,462.17077637
2017-12-04,611.71,466.52502441
2017-12-05,1161.59,468.7321167
2017-12-06,1317.94,456.16897583
2017-12-07,2070.45,425.63070679
2017-12-08,2296.42,453.54656982
2017-12-09,2244.52,471.6619873
2017-12-10,1967.57,452.13876343
2017-12-11,1705.82,473.95916748
2017-12-12,1496.98,535.36328125
2017-12-13,1388.39,618.68151855
2017-12-14,1632.72,692.40600586
2017-12-15,1715.49,696.08081055
2017-12-16,1367.79,699.24981689
2017-12-17,1313.74,716.13946533
2017-12-18,1108.17,732.18762207
2017-12-19,1402.32,820.32086182
2017-12-20,1669.98,805.95758057
2017-12-21,1747.6,795.32440186
2017-12-22,1701.07,655.90209961
2017-12-23,1333.36,736.55804443
2017-12-24,1149.75,653.69824219
2017-12-25,791.86,757.78100586
2017-12-26,714.39,773.18463135
2017-12-27,804.72,781.16693115
2017-12-28,840.85,739.44537354
2017-12-29,925.62,754.77386475
2017-12-30,1023.75,709.14361572
2017-12-31,882.84,723.21386719
2018-01-01,788.13,769.96173096
2018-01-02,937.72,886.34436035
2018-01-03,1193.53,882.25628662
2018-01-04,1350.78,954.21325684
2018-01-05,2211.02,1045.29394531
2018-01-06,4074.44,1002.57525635
2018-01-07,2975.03,1090.83947754
2018-01-08,2897.08,1088.60693359
2018-01-09,2979.7,1209.15039063
2018-01-10,3535.7,1364.84814453
2018-01-11,3424.53,1228.5994873
2018-01-12,2691.17,1247.54699707
2018-01-13,2115.99,1295.71936035
2018-01-14,2595.56,1392.17797852
2018-01-15,2089.41,1346.0513916
2018-01-16,2279.24,1242.75341797
2018-01-17,2076.75,954.39715576
2018-01-18,2147.17,1025.27148438
2018-01-19,1987.31,1061.92993164
2018-01-20,1868.09,1075.56970215
2018-01-21,1425.47,1134.66638184
2018-01-22,1173.99,960.67419434
2018-01-23,1461.78,1013.98480225
2018-01-24,1325.51,1031.86169434
2018-01-25,1171.2,1034.74243164
2018-01-26,932.58,1050.9720459
2018-01-27,836.95,1095.18273926
2018-01-28,870.24,1129.69506836
2018-01-29,1211.41,1200.52368164
2018-01-30,1068.76,1145.86450195
2018-01-31,998.37,1102.71533203
2018-02-01,1307.52,1138.50561523
2018-02-02,1500.83,954.35913086
2018-02-03,995.48,955.11651611
2018-02-04,854.93,864.21588135
2018-02-05,805.84,836.07806396
2018-02-06,947.53,742.73553467
2018-02-07,868.59,812.49127197
2018-02-08,757.05,806.39074707
2018-02-09,623.84,806.53649902
2018-02-10,777.92,847.33850098
2018-02-11,654.28,852.11810303
2018-02-12,662.99,856.97296143
2018-02-13,594.85,857.95758057
2018-02-14,661.16,902.66778564
2018-02-15,641.04,933.9887085
2018-02-16,596.95,938.65093994
2018-02-17,639.56,961.27746582
2018-02-18,810.82,944.79455566
2018-02-19,608.32,931.19909668
2018-02-20,749.69,942.46661377
2018-02-21,811.9,849.50537109
2018-02-22,585.3,825.77062988
2018-02-23,671.26,838.43707275
2018-02-24,571.4,837.11804199
2018-02-25,618.55,827.74163818
2018-02-26,541.16,876.27520752
2018-02-27,530.3,871.24755859
2018-02-28,746.96,888.44708252
2018-03-01,586.24,867.03179932
2018-03-02,731.36,855.5411377
2018-03-03,540.07,864.79095459
2018-03-04,542.04,847.83050537
2018-03-05,579.37,867.68896484
2018-03-06,580.77,832.01580811
2018-03-07,580.38,812.98974609
2018-03-08,566.8,741.19873047
2018-03-09,515.32,701.0189209
2018-03-10,418.45,732.93408203
2018-03-11,364.67,708.91540527
2018-03-12,490.95,697.64099121
2018-03-13,416.21,696.71765137
2018-03-14,420.09,656.14129639
2018-03-15,401.23,588.16638184
2018-03-16,420.29,598.66394043
2018-03-17,331.05,598.8447876
2018-03-18,338.98,466.09069824
2018-03-19,385.53,551.63769531
2018-03-20,364.22,556.75140381
2018-03-21,396.01,567.94128418
2018-03-22,494.83,531.77514648
2018-03-23,398.91,516.39605713
2018-03-24,432.37,541.47979736
2018-03-25,337.1,520.65631104
2018-03-26,410.7,522.40966797
2018-03-27,371.04,468.53948975
2018-03-28,384.73,451.23880005
2018-03-29,362.86,441.78762817
2018-03-30,380.13,378.60897827
2018-03-31,291.58,403.10812378
2018-04-01,264.57,364.76593018
2018-04-02,299.36,391.7276001
2018-04-03,330.1,406.29595947
2018-04-04,283.07,404.4602356
2018-04-05,457.67,378.5619812
2018-04-06,381.35,379.6869812
2018-04-07,259.53,381.07391357
2018-04-08,262.9,401.61642456
2018-04-09,319.8,396.41854858
2018-04-10,283.49,400.10852051
2018-04-11,318.59,420.70452881
2018-04-12,369.16,463.97998047
2018-04-13,401.62,514.11553955
2018-04-14,364.29,506.67218018
2018-04-15,303.6,510.55157471
2018-04-16,319.88,504.92443848
2018-04-17,342.96,507.29470825
2018-04-18,420.8,506.82980347
2018-04-19,438.62,545.71136475
2018-04-20,426.03,585.83795166
2018-04-21,395.11,607.55621338
2018-04-22,340.53,632.79296875
2018-04-23,390.51,644.73077393
2018-04-24,452.85,667.34545898
2018-04-25,476.46,672.1696167
2018-04-26,459.18,618.38543701
2018-04-27,460.73,673.49182129
2018-04-28,455.91,666.2177124
2018-04-29,582.2,681.65808105
2018-04-30,569.43,683.4161377
2018-05-01,481.64,644.34356689
2018-05-02,476.35,682.49395752
2018-05-03,532.61,746.64105225
2018-05-04,553.7,771.74206543
2018-05-05,474.94,819.67333984
2018-05-06,393.94,825.15466309
2018-05-07,415.54,756.71264648
2018-05-08,514.35,737.20391846
2018-05-09,453.11,724.54400635
2018-05-10,702.22,762.02600098
2018-05-11,726.58,731.71264648
2018-05-12,580.86,679.3951416
2018-05-13,473.77,727.16363525
2018-05-14,645.39,702.7086792
2018-05-15,674.7,718.53155518
2018-05-16,675.41,685.74499512
2018-05-17,797.76,707.81286621
2018-05-18,738.05,679.48406982
2018-05-19,738.76,695.66363525
2018-05-20,593.56,713.50311279
2018-05-21,641.1,713.80505371
2018-05-22,746.32,683.32940674
2018-05-23,801.89,603.68988037
2018-05-24,725.28,599.28314209
2018-05-25,716.17,602.76623535
2018-05-26,629.32,604.77606201
2018-05-27,538.93,573.9463501
2018-05-28,792.13,533.34875488
2018-05-29,802.12,527.29974365
2018-05-30,849.03,552.78033447
2018-05-31,1006.82,577.21264648
2018-06-01,962.77,574.48913574
2018-06-02,672.5,578.54296875
2018-06-03,611.48,594.17651367
2018-06-04,679.99,619.347229
2018-06-05,679.84,594.77947998
2018-06-06,621.84,611.47528076
2018-06-07,817.63,607.6987915
2018-06-08,587.02,605.52856445
2018-06-09,465.19,607.050354
2018-06-10,429.55,569.99615479
2018-06-11,476.94,534.60144043
2018-06-12,447.35,529.2253418
2018-06-13,490.25,466.81652832
2018-06-14,505.1,488.07028198
2018-06-15,604.74,505.40997314
2018-06-16,643.62,494.14157104
2018-06-17,321.26,502.80886841
2018-06-18,308.39,497.6065979
2018-06-19,421.47,516.79144287
2018-06-20,462.19,521.35968018
2018-06-21,414.74,542.37335205
2018-06-22,880.51,473.28866577
2018-06-23,385.84,469.70175171
2018-06-24,358.71,426.46948242
2018-06-25,630.79,465.23287964
2018-06-26,415.23,458.76348877
2018-06-27,402.45,434.13684082
2018-06-28,364.66,433.66781616
2018-06-29,383.64,422.68499756
2018-06-30,1539.2,448.35598755
2018-07-01,3108.65,451.76501465
2018-07-02,5395.45,475.32598877
2018-07-03,4246.31,470.97000122
2018-07-04,3201.69,474.20401001
2018-07-05,2343.59,477.81698608
2018-07-06,3339.67,471.25900269
2018-07-07,3101.54,471.04098511
2018-07-08,1894.05,492.42800903
2018-07-09,1039.3,484.17700195
2018-07-10,928.64,441.7869873
2018-07-11,617.33,444.51901245
2018-07-12,1322.65,431.26300049
2018-07-13,1293.9,440.19000244
2018-07-14,2888.45,437.56298828
2018-07-15,3846.19,452.46899414
2018-07-16,881.16,449.3789978
2018-07-17,525.09,473.6960144
2018-07-18,481.84,493.13500977
2018-07-19,450.68,476.35198975
2018-07-20,439.1,459.51400757
2018-07-21,665.11,455.70498657
2018-07-22,408.87,468.82400513
2018-07-23,535.25,463.58099365
2018-07-24,445.98,453.04299927
2018-07-25,502.41,466.80200195
2018-07-26,394.55,475.75500488
2018-07-27,367.25,464.89801025
2018-07-28,533.53,469.59500122
2018-07-29,272.71,466.79699707
2018-07-30,351.38,464.28100586
2018-07-31,359.29,452.71704102
2018-08-01,746.9,418.51538086
2018-08-02,345.18,413.97015381
2018-08-03,336.13,403.26046753
2018-08-04,363.87,406.00280762
2018-08-05,303.7,408.90481567
2018-08-06,370.27,408.21939087
2018-08-07,678.19,410.38409424
2018-08-08,2901.39,368.50820923
2018-08-09,2689.81,361.72634888
2018-08-10,1910.33,362.50222778
2018-08-11,581.31,321.83587646
2018-08-12,372.52,324.58312988
2018-08-13,413.35,321.13269043
2018-08-14,680.85,268.85174561
2018-08-15,572.36,286.58566284
2018-08-16,512.1,293.16366577
2018-08-17,1955.34,298.18359375
2018-08-18,470.82,312.79956055
2018-08-19,402.49,300.91165161
2018-08-20,416.09,289.58407593
2018-08-21,360.96,277.46426392
2018-08-22,724.65,292.28509521
2018-08-23,690.09,274.01196289
2018-08-24,1117.55,275.43688965
2018-08-25,355.84,282.00238037
2018-08-26,967.54,275.39273071
2018-08-27,360.95,273.97457886
2018-08-28,386.07,289.15997314
2018-08-29,513.97,289.28250122
2018-08-30,448.32,280.12875366
2018-08-31,416.93,278.79541016
2018-09-01,393.66,295.68313599
2018-09-02,336.23,292.22320557
2018-09-03,383.52,289.88180542
2018-09-04,459.44,289.47851563
2018-09-05,354.46,257.61624146
2018-09-06,482.73,228.38856506
2018-09-07,525.79,231.10040283
2018-09-08,381.66,217.99169922
2018-09-09,425.82,190.80628967
2018-09-10,466.71,195.61668396
2018-09-11,460.39,185.09275818
2018-09-12,510.84,172.70466614
2018-09-13,541.44,202.66493225
2018-09-14,466.73,208.40078735
2018-09-15,377.9,224.01403809
2018-09-16,373.65,216.15457153
2018-09-17,416.58,222.97711182
2018-09-18,549.34,196.33753967
2018-09-19,569.89,210.1486969
2018-09-20,598.24,209.52790833
2018-09-21,561.72,223.11013794
2018-09-22,569.1,241.37475586
2018-09-23,370.5,241.40855408
2018-09-24,470.83,232.47236633
2018-09-25,681.77,222.22172546
2018-09-26,529.56,221.0927124
2018-09-27,560.23,217.59713745
2018-09-28,595.61,226.0748291
2018-09-29,686.34,231.66853333
2018-09-30,536.02,234.12156677
2018-10-01,558.32,233.16940308
2018-10-02,687.96,227.55273438
2018-10-03,496.81,219.16912842
2018-10-04,438.2,224.94371033
2018-10-05,457.61,221.67993164
2018-10-06,307.55,225.40007019
2018-10-07,295.55,226.03083801
2018-10-08,422.8,225.35081482
2018-10-09,390.19,227.53782654
2018-10-10,401.85,226.28916931
2018-10-11,506.79,200.70567322
2018-10-12,448.73,199.06156921
2018-10-13,541.62,197.74105835
2018-10-14,302.11,200.49247742
2018-10-15,388.76,209.54171753
2018-10-16,354.84,208.42079163
2018-10-17,393.22,210.58654785
2018-10-18,352.61,208.0823822
2018-10-19,399.95,203.44036865
2018-10-20,373.73,203.95391846
2018-10-21,345.54,207.38040161
2018-10-22,382.58,204.68469238
2018-10-23,404.21,202.32518005
2018-10-24,431.43,203.35398865
2018-10-25,563.58,202.63148499
2018-10-26,495.87,202.6627655
2018-10-27,363.23,203.7277832
2018-10-28,345.43,205.05267334
2018-10-29,409.26,205.18717957
2018-10-30,426.81,197.40827942
2018-10-31,431.75,197.16949463
2018-11-01,396.6,199.52622986
2018-11-02,443.83,199.80334473
2018-11-03,413.7,199.97109985
2018-11-04,338.61,199.96685791
2018-11-05,477.94,208.54122925
2018-11-06,507.8,208.02682495
2018-11-07,483.02,217.27890015
2018-11-08,544.56,214.61178589
2018-11-09,424.48,210.01855469
2018-11-10,325.55,210.95387268
2018-11-11,277.45,211.98426819
2018-11-12,400.28,211.47625732
2018-11-13,453.56,209.03872681
2018-11-14,522.68,193.8629303
2018-11-15,673.21,177.40956116
2018-11-16,561.51,177.45750427
2018-11-17,433.96,173.49142456
2018-11-18,441.7,175.74108887
2018-11-19,595.79,155.93885803
2018-11-20,637.96,149.12464905
2018-11-21,567.69,133.94046021
2018-11-22,507.25,132.03199768
2018-11-23,522.85,123.4414978
2018-11-24,457.49,122.13981628
2018-11-25,526.92,106.08036041
2018-11-26,510.92,109.50065613
2018-11-27,495.59,104.66004181
2018-11-28,567.97,112.06407928
2018-11-29,755.68,117.27232361
2018-11-30,868.27,118.7940008
2018-12-01,644.14,118.70929896
2018-12-02,518.1,117.77186347
2018-12-03,578.94,108.20283119
2018-12-04,608.26,112.25761995
2018-12-05,659.99,107.93569236
2018-12-06,524.99,98.43298295
2018-12-07,519.31,85.67439262
2018-12-08,386.04,89.83262355
2018-12-09,324.81,92.34965863
2018-12-10,389.86,91.06091623
2018-12-11,406.28,91.05720962
2018-12-12,376.37,88.94143673
2018-12-13,422.73,89.83586696
2018-12-14,584.79,86.50444511
2018-12-15,361.0,82.82989029
2018-12-16,315.4,87.07905
2018-12-17,353.4,85.75534949
2018-12-18,665.08,95.89627885
2018-12-19,457.83,103.94602218
2018-12-20,427.36,102.31148661
2018-12-21,448.34,115.40394444
2018-12-22,333.75,108.73326358
2018-12-23,374.55,129.56706478
2018-12-24,428.01,151.87638344
2018-12-25,447.41,125.1463481
2018-12-26,510.6,134.6052846
2018-12-27,338.21,124.82665446
2018-12-28,358.3,127.55277866
2018-12-29,331.17,136.78863171
2018-12-30,577.1,135.11526172
2018-12-31,302.18,136.55651101
2019-01-01,340.87,133.29395771
2019-01-02,326.9,141.31147374
2019-01-03,327.72,153.6462316
2019-01-04,350.63,149.64903937
2019-01-05,433.97,159.80673399
2019-01-06,371.51,153.45698999
2019-01-07,313.83,153.01671371
2019-01-08,334.86,149.37027626
2019-01-09,305.76,151.00054544
2019-01-10,352.3,151.14186113
2019-01-11,349.41,127.75900722
2019-01-12,243.02,126.94171779
2019-01-13,263.36,126.25925105
2019-01-14,415.63,118.43255169
2019-01-15,481.16,127.27935124
2019-01-16,395.61,122.07125492
2019-01-17,402.47,122.14025857
2019-01-18,360.2,122.55786307
2019-01-19,340.74,121.67946858
2019-01-20,309.29,119.67858312
2019-01-21,334.35,118.80220738
2019-01-22,488.9,118.78417225
2019-01-23,349.34,118.28204602
2019-01-24,359.15,116.25489292
2019-01-25,331.85,116.68306815
2019-01-26,269.28,116.87688759
2019-01-27,271.01,114.26995758
2019-01-28,346.34,104.57044664
2019-01-29,337.99,105.4210247
2019-01-30,350.98,105.70168381
2019-01-31,374.57,107.26888187
2019-02-01,380.09,107.59140987
2019-02-02,306.08,107.71315672
2019-02-03,252.83,107.98136174
2019-02-04,254.81,107.52241756
2019-02-05,275.68,107.37913618
2019-02-06,277.85,103.82808572
2019-02-07,296.18,104.93407216
2019-02-08,315.1,104.87060527
2019-02-09,309.23,118.53311868
2019-02-10,287.64,119.27010717
2019-02-11,317.13,121.08514382
2019-02-12,312.18,120.68742194
2019-02-13,351.73,122.18117957
2019-02-14,395.91,122.48043983
2019-02-15,396.88,122.45746216
2019-02-16,361.87,123.47624514
2019-02-17,356.88,126.16862795
2019-02-18,453.29,138.15369949
2019-02-19,4484.97,147.34385672
2019-02-20,460.8,146.57131195
2019-02-21,461.31,148.19528426
2019-02-22,442.89,147.06811479
2019-02-23,361.44,148.43684493
2019-02-24,461.2,142.05625495
2019-02-25,517.06,140.59732835
2019-02-26,526.53,138.23506213
2019-02-27,477.83,139.58803746
2019-02-28,569.63,137.52803404
2019-03-01,403.59,137.21671737
2019-03-02,360.03,136.96863639
2019-03-03,338.63,133.11580836
2019-03-04,413.97,130.9071094
2019-03-05,426.65,127.49446416
2019-03-06,425.62,136.72702875
2019-03-07,412.59,138.38331763
2019-03-08,410.98,137.32476757
2019-03-09,363.98,135.73967075
2019-03-10,331.53,137.24920323
2019-03-11,336.71,133.13953812
2019-03-12,363.98,134.18561315
2019-03-13,350.6,133.91192004
2019-03-14,330.62,133.8693986
2019-03-15,323.1,137.94602591
2019-03-16,284.71,140.92073362
2019-03-17,280.77,139.71073077
2019-03-18,2578.61,141.70926769
2019-03-19,422.93,140.37596934
2019-03-20,401.67,139.04297302
2019-03-21,543.06,140.49319159
2019-03-22,481.02,137.99054146
2019-03-23,366.4,138.13637195
2019-03-24,346.52,137.38351924
2019-03-25,423.78,137.29619292
2019-03-26,442.11,134.54907912
2019-03-27,514.32,138.79906486
2019-03-28,430.22,140.08666645
2019-03-29,478.5,141.11003445
2019-03-30,401.83,141.75563232
2019-03-31,395.95,141.33903634
2019-04-01,474.01,141.95795209
2019-04-02,538.46,155.30580585
2019-04-03,620.11,172.3784242
2019-04-04,554.28,161.00075944
2019-04-05,428.16,157.96895157
2019-04-06,360.53,164.15215602
2019-04-07,340.88,167.41791427
2019-04-08,438.0,181.47476599
2019-04-09,419.24,176.75935781
2019-04-10,524.02,179.95481499
2019-04-11,447.08,170.92096153
2019-04-12,425.52,164.60809741
2019-04-13,355.25,166.02566469
2019-04-14,315.3,163.36104794
2019-04-15,321.06,167.94815433
2019-04-16,386.3,161.6683869
2019-04-17,464.1,166.78417448
2019-04-18,454.72,172.40799497
2019-04-19,380.64,172.94030323
2019-04-20,303.03,173.41674371
2019-04-21,283.64,169.15920588
2019-04-22,373.97,168.73080473
2019-04-23,371.46,172.36556919
2019-04-24,389.22,165.14392855
2019-04-25,319.27,164.45659778
2019-04-26,415.19,156.27757254
2019-04-27,281.77,156.7740696
2019-04-28,269.46,158.46459193
2019-04-29,304.37,154.13417146
2019-04-30,319.41,159.73955992
2019-05-01,348.03,160.84499421
2019-05-02,742.9,160.95919325
2019-05-03,409.59,162.70316199
2019-05-04,324.95,162.28141439
2019-05-05,312.38,163.42616626
2019-05-06,354.12,161.43477238
2019-05-07,468.68,173.12724369
2019-05-08,395.88,169.39350477
2019-05-09,410.55,168.8154455
2019-05-10,409.33,172.79554142
2019-05-11,384.68,176.78295696
2019-05-12,367.33,193.07480365
2019-05-13,447.69,201.3120468
2019-05-14,527.57,206.6510451
2019-05-15,562.62,235.8972991
2019-05-16,891.35,273.63561907
2019-05-17,766.7,231.06130806
2019-05-18,634.6,242.35294916
2019-05-19,488.15,254.93370101
2019-05-20,545.75,247.31109249
2019-05-21,508.57,251.44507282
2019-05-22,543.61,255.13805145
2019-05-23,590.02,243.48263594
2019-05-24,574.74,253.58425432
2019-05-25,484.44,251.97048299
2019-05-26,416.21,249.42906149
2019-05-27,548.71,272.6353354
2019-05-28,629.58,270.80549798
2019-05-29,601.72,269.20298445
2019-05-30,727.31,286.16032829
2019-05-31,630.14,254.55683686
2019-06-01,607.68,269.89409866
2019-06-02,446.46,265.99425257
2019-06-03,514.61,269.67947635
2019-06-04,524.47,249.52699362
2019-06-05,525.65,240.82336916
2019-06-06,490.62,243.46136036
2019-06-07,472.36,250.06909752
2019-06-08,628.34,249.49875328
2019-06-09,469.51,243.25500568
2019-06-10,511.65,235.13546214
2019-06-11,786.43,240.85089069
2019-06-12,460.46,248.62021604
2019-06-13,369.78,260.22363801
2019-06-14,419.79,258.27281611
2019-06-15,727.13,265.11867876
2019-06-16,390.82,272.88462185
2019-06-17,616.91,270.44971705
2019-06-18,571.0,267.17305217
2019-06-19,489.04,266.99919451
2019-06-20,822.64,270.06514542
2019-06-21,489.82,279.74676755
2019-06-22,382.55,304.72963984
2019-06-23,350.63,311.39248258
2019-06-24,506.74,308.00093794
2019-06-25,718.46,311.30134191
2019-06-26,608.04,330.85495854
2019-06-27,788.84,307.31087852
2019-06-28,615.0,307.25835227
2019-06-29,663.22,297.52159415
2019-06-30,511.08,297.37414316
2019-07-01,700.24,299.79081422
2019-07-02,546.61,288.35521984
2019-07-03,556.0,295.92959599
2019-07-04,387.57,295.66938295
2019-07-05,428.38,285.83090685
2019-07-06,551.39,295.18927348
2019-07-07,298.41,288.83300191
2019-07-08,514.72,305.24923115
2019-07-09,426.52,316.07101752
2019-07-10,392.72,310.58157195
2019-07-11,501.18,283.99714584
2019-07-12,671.88,272.81284205
2019-07-13,319.41,273.51096041
2019-07-14,385.86,235.1578918
2019-07-15,496.84,230.38300709
2019-07-16,716.44,221.84767807
2019-07-17,1025.72,198.42058013
2019-07-18,406.92,224.34023034
2019-07-19,549.96,223.01852402
2019-07-20,342.27,226.9043363
2019-07-21,283.36,225.50760783
2019-07-22,308.9,215.78268766
2019-07-23,344.58,217.23590134
2019-07-24,630.13,215.18162369
2019-07-25,614.16,222.23141333
2019-07-26,579.25,216.76268528
2019-07-27,339.64,222.42141267
2019-07-28,260.95,207.79524287
2019-07-29,343.57,213.26799038
2019-07-30,377.57,212.60851121
2019-07-31,394.49,212.37162749
2019-08-01,573.94,214.66226136
2019-08-02,503.96,221.16568616
2019-08-03,726.41,221.20734343
2019-08-04,260.73,222.03981343
2019-08-05,353.38,230.24690418
2019-08-06,387.2,229.85834506
2019-08-07,375.21,224.72117032
2019-08-08,385.05,226.05403909
2019-08-09,415.05,210.10533079
2019-08-10,337.53,211.63543068
2019-08-11,291.43,210.6548487
2019-08-12,371.37,213.82364617
2019-08-13,441.02,206.09014466
2019-08-14,344.82,205.36691407
2019-08-15,561.48,186.01241401
2019-08-16,391.48,187.88629369
2019-08-17,295.91,184.65766072
2019-08-18,292.31,184.28067701
2019-08-19,434.13,196.41888543
2019-08-20,474.69,197.50548253
2019-08-21,552.82,183.72338414
2019-08-22,481.64,191.27614199
2019-08-23,471.18,194.81554139
2019-08-24,404.22,188.25622043
2019-08-25,437.52,190.08217567
2019-08-26,647.13,191.49841012
2019-08-27,540.95,187.10460695
2019-08-28,464.76,187.5771005
2019-08-29,559.89,170.68617588
2019-08-30,496.51,168.71978307
2019-08-31,440.56,169.82392168
2019-09-01,452.68,170.71440414
2019-09-02,553.74,173.0448614
2019-09-03,560.13,179.17299517
2019-09-04,525.92,176.83746889
2019-09-05,651.06,175.49971565
2019-09-06,684.99,176.87097157
2019-09-07,680.6,169.97234473
2019-09-08,729.8,182.34361372
2019-09-09,798.31,181.8847563
2019-09-10,850.47,180.17223554
2019-09-11,890.98,180.29132512
2019-09-12,973.17,180.31877483
2019-09-13,896.78,178.91011263
2019-09-14,932.72,180.71247343
2019-09-15,959.58,186.54826578
2019-09-16,984.04,194.27766815
2019-09-17,1131.73,197.83365607
2019-09-18,1395.04,211.14320706
2019-09-19,1292.58,205.91359757
2019-09-20,1501.2,219.42755156
2019-09-21,1218.33,218.298517
2019-09-22,956.48,211.03004565
2019-09-23,1162.29,210.15486902
2019-09-24,1374.53,201.97549017
2019-09-25,1703.18,171.1763985
2019-09-26,1353.29,169.40640372
2019-09-27,1329.35,165.66021136
2019-09-28,1091.76,171.60774862
2019-09-29,1247.78,172.66037788
2019-09-30,1105.62,169.11750378
2019-10-01,587.87,183.09185855
2019-10-02,487.87,176.65458977
2019-10-03,565.74,173.24897594
2019-10-04,609.15,176.13673365
2019-10-05,448.01,175.83818171
2019-10-06,379.0,175.75412517
2019-10-07,425.47,173.71060389
2019-10-08,463.24,179.48679056
2019-10-09,545.52,181.18882968
2019-10-10,521.78,192.44363397
2019-10-11,488.57,194.02723587
2019-10-12,397.32,185.03068545
2019-10-13,378.02,184.61459905
2019-10-14,432.65,182.92572234
2019-10-15,449.19,183.05058324
2019-10-16,475.58,180.47406874
2019-10-17,435.32,175.33111852
2019-10-18,469.81,176.88636904
2019-10-19,402.3,174.44228878
2019-10-20,433.9,174.01950917
2019-10-21,483.47,175.13990791
2019-10-22,512.34,173.88437924
2019-10-23,651.69,167.87755694
2019-10-24,569.23,162.71239592
2019-10-25,511.36,174.89685151
2019-10-26,609.56,180.94152815
2019-10-27,434.46,178.31770981
2019-10-28,544.66,185.19086666
2019-10-29,534.08,184.40985758
2019-10-30,565.67,189.56678726
2019-10-31,539.16,184.39415398
2019-11-01,509.67,181.86176603
2019-11-02,420.65,184.60689245
2019-11-03,392.41,182.36803089
2019-11-04,475.32,182.34832579
2019-11-05,515.32,186.49517919
2019-11-06,468.02,191.54946715
2019-11-07,653.13,189.87931995
2019-11-08,490.19,187.63377229
2019-11-09,433.26,184.18965206
2019-11-10,397.99,187.214747
2019-11-11,505.26,189.51865776
2019-11-12,460.59,185.20902232
2019-11-13,506.73,187.50289847
2019-11-14,491.88,185.76090437
2019-11-15,482.24,183.63831525
2019-11-16,401.88,181.19478166
2019-11-17,380.18,183.14235983
2019-11-18,595.23,183.899177
2019-11-19,540.84,176.76744756
2019-11-20,498.33,176.82053197
2019-11-21,668.98,175.84320407
2019-11-22,1288.73,161.0926327
2019-11-23,502.34,152.58598227
2019-11-24,401.91,147.56782166
2019-11-25,917.42,138.16655543
2019-11-26,722.12,146.93194631
2019-11-27,537.29,148.09769753
2019-11-28,563.16,153.43449641
2019-11-29,514.86,152.685764
2019-11-30,405.52,155.91974526
2019-12-01,471.25,150.2851226
2019-12-02,498.9,148.10068995
2019-12-03,452.38,149.26220817
2019-12-04,468.44,145.78687285
2019-12-05,437.71,146.00921879
2019-12-06,388.33,148.91537747
2019-12-07,313.17,149.66247941
2019-12-08,266.07,152.08287613
2019-12-09,370.17,149.53757375
2019-12-10,411.08,145.92498232
2019-12-11,415.52,143.79816052
2019-12-12,432.91,143.85604398
2019-12-13,407.72,145.41101227
2019-12-14,338.28,142.76884954
2019-12-15,351.36,141.97964606
2019-12-16,413.25,141.64796521
2019-12-17,623.19,132.84188804
2019-12-18,671.31,127.15293177
2019-12-19,456.46,130.72177589
2019-12-20,441.01,128.18483576
2019-12-21,352.96,128.16124296
2019-12-22,322.75,130.5145204
2019-12-23,410.59,134.07429255
2019-12-24,391.47,128.09848636
2019-12-25,367.16,126.53648507
2019-12-26,352.95,126.9632116
2019-12-27,369.14,126.46105716
2019-12-28,315.13,128.12058302
2019-12-29,275.65,132.57324834
2019-12-30,359.05,131.78896208
2019-12-31,376.15,131.24279818
2020-01-01,283.88,130.26650886
2020-01-02,298.37,130.02826419
2020-01-03,342.9,132.71730974
2020-01-04,292.62,133.57757046
2020-01-05,265.61,137.83085676
2020-01-06,341.2,139.44565699
2020-01-07,354.08,143.88356205
2020-01-08,416.95,144.98913724
2020-01-09,359.23,138.69440815
2020-01-10,404.83,137.98409606
2020-01-11,314.43,143.56955042
2020-01-12,304.37,145.09539087
2020-01-13,350.15,143.13909331
2020-01-14,407.1,156.49368514
2020-01-15,469.99,162.78312133
2020-01-16,361.95,160.26939027
2020-01-17,361.34,165.27554911
2020-01-18,349.24,172.0456163
2020-01-19,336.49,165.38071297
2020-01-20,293.34,165.58240048
2020-01-21,271.54,168.95726392
2020-01-22,269.1,168.94138342
2020-01-23,244.01,163.47712397
2020-01-24,253.8,162.90022032
2020-01-25,202.57,160.86723878
2020-01-26,186.62,161.94303989
2020-01-27,222.63,168.54302047
2020-01-28,264.53,172.88865979
2020-01-29,271.95,175.87737236
2020-01-30,282.61,174.09067987
2020-01-31,319.64,179.52458939
2020-02-01,289.24,181.70473255
2020-02-02,270.05,192.39013412
2020-02-03,307.67,188.86444642
2020-02-04,346.16,188.2618418
2020-02-05,388.84,189.67567241
2020-02-06,506.1,212.13427618
2020-02-07,489.49,220.89196382
2020-02-08,426.26,224.57768192
2020-02-09,369.47,227.34390121
2020-02-10,399.75,226.05816286
2020-02-11,379.27,219.26145334
2020-02-12,553.42,243.56032126
2020-02-13,589.09,270.68683607
2020-02-14,505.92,273.32074508
2020-02-15,471.78,281.7531633
2020-02-16,464.74,271.1314578
2020-02-17,657.88,256.52885905
2020-02-18,440.75,268.57090492
2020-02-19,450.43,279.54845984
2020-02-20,571.59,261.85653909
2020-02-21,367.26,264.38452056
2020-02-22,306.42,263.15573174
2020-02-23,365.79,269.10827317
2020-02-24,388.09,268.25178867
2020-02-25,417.94,262.55860417
2020-02-26,675.19,239.75083677
2020-02-27,755.06,218.94943323
2020-02-28,494.68,226.61833825
2020-02-29,343.6,225.64032417
2020-03-01,323.63,221.05105074
2020-03-02,360.91,219.85442046
2020-03-03,371.16,231.23307225
2020-03-04,382.2,223.06574507
2020-03-05,434.64,231.39797332
2020-03-06,394.49,236.25013413
2020-03-07,358.94,246.06525547
2020-03-08,438.31,218.79580597
2020-03-09,924.41,193.83847771
2020-03-10,539.41,198.59261905
2020-03-11,453.49,192.93291084
2020-03-12,2970.04,184.45073321
2020-03-13,6937.07,125.09546188
2020-03-14,797.75,134.39237044
2020-03-15,501.18,122.21333234
2020-03-16,1428.24,122.92434562
2020-03-17,822.44,114.42322402
2020-03-18,613.3,113.97308263
2020-03-19,757.72,116.06544493
2020-03-20,803.33,130.26905812
2020-03-21,572.03,132.77327714
2020-03-22,506.75,128.60276424
2020-03-23,597.2,128.83833254
2020-03-24,563.82,136.39151692
2020-03-25,560.31,136.06864064
2020-03-26,508.07,137.26124377
2020-03-27,506.91,138.98800274
2020-03-28,401.98,128.94152484
2020-03-29,367.98,130.30150782
2020-03-30,434.48,127.0174613
2020-03-31,510.98,132.82140441
2020-04-01,447.68,133.08973185
2020-04-02,462.06,139.34606937
2020-04-03,547.32,141.5668566
2020-04-04,377.08,142.99152608
2020-04-05,368.29,144.27176134
2020-04-06,521.41,159.48823401
2020-04-07,635.62,170.02672152
2020-04-08,533.44,171.28231057
2020-04-09,507.45,170.92983964
2020-04-10,500.31,165.32446127
2020-04-11,433.15,157.94625747
2020-04-12,357.15,162.04623024
2020-04-13,488.26,153.45940254
2020-04-14,516.76,159.92496295
2020-04-15,498.09,155.98766634
2020-04-16,686.11,172.04137728
2020-04-17,525.83,171.50302401
2020-04-18,556.16,173.59056189
2020-04-19,553.28,187.23725939
2020-04-20,575.06,185.00207349
2020-04-21,758.53,171.31735959
2020-04-22,636.49,183.23762678
2020-04-23,684.96,188.70087792
2020-04-24,683.18,189.37492562
2020-04-25,579.33,196.16322903
2020-04-26,621.13,196.20339337
2020-04-27,639.41,198.32078881
2020-04-28,611.27,195.94571691
2020-04-29,776.3,211.34712827
2020-04-30,1335.75,210.6700229
2020-05-01,807.57,209.96295951
2020-05-02,546.26,215.3560633
2020-05-03,587.7,209.58828287
2020-05-04,665.88,207.33901767
2020-05-05,810.25,208.17517059
2020-05-06,886.16,208.67731999
2020-05-07,1026.17,205.59506292
2020-05-08,1194.49,212.64090671
2020-05-09,1070.47,212.7155415
2020-05-10,1564.94,188.896264
2020-05-11,1209.66,189.39806302
2020-05-12,1533.55,190.97816251
2020-05-13,1769.66,190.5880142
2020-05-14,2148.82,201.92205999
2020-05-15,1796.14,197.7494496
2020-05-16,1502.24,198.77863691
2020-05-17,1362.36,201.40760071
2020-05-18,2020.93,214.52060241
2020-05-19,1790.77,210.44895181
2020-05-20,1892.17,209.43711967
2020-05-21,2660.01,209.59551899
2020-05-22,2193.0,204.81500786
2020-05-23,1373.75,207.20547137
2020-05-24,1476.93,209.73094916
2020-05-25,2011.5,202.02487707
2020-05-26,2109.06,200.58250263
2020-05-27,2265.31,203.29083474
2020-05-28,2236.53,208.09102733
2020-05-29,2192.2,222.40186368
2020-05-30,1816.11,220.97353091
2020-05-31,1668.78,237.67266689
2020-06-01,1686.3,237.97739129
2020-06-02,2018.69,234.53400693
2020-06-03,1755.78,238.32092815
2020-06-04,1787.65,243.66412757
2020-06-05,1722.5,243.57612717
2020-06-06,1946.88,240.63582306
2020-06-07,2287.43,243.32285265
2020-06-08,2282.39,244.52323315
2020-06-09,2062.85,243.64590992
2020-06-10,12980.7,244.75165014
2020-06-11,12954.06,240.94116391
2020-06-12,4623.18,236.51602503
2020-06-13,1756.63,236.96762036
2020-06-14,1322.29,238.43613756
2020-06-15,2234.73,227.42742948
2020-06-16,2393.53,233.60175865
2020-06-17,2359.6,233.35175663
2020-06-18,2246.5,233.69693436
2020-06-19,2399.75,228.53497528
2020-06-20,2165.92,229.27615605
2020-06-21,1868.96,230.16483454
2020-06-22,2551.24,239.17136426
2020-06-23,3211.91,241.42578084
2020-06-24,3300.79,245.49549274
2020-06-25,3050.35,231.19836623
2020-06-26,2733.19,232.79656007
2020-06-27,2435.57,230.67013255
2020-06-28,2558.98,226.52579469
2020-06-29,2635.79,225.50695688
2020-06-30,3559.61,227.91715336
2020-07-01,3044.69,228.97489372
2020-07-02,3056.72,226.82825871
2020-07-03,3101.37,227.12363921
2020-07-04,2371.18,225.9887433
2020-07-05,2137.33,225.36687458
2020-07-06,2530.55,237.49782226
2020-07-07,2851.6,239.46660032
2020-07-08,3321.59,245.22050952
2020-07-09,3317.32,244.49744183
2020-07-10,2870.45,240.08901159
2020-07-11,2289.04,239.52621874
2020-07-12,2103.71,241.03528618
2020-07-13,3201.86,241.45613033
2020-07-14,3156.51,240.29711296
2020-07-15,3369.4,239.63711323
2020-07-16,3699.86,238.12151832
2020-07-17,4160.7,233.06160527
2020-07-18,3412.28,236.01727318
2020-07-19,3907.46,234.9187603
2020-07-20,4765.05,237.65129353
2020-07-21,5500.05,243.46138237
2020-07-22,4925.24,244.67356402
2020-07-23,5576.74,263.20389899
2020-07-24,5864.49,276.72436671
2020-07-25,6172.29,282.86467774
2020-07-26,5867.54,302.08866198
2020-07-27,6462.21,314.62428757
2020-07-28,6370.88,321.1960502
2020-07-29,5427.83,321.95009765
2020-07-30,5261.53,318.51839879
2020-07-31,5911.79,343.8016278
2020-08-01,5004.28,351.32013632
2020-08-02,5937.43,367.65268641
2020-08-03,4902.28,392.56056794
2020-08-04,4917.97,390.70721351
2020-08-05,4023.11,389.42935955
2020-08-06,4333.87,399.19743167
2020-08-07,5120.91,386.60467247
2020-08-08,4954.03,391.21082139
2020-08-09,5991.57,396.27504582
2020-08-10,7961.25,396.6847536
2020-08-11,10095.98,384.07518697
2020-08-12,13940.75,384.94378598
2020-08-13,23182.87,397.70051705
2020-08-14,16651.31,435.1615319
2020-08-15,10543.66,438.75503412
2020-08-16,7938.3,431.13562809
2020-08-17,8383.62,427.00410209
2020-08-18,10020.69,422.53235688
2020-08-19,10487.52,411.34183602
2020-08-20,9431.75,415.42857416
2020-08-21,11924.69,415.51854518
2020-08-22,9255.01,391.47553329
2020-08-23,6961.8,392.8506568
2020-08-24,6776.89,402.14082695
2020-08-25,8345.67,402.40334084
2020-08-26,7424.36,384.323
2020-08-27,7976.09,385.859
2020-08-28,6280.96,386.985
2020-08-29,7966.06,403.945
2020-08-30,14812.82,405.475
2020-08-31,16198.28,421.147
2020-09-01,29085.5,463.113
2020-09-02,40554.57,466.813
2020-09-03,32350.6,437.184
2020-09-04,23695.28,386.318
2020-09-05,18486.15,380.77
2020-09-06,14679.34,340.084
2020-09-07,8803.99,344.4
2020-09-08,7717.18,346.769
2020-09-09,9131.37,341.871
2020-09-10,12384.9,363.924
2020-09-11,12951.89,362.306
2020-09-12,8540.67,368.483
2020-09-13,9036.45,387.652
2020-09-14,14154.3,369.284
2020-09-15,15754.82,375.509
2020-09-16,11694.91,365.793
2020-09-17,33557.42,380.315
2020-09-18,29666.21,386.224
2020-09-19,16372.33,378.197
2020-09-20,11951.28,381.224
2020-09-21,13317.3,369.865
2020-09-22,11424.22,336.47
2020-09-23,10458.36,335.898
2020-09-24,9005.4,327.895
2020-09-25,8583.48,342.924
2020-09-26,6279.39,350.661
2020-09-27,6661.43,354.384
2020-09-28,7893.56,357.35
2020-09-29,11576.84,354.961
2020-09-30,9058.36,354.571
2020-10-01,7160.1,363.959
2020-10-02,7865.65,342.018
2020-10-03,5456.22,346.228
2020-10-04,5889.32,348.355
2020-10-05,6467.92,351.193
2020-10-06,6918.28,350.855
2020-10-07,7633.7,341.327
2020-10-08,5842.18,336.618
2020-10-09,6136.44,350.545
2020-10-10,4795.66,374.994
2020-10-11,3797.18,372.24
2020-10-12,4682.69,374.134
2020-10-13,6010.38,382.99
2020-10-14,5487.54,382.471
2020-10-15,6413.94,378.974
2020-10-16,5013.31,369.814
2020-10-17,3067.24,368.038
2020-10-18,2822.89,374.022
2020-10-19,3714.39,375.153
2020-10-20,3972.24,375.78
2020-10-21,5221.87,379.146
2020-10-22,5666.24,395.107
2020-10-23,4217.36,412.905
2020-10-24,3201.54,410.813
2020-10-25,2350.27,409.996
2020-10-26,3769.45,405.177
2020-10-27,3364.18,394.808
2020-10-28,4676.64,397.55
2020-10-29,4951.47,388.139
2020-10-30,5011.27,378.727
2020-10-31,2895.05,384.938
2020-11-01,2680.2,389.574
2020-11-02,4101.43,399.805
2020-11-03,3640.62,375.562
2020-11-04,2608.05,378.407
2020-11-05,3614.78,403.61
2020-11-06,4702.03,435.998
2020-11-07,4031.6,457.34
2020-11-08,2636.64,437.229
2020-11-09,3081.88,445.673
2020-11-10,3382.48,449.865
2020-11-11,3649.84,463.022
2020-11-12,4446.73,465.138
2020-11-13,3896.97,461.282
2020-11-14,3024.85,467.639
2020-11-15,2610.33,461.149
2020-11-16,3067.86,455.151
2020-11-17,5053.67,466.196
2020-11-18,7048.8,476.354
2020-11-19,4203.36,472.582
2020-11-20,4697.54,490.843
2020-11-21,4597.41,510.629
2020-11-22,5384.73,542.855
2020-11-23,5521.46,581.396
2020-11-24,7520.36,605.713
2020-11-25,4767.86,593.233
2020-11-26,10671.57,516.841
2020-11-27,4101.44,518.394
2020-11-28,2456.47,514.494
2020-11-29,2045.44,542.005
2020-11-30,4671.46,585.931
2020-12-01,7385.02,611.457
2020-12-02,3310.05,598.515
2020-12-03,3242.47,598.914
2020-12-04,4062.79,605.208
2020-12-05,2966.51,585.401
2020-12-06,2408.45,600.54
2020-12-07,3260.66,601.208
2020-12-08,4170.18,589.094
2020-12-09,5480.3,539.286
2020-12-10,4512.91,563.55
2020-12-11,4447.3,541.876
2020-12-12,3853.35,559.563
2020-12-13,2881.44,579.267
2020-12-14,4572.83,586.144
2020-12-15,6157.33,585.502
2020-12-16,6246.65,584.977
2020-12-17,8841.32,648.132
2020-12-18,8435.13,644.56
2020-12-19,4702.67,649.565
2020-12-20,3580.56,656.262
2020-12-21,5993.22,645.999
2020-12-22,5012.84,595.695
2020-12-23,7038.36,616.578
2020-12-24,9086.99,581.81
2020-12-25,6855.18,611.912
2020-12-26,4812.54,624.794
2020-12-27,6897.98,649.581
2020-12-28,9075.55,733.778
2020-12-29,7570.95,707.811
2020-12-30,8777.57,734.654
2020-12-31,8406.08,748.864
2021-01-01,5069.62,738.554
2021-01-02,6321.62,767.28605789
2021-01-03,10457.92,773.78175013
2021-01-04,22730.83,1045.586
2021-01-05,11029.58,1004.476
2021-01-06,9861.07,1109.529
2021-01-07,9546.01,1190.206
2021-01-08,12533.89,1204.996
2021-01-09,7873.55,1194.602
2021-01-10,6650.14,1347.931
2021-01-11,14898.24,1070.844
2021-01-12,12405.83,1141.299
2021-01-13,5735.85,1072.729
2021-01-14,5978.27,1148.518
2021-01-15,6510.02,1233.948
2021-01-16,6945.88,1182.671
2021-01-17,5700.99,1184.177
2021-01-18,5659.95,1218.045
2021-01-19,7054.5,1375.472
2021-01-20,7317.92,1373.569
2021-01-21,7782.09,1307.813
2021-01-22,11487.16,1133.53
2021-01-23,6954.9,1260.578
2021-01-24,5907.2,1312.597
2021-01-25,8650.78,1423.177
2021-01-26,7024.21,1320.525
2021-01-27,7287.27,1302.016
2021-01-28,7570.42,1285.27
2021-01-29,10283.41,1319.051
2021-01-30,8153.8,1349.892
2021-01-31,10006.94,1346.449
2021-02-01,11640.41,1320.069
2021-02-02,13063.09,1419.065
2021-02-03,13347.8,1548.021
2021-02-04,17174.45,1665.8
2021-02-05,19922.69,1660.576
2021-02-06,16841.09,1681.12
2021-02-07,11355.42,1635.058
2021-02-08,14822.62,1641.181
2021-02-09,18270.25,1753.792
2021-02-10,18757.73,1815.127
2021-02-11,12857.33,1739.973
2021-02-12,13975.84,1770.62
2021-02-13,15568.93,1810.867
2021-02-14,12875.5,1838.09
2021-02-15,13542.01,1753.012
2021-02-16,13710.68,1798.692
2021-02-17,12075.97,1806.601
2021-02-18,15661.67,1898.429
2021-02-19,14434.62,1918.801
2021-02-20,15593.16,1999.934
2021-02-21,12833.93,1914.252
2021-02-22,17607.28,1888.087
2021-02-23,34337.81,1591.943
2021-02-24,17126.37,1645.739
2021-02-25,14157.29,1636.277
2021-02-26,13285.97,1416.608
2021-02-27,10224.8,1491.979
2021-02-28,9399.81,1348.697
2021-03-01,8911.96,1440.6
2021-03-02,10012.64,1539.224
2021-03-03,9582.47,1567.16
2021-03-04,10156.84,1560.518
2021-03-05,10267.35,1480.0
2021-03-06,8411.59,1585.191
2021-03-07,9486.98,1682.79
2021-03-08,11096.19,1690.425
2021-03-09,11458.66,1813.659
2021-03-10,10004.83,1812.074
2021-03-11,10265.56,1770.391
2021-03-12,12896.07,1792.458
2021-03-13,13539.46,1788.715
2021-03-14,12017.75,1887.732
2021-03-15,14255.59,1799.154
2021-03-16,14747.95,1800.663
2021-03-17,15108.98,1784.397
2021-03-18,15405.82,1814.534
2021-03-19,13154.49,1793.18
2021-03-20,11700.37,1823.564
2021-03-21,10309.72,1779.703
2021-03-22,12900.91,1789.836
2021-03-23,14651.92,1679.069
2021-03-24,13029.58,1695.929
2021-03-25,15932.71,1576.537
2021-03-26,11777.05,1636.389
2021-03-27,10381.39,1692.118
2021-03-28,9315.81,1718.128
2021-03-29,10854.41,1704.818
2021-03-30,13309.87,1817.695
2021-03-31,14245.13,1814.751
2021-04-01,17896.61,1926.697
2021-04-02,14441.33,1996.558
2021-04-03,12529.52,2111.577
2021-04-04,10597.78,2033.063
2021-04-05,9689.61,2030.72
2021-04-06,12595.08,2095.259
2021-04-07,12440.19,2078.969
2021-04-08,10675.47,2023.208
2021-04-09,9415.48,2076.849
2021-04-10,8582.9,2158.767
2021-04-11,7024.18,2129.453
2021-04-12,7463.71,2182.728
2021-04-13,8932.6,2166.35
2021-04-14,10918.87,2374.619
2021-04-15,9175.2,2474.784
2021-04-16,11388.76,2425.607
2021-04-17,13495.14,2465.05
2021-04-18,14313.58,2214.949
2021-04-19,12190.7,2274.54
2021-04-20,21111.3,2096.829
2021-04-21,16550.9,2290.984
2021-04-22,14265.4,2482.854
2021-04-23,12884.01,2133.555
2021-04-24,7414.33,2277.834
2021-04-25,5122.98,2194.006
2021-04-26,5663.34,2456.575
2021-04-27,5669.03,2544.483
2021-04-28,6609.29,2612.258
2021-04-29,7304.17,2731.784
2021-04-30,5567.43,2776.607
2021-05-01,5394.16,2853.384
2021-05-02,3764.61,2896.554
2021-05-03,4454.51,3143.779
2021-05-04,7212.87,3326.884
2021-05-05,5649.39,3340.197
2021-05-06,6028.26,3442.802
2021-05-07,6349.95,3440.036
2021-05-08,8827.77,3539.629
2021-05-09,15618.41,3949.514
2021-05-10,15993.41,4114.827
2021-05-11,28580.66,3968.521
2021-05-12,25603.34,4311.684
2021-05-13,22620.29,3968.691
2021-05-14,12333.7,3888.501
2021-05-15,10642.52,3916.265
2021-05-16,6656.22,3854.966
2021-05-17,9313.23,3525.279
2021-05-18,8352.77,3505.803
2021-05-19,26537.93,2989.084
2021-05-20,16770.34,2713.535
2021-05-21,8492.83,2691.51
2021-05-22,9574.75,2245.141
2021-05-23,8859.66,2154.164
2021-05-24,9994.52,2293.335
2021-05-25,5799.15,2656.371
2021-05-26,4494.7,2887.582
2021-05-27,4169.78,2735.811
2021-05-28,3669.85,2567.561
2021-05-29,3211.67,2491.822
2021-05-30,2938.0,2457.191
2021-05-31,2828.15,2446.77
2021-06-01,2767.15,2652.619
2021-06-02,3010.95,2689.245
2021-06-03,3021.03,2815.143
2021-06-04,2984.82,2618.303
2021-06-05,2077.9,2781.692
2021-06-06,1555.21,2691.031
2021-06-07,1714.65,2765.091
2021-06-08,2727.99,2504.845
2021-06-09,2528.32,2511.897
2021-06-10,2186.5,2549.427
2021-06-11,2082.17,2447.836
2021-06-12,2302.73,2324.431
2021-06-13,1343.06,2324.39
2021-06-14,1735.83,2497.655
2021-06-15,2063.62,2621.46
2021-06-16,1945.06,2529.594
2021-06-17,2102.29,2443.438
2021-06-18,2036.32,2342.092
2021-06-19,1817.79,2240.949
2021-06-20,1556.07,2199.985
2021-06-21,3440.72,2012.064
2021-06-22,6372.19,1938.913
2021-06-23,3179.85,2006.469
2021-06-24,1708.29,1920.13
2021-06-25,2198.66,1945.004
2021-06-26,2110.16,1751.054
2021-06-27,1176.71,1869.225
2021-06-28,3084.23,2048.917
2021-06-29,2320.71,2133.623
2021-06-30,2028.02,2159.196
2021-07-01,3281.17,2135.487
2021-07-02,1865.11,2063.882
2021-07-03,1532.22,2198.461
2021-07-04,1382.16,2336.429
2021-07-05,1374.75,2274.121
2021-07-06,3757.42,2339.325
2021-07-07,4329.37,2375.341
2021-07-08,3399.57,2172.922
2021-07-09,3184.11,2118.773
2021-07-10,1779.34,2123.156
2021-07-11,1407.09,2098.616
2021-07-12,1920.55,2146.921
2021-07-13,3020.15,2028.396
2021-07-14,3803.39,1899.752
2021-07-15,4200.46,1953.491
2021-07-16,4092.03,1904.963
2021-07-17,3258.56,1879.483
2021-07-18,2542.77,1957.833
2021-07-19,2457.45,1893.869
2021-07-20,3570.33,1765.66
2021-07-21,2129.78,1871.425
2021-07-22,2986.15,1992.152
2021-07-23,2761.79,2062.25
2021-07-24,3437.79,2135.875
2021-07-25,2214.28,2177.222
2021-07-26,3121.02,2329.702
2021-07-27,3420.06,2205.895
2021-07-28,6377.24,2297.331
2021-07-29,3644.61,2296.385
2021-07-30,3308.55,2399.557
2021-07-31,3040.7,2443.645
2021-08-01,5126.94,2587.389
2021-08-02,3762.69,2617.858
2021-08-03,4642.99,2490.874
2021-08-04,4723.49,2471.762
2021-08-05,5066.01,2680.316
2021-08-06,5897.1,2769.405
2021-08-07,5895.31,2960.576
2021-08-08,4947.75,3140.192
2021-08-09,5445.41,2946.105
2021-08-10,6668.56,3146.639
2021-08-11,8182.62,3231.465
2021-08-12,6290.5,3144.368
2021-08-13,6363.5,3227.004
2021-08-14,6835.8,3309.366
2021-08-15,5447.63,3157.756
2021-08-16,9319.39,3277.219
2021-08-17,5414.85,3167.207
2021-08-18,5210.12,3031.928
2021-08-19,4988.17,2981.949
2021-08-20,6364.6,3214.852
2021-08-21,4335.76,3295.274
2021-08-22,3901.73,3266.142
2021-08-23,5323.13,3327.004
2021-08-24,7974.15,3349.916
2021-08-25,9222.55,3185.137
2021-08-26,11029.7,3101.657
2021-08-27,9296.62,3128.655
2021-08-28,12727.37,3234.435
2021-08-29,10048.44,3210.049
2021-08-30,11914.57,3181.163
2021-08-31,15421.2,3352.854
2021-09-01,11922.84,3514.949
2021-09-02,14647.46,3738.052
2021-09-03,15560.79,3800.17
2021-09-04,12666.73,3918.382
2021-09-05,12145.38,3870.989
2021-09-06,11773.13,3945.368
2021-09-07,14503.83,3886.451
2021-09-08,21868.98,3271.004
2021-09-09,19063.47,3502.215
2021-09-10,10687.12,3402.989
2021-09-11,9123.01,3241.824
2021-09-12,5891.66,3323.531
2021-09-13,8691.2,3201.041
2021-09-14,6753.38,3310.29
2021-09-15,8930.18,3397.536
2021-09-16,7972.83,3635.19
2021-09-17,9453.51,3518.521
2021-09-18,6682.46,3500.923
2021-09-19,5627.49,3438.523
2021-09-20,9352.32,3116.236
2021-09-21,9011.01,3067.58
2021-09-22,9696.6,2945.822
2021-09-23,7506.4,3146.573
2021-09-24,9859.82,2927.843
2021-09-25,5874.53,2890.092
2021-09-26,7043.61,2777.896
2021-09-27,14716.76,3098.286
2021-09-28,10313.83,2895.497
2021-09-29,8277.72,2924.041
2021-09-30,9658.44,3000.182
2021-10-01,11725.8,3093.867
2021-10-02,7547.07,3283.993
2021-10-03,6319.88,3394.686
2021-10-04,7997.15,3366.027
2021-10-05,12771.03,3394.255
2021-10-06,15780.02,3455.964
2021-10-07,14479.58,3611.851
2021-10-08,13528.34,3602.427
2021-10-09,10710.74,3604.781
2021-10-10,8011.4,3582.362
2021-10-11,9871.62,3613.426
2021-10-12,10476.05,3483.067
2021-10-13,9641.09,3436.817
2021-10-14,10955.54,3631.106
2021-10-15,15098.22,3811.252
2021-10-16,13046.1,3847.484
2021-10-17,7703.53,3879.788
2021-10-18,12125.16,3838.741
2021-10-19,8464.33,3809.571
2021-10-20,8076.9,3855.165
2021-10-21,9365.82,4168.182
2021-10-22,9650.77,4136.177
2021-10-23,7734.94,4020.078
2021-10-24,6591.29,4094.972
2021-10-25,8770.59,4149.958
2021-10-26,11995.14,4199.489
2021-10-27,15413.92,4144.402
2021-10-28,19372.43,4015.071
2021-10-29,18484.11,4306.163
2021-10-30,16513.16,4350.46
2021-10-31,16110.92,4316.342
2021-11-01,14903.78,4300.714
2021-11-02,17538.73,4345.203
2021-11-03,17004.25,4611.42
2021-11-04,15335.97,4523.864
2021-11-05,13851.59,4532.89
2021-11-06,12998.34,4472.83
2021-11-07,9625.71,4546.21
2021-11-08,11603.88,4732.6
2021-11-09,17377.73,4789.0
2021-11-10,15315.09,4721.22
2021-11-11,16964.49,4696.32
2021-11-12,16222.42,4709.94
2021-11-13,14135.88,4640.24
2021-11-14,11540.82,4602.16
2021-11-15,13457.53,4684.52
2021-11-16,15607.58,4304.97
2021-11-17,13831.44,4184.84
2021-11-18,13742.57,4249.73
2021-11-19,13229.13,4061.1
2021-11-20,11239.89,4284.09
2021-11-21,9810.6,4353.27
2021-11-22,14022.75,4191.45
2021-11-23,14669.61,4109.41
2021-11-24,12337.09,4272.25
2021-11-25,13542.3,4294.4
2021-11-26,11799.27,4334.06
2021-11-27,12063.86,4122.73
2021-11-28,9969.78,4072.2
2021-11-29,12500.02,4350.69
2021-11-30,12784.52,4413.74
2021-12-01,15918.23,4771.38
2021-12-02,12847.54,4561.56
2021-12-03,10211.72,4565.84
2021-12-04,15068.28,3880.21
2021-12-05,9831.31,4193.1
2021-12-06,10464.06,4068.4
2021-12-07,10636.62,4354.85
2021-12-08,7948.74,4361.41
2021-12-09,8620.77,4388.07
2021-12-10,8926.07,4039.98
2021-12-11,7931.89,3982.23
2021-12-12,7048.04,4058.7
2021-12-13,7821.34,3989.59
2021-12-14,8837.92,3781.44
2021-12-15,8249.8,3867.95
2021-12-16,9237.81,4015.74
2021-12-17,10030.34,3875.78
2021-12-18,9984.91,3894.19
2021-12-19,5896.63,3981.75
2021-12-20,6343.78,3839.22
2021-12-21,7538.33,4004.77
2021-12-22,7256.9,4052.47
2021-12-23,8479.98,3913.8
2021-12-24,8280.91,4089.85
2021-12-25,7720.89,4056.01
2021-12-26,5964.33,4038.45
2021-12-27,6525.22,4054.1
2021-12-28,9314.49,3917.7
2021-12-29,13025.57,3796.24
2021-12-30,11477.93,3713.71
2021-12-31,10060.71,3708.4
2022-01-01,8253.04,3716.05
2022-01-02,8796.59,3741.39
2022-01-03,10682.47,3809.3
2022-01-04,11175.05,3757.37
2022-01-05,14340.18,3814.9
2022-01-06,15794.03,3452.75
2022-01-07,13879.29,3192.11
2022-01-08,11911.33,3210.81
2022-01-09,14046.59,3132.37
2022-01-10,19363.12,3162.12
2022-01-11,19481.21,3132.91
2022-01-12,17903.2,3215.89
2022-01-13,19263.29,3341.18
2022-01-14,18856.37,3266.76
2022-01-15,14323.99,3309.53
2022-01-16,12172.13,3334.89
2022-01-17,14825.37,3274.22
2022-01-18,12634.78,3187.22
2022-01-19,11667.67,3058.17
2022-01-20,12685.03,3138.8
2022-01-21,17920.48,2882.18
2022-01-22,19308.66,2467.9
2022-01-23,12842.96,2490.17
2022-01-24,13288.04,2383.39
2022-01-25,13154.65,2382.98
2022-01-26,13771.13,2462.07
2022-01-27,14417.14,2406.88
2022-01-28,15516.12,2398.2
2022-01-29,12977.97,2563.33
2022-01-30,10848.8,2621.52
2022-01-31,12184.87,2522.08
2022-02-01,13830.69,2738.06
2022-02-02,14920.14,2750.5
2022-02-03,13342.9,2673.97
2022-02-04,11943.51,2805.7
2022-02-05,15350.84,3002.48
2022-02-06,7049.09,3014.03
2022-02-07,9523.26,3082.99
2022-02-08,10907.49,3176.41
2022-02-09,8401.22,3107.58
2022-02-10,9310.76,3194.07
2022-02-11,10566.21,3104.3
2022-02-12,7582.08,2923.46
2022-02-13,5757.08,2924.98
2022-02-14,5851.44,2883.37
2022-02-15,6808.87,3050.73
2022-02-16,8811.88,3150.14
2022-02-17,7763.27,3112.19
2022-02-18,9018.69,2904.77
2022-02-19,7570.32,2813.81
2022-02-20,8528.35,2655.15
2022-02-21,7100.66,2750.29
2022-02-22,8924.39,2523.0
2022-02-23,8383.03,2695.04
2022-02-24,12126.11,2375.04
2022-02-25,5592.14,2611.31
2022-02-26,6966.35,2790.25
2022-02-27,4209.89,2738.38
2022-02-28,5260.81,2635.08
2022-03-01,8278.93,2920.99
2022-03-02,5328.4,2975.4
2022-03-03,5546.67,2904.07
2022-03-04,4675.61,2732.21
2022-03-05,4543.04,2637.19
2022-03-06,3415.86,2644.37
2022-03-07,5552.92,2521.49
2022-03-08,4975.97,2533.93
2022-03-09,4390.37,2747.15
2022-03-10,3755.93,2595.5
2022-03-11,3031.16,2610.79
2022-03-12,2989.82,2588.38
2022-03-13,2663.16,2581.99
2022-03-14,3724.67,2588.63
2022-03-15,3685.84,2529.81
2022-03-16,4347.43,2647.35
2022-03-17,6914.84,2756.65
2022-03-18,7062.4,2794.49
2022-03-19,4019.88,2923.64
2022-03-20,2763.97,2926.72
2022-03-21,3145.92,2891.63
2022-03-22,4142.37,2994.99
2022-03-23,4036.1,2950.41
2022-03-24,4630.82,3040.07
2022-03-25,5064.86,3132.6
2022-03-26,4440.36,3139.52
2022-03-27,4459.38,3157.34
2022-03-28,5522.16,3321.64
2022-03-29,9626.78,3390.59
2022-03-30,4866.76,3410.13
2022-03-31,5997.6,3405.03
2022-04-01,5972.01,3281.05
2022-04-02,7191.05,3485.63
2022-04-03,5923.18,3490.04
2022-04-04,5822.16,3504.6
2022-04-05,6965.87,3527.94
2022-04-06,13256.88,3344.73
2022-04-07,7007.27,3226.3
2022-04-08,6095.39,3283.02
2022-04-09,4517.5,3210.1
2022-04-10,3804.81,3244.63
2022-04-11,4539.14,3181.24
2022-04-12,5240.77,3025.61
2022-04-13,4886.15,3051.4
2022-04-14,4943.29,3114.42
2022-04-15,4581.93,3034.48
2022-04-16,3751.1,3035.2
2022-04-17,3462.07,3038.06
2022-04-18,3402.29,2891.19
2022-04-19,4324.73,3039.95
2022-04-20,5099.34,3090.45
2022-04-21,7882.81,3104.03
2022-04-22,5918.64,3020.18
2022-04-23,4672.78,2958.99
2022-04-24,3018.16,2949.57
2022-04-25,4513.56,2814.04
2022-04-26,5486.21,3004.25
2022-04-27,4924.91,2882.83
2022-04-28,6104.77,2905.0
2022-04-29,5111.52,2926.96
2022-04-30,4996.76,2829.58
2022-05-01,81590.97,2767.0
2022-05-02,6085.6,2844.01
2022-05-03,7283.1,2842.6
2022-05-04,5085.17,2829.31
2022-05-05,6089.8,2934.63
2022-05-06,6464.97,2729.22
2022-05-07,3527.98,2672.64
2022-05-08,3014.85,2557.44
2022-05-09,3434.1,2448.28
2022-05-10,8016.7,2380.92
2022-05-11,10391.98,2308.29
2022-05-12,23161.18,1888.58
2022-05-13,9784.82,2046.37
2022-05-14,4782.7,2028.99
2022-05-15,2821.34,2034.07
2022-05-16,2720.56,2010.03
2022-05-17,3525.22,2068.23
2022-05-18,2856.46,2036.03
2022-05-19,3097.8,1950.75
2022-05-20,2788.21,2025.02
2022-05-21,2849.06,1977.47
2022-05-22,2200.61,1973.09
2022-05-23,2607.5,2065.5
2022-05-24,2825.93,1982.92
2022-05-25,2989.78,1975.38
2022-05-26,4810.22,1924.75
2022-05-27,4580.46,1763.84
2022-05-28,3094.78,1764.13
2022-05-29,1811.72,1781.05
2022-05-30,3295.11,1906.64
2022-05-31,4289.97,1969.76
2022-06-01,5135.41,1929.06
2022-06-02,6160.74,1824.24
2022-06-03,6236.84,1813.21
2022-06-04,5240.47,1767.34
2022-06-05,5217.31,1785.83
2022-06-06,5655.4,1890.26
2022-06-07,4521.59,1763.02
2022-06-08,7080.16,1806.19
2022-06-09,5933.6,1809.52
2022-06-10,6517.29,1787.66
2022-06-11,4474.44,1666.06
2022-06-12,3604.39,1470.1
2022-06-13,7993.51,1280.69
2022-06-14,6265.25,1242.08
2022-06-15,5348.34,1092.36
2022-06-16,5246.98,1164.75
2022-06-17,3871.4,1097.65
2022-06-18,3896.06,1002.75
2022-06-19,4472.25,954.72
2022-06-20,2948.92,1077.6
2022-06-21,3039.25,1147.04
2022-06-22,3486.07,1073.27
2022-06-23,3447.46,1091.8
2022-06-24,4730.1,1149.74
2022-06-25,3046.47,1233.46
2022-06-26,3165.01,1237.24
2022-06-27,3556.72,1225.34
2022-06-28,4408.52,1206.8
2022-06-29,4125.07,1128.96
2022-06-30,5456.25,1056.58
2022-07-01,4043.41,1065.57
2022-07-02,2794.27,1041.56
2022-07-03,1767.76,1062.48
2022-07-04,2583.3,1049.89
2022-07-05,2967.22,1157.88
2022-07-06,3317.35,1137.3
2022-07-07,3291.82,1175.69
2022-07-08,4080.4,1240.1
2022-07-09,2137.57,1224.18
2022-07-10,2952.28,1189.17
2022-07-11,2440.77,1142.53
2022-07-12,3222.43,1068.17
2022-07-13,3313.26,1069.19
2022-07-14,2995.91,1096.24
2022-07-15,4191.05,1212.23
2022-07-16,2630.02,1197.15
2022-07-17,2581.94,1363.03
2022-07-18,3387.49,1469.55
2022-07-19,3733.15,1511.82
2022-07-20,3019.84,1533.22
2022-07-21,3033.43,1487.88
2022-07-22,2037.29,1597.2
2022-07-23,1529.0,1578.33
2022-07-24,1558.94,1605.08
2022-07-25,1511.75,1524.14
2022-07-26,3038.81,1409.78
2022-07-27,1869.41,1465.02
2022-07-28,2809.15,1615.2
2022-07-29,2475.99,1715.87
2022-07-30,1458.49,1715.77
2022-07-31,1084.42,1698.7
2022-08-01,1423.46,1694.11
2022-08-02,2468.66,1593.23
2022-08-03,1545.49,1628.53
2022-08-04,1763.4,1625.88
2022-08-05,1548.81,1663.91
2022-08-06,1394.88,1719.49
2022-08-07,1066.56,1685.6
2022-08-08,1545.92,1734.4
2022-08-09,2264.02,1781.92
2022-08-10,2419.48,1685.7
2022-08-11,3339.76,1878.89
2022-08-12,2148.36,1888.65
2022-08-13,1666.19,1996.83
2022-08-14,1090.13,2016.68
2022-08-15,1869.62,1900.65
2022-08-16,2017.63,1884.24
2022-08-17,1387.5,1891.93
2022-08-18,1458.2,1845.05
2022-08-19,1982.28,1745.62
2022-08-20,1447.5,1646.82
2022-08-21,1247.05,1585.02
2022-08-22,1278.88,1554.51
2022-08-23,1764.48,1599.46
2022-08-24,1457.45,1626.47
2022-08-25,1562.44,1708.08
2022-08-26,1819.95,1660.57
2022-08-27,1382.37,1508.31
2022-08-28,916.29,1495.79
2022-08-29,1596.95,1454.0
2022-08-30,2104.53,1587.18
2022-08-31,2440.84,1585.92
2022-09-01,2316.05,1543.51
2022-09-02,1829.55,1594.53
2022-09-03,1301.04,1544.81
2022-09-04,937.38,1546.18
2022-09-05,1184.4,1562.51
2022-09-06,1475.69,1658.11
2022-09-07,2250.3,1518.67
2022-09-08,2240.34,1612.17
2022-09-09,2576.24,1705.11
2022-09-10,1844.86,1710.88
2022-09-11,1142.38,1761.57
2022-09-12,1688.15,1760.0
2022-09-13,2160.38,1715.92
2022-09-14,1682.59,1609.03
2022-09-15,2261.1,1636.18
2022-09-16,1541.37,1471.45
2022-09-17,1216.88,1432.07
2022-09-18,865.43,1454.02
2022-09-19,1438.44,1301.45
2022-09-20,1498.88,1357.79
2022-09-21,1549.65,1331.72
2022-09-22,1973.11,1278.94
2022-09-23,1419.29,1331.23
2022-09-24,1076.96,1322.69
2022-09-25,943.03,1333.21
2022-09-26,1377.59,1295.08
2022-09-27,2235.47,1382.67
2022-09-28,2025.47,1285.68
2022-09-29,1983.17,1322.22
2022-09-30,2093.78,1340.39
2022-10-01,1544.74,1329.54
2022-10-02,966.73,1311.14
2022-10-03,1390.23,1292.16
2022-10-04,1873.09,1350.02
2022-10-05,1946.82,1352.8
2022-10-06,1969.8,1368.76
2022-10-07,1499.97,1356.29
2022-10-08,1324.16,1330.8
2022-10-09,3642.14,1315.3
2022-10-10,3984.57,1316.95
2022-10-11,3527.63,1283.59
2022-10-12,2651.35,1294.67
2022-10-13,2609.96,1277.79
2022-10-14,2450.23,1321.96
2022-10-15,2149.82,1294.68
2022-10-16,1909.82,1283.5
2022-10-17,2047.13,1312.76
2022-10-18,3138.13,1337.19
2022-10-19,3064.02,1300.37
2022-10-20,3851.45,1292.49
2022-10-21,3596.81,1284.86
2022-10-22,3222.02,1300.21
2022-10-23,1928.15,1309.65
2022-10-24,2148.17,1337.26
2022-10-25,2288.3,1347.57
2022-10-26,2803.84,1518.11
2022-10-27,2135.72,1556.04
2022-10-28,2010.54,1493.14
2022-10-29,2035.06,1590.47
2022-10-30,1540.0,1629.63
2022-10-31,1738.7,1591.49
2022-11-01,2366.56,1590.47
2022-11-02,1755.93,1564.53
2022-11-03,2652.28,1544.26
2022-11-04,3231.56,1587.04
2022-11-05,1941.37,1651.71
2022-11-06,1457.52,1622.74
2022-11-07,1995.88,1549.47
2022-11-08,2561.95,1495.72
2022-11-09,6883.85,1274.56
2022-11-10,7486.68,1188.73
2022-11-11,3486.44,1275.54
2022-11-12,2581.48,1262.68
2022-11-13,1712.57,1248.52
2022-11-14,2464.45,1256.62
2022-11-15,2608.18,1265.93
2022-11-16,2108.19,1245.01
2022-11-17,2176.44,1202.34
2022-11-18,2164.4,1213.21
2022-11-19,1668.81,1206.01
2022-11-20,1613.71,1218.85
2022-11-21,1591.68,1122.27
2022-11-22,1965.2,1091.93
2022-11-23,1923.96,1165.18
2022-11-24,1674.27,1211.34
2022-11-25,1510.46,1184.56
2022-11-26,1371.55,1218.72
2022-11-27,1309.39,1216.97
2022-11-28,1661.53,1173.15
2022-11-29,1640.94,1205.2
2022-11-30,1596.52,1272.72
2022-12-01,1667.91,1280.79
2022-12-02,1709.74,1276.59
2022-12-03,1576.42,1276.77
2022-12-04,1469.74,1257.41
2022-12-05,1611.99,1297.68
2022-12-06,1885.08,1260.49
2022-12-07,1936.42,1224.55
2022-12-08,2214.21,1233.03
2022-12-09,2291.81,1282.18
2022-12-10,3320.84,1265.05
2022-12-11,1960.13,1276.58
2022-12-12,1931.7,1246.88
2022-12-13,2254.51,1266.63
2022-12-14,2062.46,1322.75
2022-12-15,2100.16,1287.66
2022-12-16,2390.52,1278.24
2022-12-17,2206.92,1183.49
2022-12-18,1773.69,1183.49
2022-12-19,1655.62,1180.14
2022-12-20,1998.05,1208.36
2022-12-21,2020.67,1211.24
2022-12-22,1862.16,1213.52
2022-12-23,1762.44,1221.97
2022-12-24,1639.9,1220.47
2022-12-25,1386.36,1219.91
2022-12-26,1416.13,1220.88
2022-12-27,1723.64,1222.13
2022-12-28,1939.81,1194.21
2022-12-29,2143.6,1194.29
2022-12-30,2007.43,1188.28
2022-12-31,2224.9,1196.47
2023-01-01,1786.81,1194.65
2023-01-02,1875.63,1213.19
2023-01-03,2268.92,1216.78
2023-01-04,2416.53,1252.47
2023-01-05,3237.44,1250.42
2023-01-06,2420.7,1247.37
2023-01-07,2355.75,1266.17
2023-01-08,1929.98,1263.74
2023-01-09,2494.02,1312.29
2023-01-10,2812.59,1323.34
2023-01-11,2616.03,1335.54
2023-01-12,2852.48,1398.46
2023-01-13,2709.78,1408.1
2023-01-14,3600.48,1553.57
2023-01-15,2228.1,1528.96
2023-01-16,2518.03,1566.13
2023-01-17,3001.4,1563.45
2023-01-18,2830.55,1582.54
2023-01-19,3158.39,1528.43
2023-01-20,2469.74,1550.61
2023-01-21,2691.73,1651.79
2023-01-22,2009.34,1627.4
2023-01-23,1999.93,1633.81
2023-01-24,2944.24,1635.49
2023-01-25,2508.71,1554.23
2023-01-26,2695.57,1605.41
2023-01-27,2816.58,1585.88
2023-01-28,2423.37,1592.56
2023-01-29,2231.29,1592.96
2023-01-30,2257.46,1627.26
2023-01-31,2539.41,1580.1
2023-02-01,2950.41,1575.84
2023-02-02,3646.01,1664.47
2023-02-03,3749.91,1637.54
2023-02-04,3148.6,1657.95
2023-02-05,2585.16,1668.37
2023-02-06,2508.77,1635.18
2023-02-07,3578.37,1632.14
2023-02-08,4283.55,1677.53
2023-02-09,3891.47,1630.5
2023-02-10,4024.96,1552.04
2023-02-11,2553.98,1521.21
2023-02-12,2155.7,1531.9
2023-02-13,2690.86,1524.24
2023-02-14,2883.01,1506.38
2023-02-15,7209.56,1548.02
2023-02-16,4861.8,1680.21
2023-02-17,4129.75,1653.81
2023-02-18,4352.37,1691.54
2023-02-19,2913.54,1693.62
2023-02-20,3500.52,1696.54
2023-02-21,3940.4,1704.82
2023-02-22,4103.9,1643.68
2023-02-23,4420.37,1667.28
2023-02-24,4054.64,1652.78
2023-02-25,2998.88,1603.15
2023-02-26,2385.22,1599.84
2023-02-27,2647.08,1637.14
2023-02-28,2965.71,1619.71
2023-03-01,3430.2,1651.13
2023-03-02,3775.76,1644.28
2023-03-03,3641.8,1568.9
2023-03-04,3223.44,1569.23
2023-03-05,2772.82,1568.65
2023-03-06,3686.31,1562.08
2023-03-07,4050.61,1569.63
2023-03-08,3630.52,1551.1
2023-03-09,4177.01,1536.53
2023-03-10,4287.28,1411.67
2023-03-11,11341.35,1437.0
2023-03-12,3296.27,1468.0
2023-03-13,4472.47,1614.03
2023-03-14,3603.86,1677.22
2023-03-15,3690.17,1712.46
2023-03-16,3433.28,1659.77
2023-03-17,2902.19,1721.53
2023-03-18,2750.38,1818.15
2023-03-19,1990.51,1778.41
2023-03-20,2660.26,1796.75
2023-03-21,2637.65,1736.03
2023-03-22,2314.54,1796.43
2023-03-23,2679.9,1754.59
2023-03-24,3052.3,1818.02
2023-03-25,2418.44,1750.43
2023-03-26,2104.98,1754.35
2023-03-27,2939.73,1753.61
2023-03-28,3684.6,1724.96
2023-03-29,3513.83,1804.85
2023-03-30,4016.87,1807.26
2023-03-31,3472.6,1795.4
2023-04-01,2949.87,1824.44
2023-04-02,2474.96,1821.32
2023-04-03,2665.63,1793.79
2023-04-04,3670.21,1812.92
2023-04-05,4306.96,1910.8
2023-04-06,3619.05,1880.16
2023-04-07,3070.41,1849.98
2023-04-08,2607.93,1873.23
2023-04-09,2583.62,1836.9
2023-04-10,2665.58,1860.31
2023-04-11,2984.68,1923.29
2023-04-12,3358.91,1871.45
2023-04-13,3168.46,1924.28
2023-04-14,3754.39,2106.72
2023-04-15,3091.9,2099.95
2023-04-16,2845.01,2099.33
2023-04-17,3889.88,2091.5
2023-04-18,4916.7,2100.6
2023-04-19,8368.6,2074.06
2023-04-20,8761.83,1948.99
2023-04-21,6001.0,1927.95
2023-04-22,4361.37,1850.25
2023-04-23,5093.09,1875.63
2023-04-24,5197.3,1844.84
2023-04-25,5087.69,1815.78
2023-04-26,4723.78,1862.44
2023-04-27,4892.82,1886.02
2023-04-28,4492.97,1919.33
2023-04-29,4518.84,1903.77
2023-04-30,4623.25,1904.27
2023-05-01,7271.3,1849.8
2023-05-02,9362.63,1835.32
2023-05-03,9937.32,1865.93
2023-05-04,8905.31,1899.14
2023-05-05,13212.89,1895.82
2023-05-06,17268.92,1960.87
2023-05-07,14326.45,1908.51
2023-05-08,13965.25,1853.68
2023-05-09,11274.08,1850.54
2023-05-10,10867.14,1839.47
2023-05-11,12999.8,1829.71
2023-05-12,10310.33,1760.2
2023-05-13,6159.38,1804.17
2023-05-14,5015.34,1806.28
2023-05-15,5699.64,1829.31
2023-05-16,7841.11,1822.45
2023-05-17,6470.39,1808.31
2023-05-18,6531.65,1827.49
2023-05-19,6555.22,1806.58
2023-05-20,4571.52,1811.92
2023-05-21,4008.62,1817.66
2023-05-22,4899.03,1811.52
2023-05-23,6687.37,1853.49
2023-05-24,6084.33,1815.18
2023-05-25,5143.75,1778.63
2023-05-26,4359.06,1817.08
2023-05-27,3868.58,1830.16
2023-05-28,3391.75,1848.42
2023-05-29,4728.92,1900.53
2023-05-30,5312.52,1899.95
2023-05-31,4948.1,1870.28
2023-06-01,5070.7,1854.78
2023-06-02,4482.22,1886.28
2023-06-03,3570.06,1903.28
2023-06-04,2834.58,1900.66
2023-06-05,3483.01,1873.66
2023-06-06,4063.81,1814.06
2023-06-07,3373.43,1876.16
2023-06-08,3018.78,1842.37
2023-06-09,3060.67,1838.629252199229
2023-06-10,3278.12,1733.5
2023-06-11,2244.41,1754.11
2023-06-12,2276.54,1736.86
2023-06-13,2212.4,1748.7
2023-06-14,2331.73,1741.52
2023-06-15,2962.4,1636.12
2023-06-16,2625.35,1669.75
2023-06-17,2508.31,1743.92
2023-06-18,2267.09,1729.92
2023-06-19,2222.26,1724.75
2023-06-20,2419.7,1730.06
2023-06-21,2559.18,1813.09
2023-06-22,2764.92,1910.83
2023-06-23,2458.01,1881.63
2023-06-24,2255.85,1883.61
2023-06-25,1797.41,1912.55
2023-06-26,1811.08,1892.55
2023-06-27,2073.86,1875.06
2023-06-28,2911.89,1851.42
2023-06-29,3187.95,1847.69
2023-06-30,4528.32,1889.11
2023-07-01,2998.48,1920.19
2023-07-02,2081.9,1915.7
2023-07-03,2496.44,1968.01
2023-07-04,2411.55,1950.78
2023-07-05,5879.77,1936.69
2023-07-06,5561.7,1925.54
2023-07-07,3789.19,1855.22
2023-07-08,3503.66,1862.29
2023-07-09,2360.48,1867.92
2023-07-10,2571.35,1856.2
2023-07-11,3057.09,1883.48
2023-07-12,2935.83,1891.56
2023-07-13,3532.79,1870.68
2023-07-14,4340.95,1992.88
2023-07-15,2368.14,1942.64
2023-07-16,2227.38,1927.22
2023-07-17,2653.6,1929.73
2023-07-18,3456.16,1899.68
2023-07-19,3547.51,1909.44
2023-07-20,3441.36,1912.7
2023-07-21,3594.65,1889.99
2023-07-22,3454.81,1892.58
2023-07-23,2350.51,1875.5
2023-07-24,3710.28,1875.14
2023-07-25,4120.38,1851.14
2023-07-26,3633.11,1853.74
2023-07-27,3789.83,1872.23
2023-07-28,4264.6,1859.57
2023-07-29,3981.47,1872.97
2023-07-30,2623.02,1876.07
2023-07-31,2999.9,1865.46
2023-08-01,3125.99,1834.77
2023-08-02,3049.68,1856.33
2023-08-03,3068.25,1831.77
2023-08-04,2851.86,1836.89
2023-08-05,2410.08,1829.15
2023-08-06,2112.49,1833.58
2023-08-07,2590.47,1834.15
2023-08-08,3026.89,1828.88
2023-08-09,3168.32,1861.31
2023-08-10,2839.45,1849.52
2023-08-11,2747.49,1847.5
2023-08-12,2198.62,1849.7
2023-08-13,1936.76,1848.99
2023-08-14,2240.25,1848.23
2023-08-15,3012.56,1841.72
2023-08-16,3661.64,1825.92
2023-08-17,3942.44,1798.3
2023-08-18,4767.36,1689.98
2023-08-19,2470.16,1660.71
2023-08-20,1928.47,1665.78
2023-08-21,2479.55,1671.21
2023-08-22,3717.09,1666.67
2023-08-23,3169.08,1644.74
2023-08-24,2995.9,1674.97
2023-08-25,3076.26,1651.04
2023-08-26,2192.63,1652.65
2023-08-27,1720.5,1648.05
2023-08-28,2489.03,1640.88
2023-08-29,4077.53,1647.51
2023-08-30,3630.4,1717.78
2023-08-31,2563.84,1706.3
2023-09-01,2743.26,1646.17
2023-09-02,1998.15,1631.7
2023-09-03,1596.99,1635.83
2023-09-04,1820.43,1638.75
2023-09-05,2006.32,1624.09
2023-09-06,2850.01,1628.85
2023-09-07,2218.54,1635.57
2023-09-08,2419.03,1646.42
2023-09-09,2189.37,1634.17
2023-09-10,1442.95,1624.86
2023-09-11,1734.98,1611.95
2023-09-12,2828.79,1579.95
2023-09-13,2553.32,1584.05
2023-09-14,2071.31,1621.83
2023-09-15,2427.8,1628.32
2023-09-16,1931.17,1637.28
2023-09-17,1321.81,1628.81
2023-09-18,1609.91,1634.38
2023-09-19,2099.43,1637.34
2023-09-20,1839.86,1635.09
2023-09-21,2616.59,1618.7
2023-09-22,1762.34,1595.92
2023-09-23,1201.7,1594.93
2023-09-24,1084.0,1592.57
2023-09-25,1431.12,1581.44
2023-09-26,1966.88,1588.99
2023-09-27,1817.87,1591.9
2023-09-28,1669.81,1617.89
2023-09-29,1563.11,1686.05
2023-09-30,1259.09,1672.57
2023-10-01,1140.95,1679.09
2023-10-02,1650.54,1730.67
2023-10-03,2094.42,1663.33
2023-10-04,1585.28,1644.95
2023-10-05,1311.86,1636.27
2023-10-06,1270.8,1630.97
2023-10-07,1083.21,1637.7
2023-10-08,912.14,1629.59
2023-10-09,1010.74,1621.57
2023-10-10,1190.72,1590.88
2023-10-11,1172.78,1557.53
2023-10-12,1173.41,1559.36
2023-10-13,1247.72,1549.19
2023-10-14,1094.99,1547.8
2023-10-15,864.86,1554.92
2023-10-16,1287.66,1579.72
2023-10-17,1460.05,1591.04
2023-10-18,1344.74,1572.43
2023-10-19,1425.91,1552.41
2023-10-20,1660.65,1584.77
2023-10-21,1554.02,1607.19
2023-10-22,1268.46,1631.35
2023-10-23,1766.81,1675.95
2023-10-24,3895.36,1808.96
2023-10-25,2741.81,1770.03
2023-10-26,3702.15,1847.2
2023-10-27,2659.95,1777.94
2023-10-28,2076.73,1787.98
2023-10-29,1905.46,1783.84
2023-10-30,2202.97,1787.97
2023-10-31,3398.66,1791.6
2023-11-01,2776.26,1804.99
2023-11-02,3868.23,1835.75
2023-11-03,3051.09,1798.09
2023-11-04,2411.85,1835.51
2023-11-05,2291.7,1886.72
2023-11-06,3240.84,1880.24
2023-11-07,3723.39,1893.42
2023-11-08,3415.34,1875.88
2023-11-09,5117.25,1913.1
2023-11-10,5742.42,2101.95
2023-11-11,4147.82,2056.16
2023-11-12,3596.14,2058.32
2023-11-13,4592.98,2049.63
2023-11-14,5548.96,2061.63
2023-11-15,4313.39,1983.98
2023-11-16,4408.39,2054.37
2023-11-17,3897.95,1969.73
2023-11-18,3237.62,1936.02
2023-11-19,2428.16,1962.62
2023-11-20,4352.56,2019.83
2023-11-21,4315.71,2004.01
2023-11-22,5051.16,1994.1
2023-11-23,4874.78,2065.78
2023-11-24,3421.62,2080.84
2023-11-25,3206.66,2089.96
2023-11-26,2797.38,2089.8
2023-11-27,3676.94,2045.83
2023-11-28,4432.07,2015.15
2023-11-29,5073.61,2057.61
2023-11-30,4857.26,2035.74
2023-12-01,5508.3,2094.18
2023-12-02,5008.44,2096.92
2023-12-03,3970.64,2164.27
2023-12-04,5142.23,2247.31
2023-12-05,6247.07,2199.09
2023-12-06,6867.24,2266.03
2023-12-07,5984.41,2262.23
2023-12-08,5906.2,2354.99
2023-12-09,4542.37,2384.18
2023-12-10,3419.78,2354.49
2023-12-11,4421.12,2237.33
2023-12-12,5019.34,2233.18
2023-12-13,5433.99,2172.35
2023-12-14,5841.16,2282.77
2023-12-15,6024.46,2271.57
2023-12-16,7099.88,2240.65
2023-12-17,5077.83,2207.27
2023-12-18,5409.73,2167.26
2023-12-19,7290.04,2247.72
2023-12-20,6260.14,2216.23
2023-12-21,5426.32,2215.74
2023-12-22,4441.11,2272.65
2023-12-23,3232.94,2285.62
2023-12-24,2777.97,2296.84
2023-12-25,2825.03,2281.44
2023-12-26,2264.51,2241.95
2023-12-27,3028.02,2230.23
2023-12-28,3996.95,2381.36
2023-12-29,3145.65,2335.06
2023-12-30,2313.86,2295.95
2023-12-31,2219.75,2295.7
2024-01-01,1568.95,2284.71
2024-01-02,2145.52,2387.79
2024-01-03,3640.25,2364.37
2024-01-04,3371.72,2224.24
2024-01-05,2563.71,2255.13
2024-01-06,2206.92,2234.83
2024-01-07,3037.69,2250.35
2024-01-08,3096.89,2225.43
2024-01-09,2597.01,2307.75
2024-01-10,3976.27,2371.01
2024-01-11,4679.94,2586.4
2024-01-12,2939.9,2596.22
2024-01-13,2708.79,2550.17
2024-01-14,3579.13,2549.99
2024-01-15,2719.73,2512.81
2024-01-16,3675.37,2524.65
2024-01-17,4325.19,2552.14
2024-01-18,4183.28,2536.25
2024-01-19,3980.16,2464.21
2024-01-20,2654.67,2478.87
2024-01-21,1807.9,2475.13
2024-01-22,2110.76,2420.33
2024-01-23,2231.71,2321.17
2024-01-24,1740.49,2233.28
2024-01-25,2571.51,2226.76
2024-01-26,2826.42,2196.88
2024-01-27,1881.73,2257.31
2024-01-28,1552.32,2282.64
2024-01-29,1636.02,2258.96
2024-01-30,2921.36,2309.06
2024-01-31,3445.02,2340.15
2024-02-01,3061.08,2270.56
2024-02-02,3462.87,2314.09
2024-02-03,2559.45,2314.22
2024-02-04,2092.83,2290.2
2024-02-05,1980.75,2308.1
2024-02-06,4037.5,2324.41
2024-02-07,3989.83,2360.66
2024-02-08,6197.78,2420.45
2024-02-09,8138.32,2453.44
2024-02-10,5713.35,2497.0
2024-02-11,3577.08,2528.43
2024-02-12,3455.53,2502.54
2024-02-13,5479.36,2649.97
2024-02-14,3487.49,2654.89
2024-02-15,3583.69,2774.1
2024-02-16,4159.65,2816.81
2024-02-17,2669.08,2795.75
2024-02-18,2591.19,2799.29
2024-02-19,3467.91,2926.97
2024-02-20,4478.38,2920.19
2024-02-21,4682.4,2939.51
2024-02-22,4888.46,2991.89
2024-02-23,5854.86,2931.73
2024-02-24,3645.55,2962.47
2024-02-25,3346.2,3030.01
2024-02-26,4042.66,3087.03
2024-02-27,5593.81,3217.65
2024-02-28,6084.53,3301.55
2024-02-29,8268.83,3467.51
2024-03-01,6800.32,3368.19
2024-03-02,6031.55,3434.21
2024-03-03,5486.28,3395.91
2024-03-04,7662.9,3480.85
2024-03-05,10184.15,3678.57
2024-03-06,10204.7,3787.61
2024-03-07,8514.82,3789.73
2024-03-08,7551.63,3913.76
2024-03-09,6483.23,3933.03
2024-03-10,6809.12,3951.81
2024-03-11,7375.45,4007.61
2024-03-12,7515.94,4027.0
2024-03-13,7071.57,4040.13
2024-03-14,6452.11,3965.98
2024-03-15,5701.55,3752.36
2024-03-16,4200.25,3739.29
2024-03-17,3647.08,3471.06
2024-03-18,4031.29,3625.68
2024-03-19,4754.0,3357.99
2024-03-20,4268.97,3218.62
2024-03-21,4107.89,3518.36
2024-03-22,3380.05,3511.31
2024-03-23,2519.4,3365.91
2024-03-24,2212.01,3340.29
2024-03-25,2629.68,3446.92
2024-03-26,3533.28,3636.98
2024-03-27,4075.21,3564.74
2024-03-28,4310.81,3573.63
2024-03-29,3705.11,3519.97
2024-03-30,2930.04,3495.29
2024-03-31,2713.23,3626.04
2024-04-01,2961.47,3548.24
2024-04-02,4137.06,3365.8
2024-04-03,4236.95,3306.98
2024-04-04,3605.16,3322.3
2024-04-05,3191.61,3287.07
2024-04-06,2073.36,3332.09
2024-04-07,1812.07,3387.36
2024-04-08,2356.33,3472.27
2024-04-09,3458.02,3638.4
2024-04-10,2665.74,3537.41
2024-04-11,2517.19,3585.25
2024-04-12,2360.08,3516.68
2024-04-13,3164.56,3256.35
2024-04-14,5250.91,3084.82
2024-04-15,1757.98,3248.39
2024-04-16,1797.32,3108.99
2024-04-17,2342.21,3082.62
2024-04-18,1836.5,2976.95
2024-04-19,1623.79,3085.46
2024-04-20,1108.73,3061.98
2024-04-21,1056.28,3181.8
2024-04-22,1354.4,3206.4
2024-04-23,1576.1,3162.14
2024-04-24,2377.75,3251.12
2024-04-25,1644.38,3136.54
2024-04-26,1348.25,3136.29
2024-04-27,917.71,3120.07
2024-04-28,951.2,3316.42
2024-04-29,1122.7,3186.45
2024-04-30,1802.21,3157.14
2024-05-01,1369.76,2861.35
2024-05-02,1204.29,2921.41
2024-05-03,1136.63,2969.25
2024-05-04,911.15,3098.06
2024-05-05,797.99,3108.45
2024-05-06,923.22,3184.2
2024-05-07,930.98,3079.2
2024-05-08,826.17,2995.1
2024-05-09,745.69,2982.25
2024-05-10,766.47,3043.28
2024-05-11,901.63,2920.92
2024-05-12,589.24,2905.21
2024-05-13,923.53,2952.01
2024-05-14,1276.67,2918.28
2024-05-15,1101.68,2915.77
2024-05-16,995.57,3017.14
2024-05-17,916.61,3025.2
2024-05-18,639.23,3101.77
2024-05-19,590.76,3115.71
2024-05-20,799.0,3093.73
2024-05-21,2676.33,3658.81
2024-05-22,1716.38,3748.04
2024-05-23,1708.78,3811.15
2024-05-24,1674.3,3678.25
2024-05-25,970.72,3745.93
2024-05-26,835.61,3785.03
2024-05-27,1582.97,3914.03
2024-05-28,2470.08,3844.34
2024-05-29,1864.74,3824.01
2024-05-30,1778.39,3716.3
2024-05-31,1902.95,3727.26
2024-06-01,1294.26,3769.43
2024-06-02,1271.16,3793.7
2024-06-03,1868.55,3815.19
2024-06-04,1441.73,3774.27
2024-06-05,1932.71,3809.93
2024-06-06,2729.31,3852.13
2024-06-07,2391.55,3814.52
2024-06-08,1653.92,3707.23
2024-06-09,1163.88,3685.73
2024-06-10,1221.93,3651.49
2024-06-11,2035.07,3533.38
2024-06-12,2170.68,3526.47
2024-06-13,2149.21,3506.3
2024-06-14,1453.73,3516.14
2024-06-15,1097.87,3529.04
2024-06-16,727.7,3559.24
2024-06-17,807.15,3551.09
2024-06-18,1601.28,3443.4
2024-06-19,1039.35,3543.21
2024-06-20,1560.9,3605.36
2024-06-21,1267.6,3473.15
2024-06-22,633.76,3492.29
2024-06-23,515.25,3510.16
2024-06-24,746.21,3367.95
2024-06-25,1006.63,3357.78
2024-06-26,883.02,3400.31
2024-06-27,1093.93,3372.77
2024-06-28,1118.14,3429.0
2024-06-29,508.95,3395.09
2024-06-30,466.62,3387.28
2024-07-01,788.09,3487.12
2024-07-02,862.38,3435.7
2024-07-03,1135.12,3350.25
2024-07-04,1284.79,3178.05
2024-07-05,1580.28,2879.24
2024-07-06,545.31,3005.45
2024-07-07,387.89,3004.98
2024-07-08,628.49,2927.75
2024-07-09,680.07,3061.35
2024-07-10,982.55,3097.83
2024-07-11,970.16,3120.06
2024-07-12,740.34,3071.47
2024-07-13,490.19,3140.06
2024-07-14,728.8,3197.98
2024-07-15,776.67,3358.09
2024-07-16,1528.82,3379.3
2024-07-17,1643.27,3489.52
2024-07-18,1523.31,3435.17
2024-07-19,1503.88,3391.34
2024-07-20,808.06,3491.14
2024-07-21,508.35,3486.65
2024-07-22,1303.59,3479.9
2024-07-23,928.37,3453.1
2024-07-24,829.98,3446.31
2024-07-25,837.76,3171.83
2024-07-26,649.69,3249.75
2024-07-27,448.64,3273.37
2024-07-28,840.07,3227.59
2024-07-29,479.65,3367.4
2024-07-30,965.46,3340.22
2024-07-31,1124.1,3316.77
2024-08-01,1252.48,3165.99
2024-08-02,1180.04,3146.32
2024-08-03,543.26,2982.6
2024-08-04,493.47,2891.85
2024-08-05,6676.85,2358.16
2024-08-06,1022.77,2526.79
2024-08-07,756.51,2511.03
2024-08-08,1091.81,2414.03
2024-08-09,914.21,2670.41
2024-08-10,520.24,2634.82
2024-08-11,368.97,2678.78
2024-08-12,850.82,2569.76
2024-08-13,673.23,2649.51
2024-08-14,666.37,2728.59
2024-08-15,797.28,2615.5
2024-08-16,660.63,2617.54
2024-08-17,338.49,2600.38
