Time,ETH number of daily active addresses,Price
2015-07-30,0,0.0
2015-07-31,0,0.0
2015-08-01,0,0.0
2015-08-02,0,0.0
2015-08-03,0,0.0
2015-08-04,0,0.0
2015-08-05,0,0.0
2015-08-06,0,0.0
2015-08-07,791,3.49087358
2015-08-08,933,2.64024425
2015-08-09,968,0.69646382
2015-08-10,780,0.66556972
2015-08-11,4684,0.70228821
2015-08-12,1061,1.19412768
2015-08-13,1105,1.44813585
2015-08-14,1813,1.95217466
2015-08-15,1404,1.73802364
2015-08-16,1348,1.46309757
2015-08-17,1181,1.31342125
2015-08-18,1308,1.29511821
2015-08-19,1368,1.26502979
2015-08-20,1268,1.31215394
2015-08-21,1364,1.4865005
2015-08-22,1595,1.42915428
2015-08-23,1563,1.40486002
2015-08-24,1482,1.34696114
2015-08-25,1531,1.18612492
2015-08-26,1633,1.19119453
2015-08-27,1594,1.15213394
2015-08-28,1609,1.18332875
2015-08-29,1477,1.18745327
2015-08-30,1455,1.17879224
2015-08-31,1664,1.23122013
2015-09-01,1573,1.3388381
2015-09-02,1535,1.3469727
2015-09-03,1587,1.29891336
2015-09-04,1472,1.27088296
2015-09-05,1503,1.31005204
2015-09-06,1544,1.3656491
2015-09-07,1692,1.25252545
2015-09-08,1622,1.23939872
2015-09-09,1612,1.24503684
2015-09-10,1539,1.19812691
2015-09-11,1727,0.98693073
2015-09-12,1641,0.99802619
2015-09-13,1655,0.985183
2015-09-14,1712,0.89336598
2015-09-15,1438,0.97980434
2015-09-16,1654,0.94147724
2015-09-17,1529,0.89967048
2015-09-18,1557,0.86027586
2015-09-19,1465,0.84628642
2015-09-20,1478,0.88392901
2015-09-21,1594,0.94609672
2015-09-22,1630,0.88314307
2015-09-23,1825,0.90080476
2015-09-24,1538,0.8330701
2015-09-25,1635,0.7689485
2015-09-26,1486,0.72844189
2015-09-27,1391,0.77423698
2015-09-28,1561,0.67991251
2015-09-29,1554,0.57203287
2015-09-30,1534,0.64813733
2015-10-01,1553,0.72640109
2015-10-02,1416,0.6599189
2015-10-03,1341,0.70160943
2015-10-04,1410,0.67040098
2015-10-05,1438,0.66451824
2015-10-06,1490,0.62358665
2015-10-07,1413,0.65175253
2015-10-08,1411,0.59597468
2015-10-09,1377,0.66239917
2015-10-10,1344,0.64317811
2015-10-11,1267,0.63022649
2015-10-12,1322,0.65778887
2015-10-13,1584,0.60851949
2015-10-14,1521,0.56445336
2015-10-15,1681,0.54174834
2015-10-16,1471,0.55452949
2015-10-17,1418,0.53965616
2015-10-18,1383,0.51858705
2015-10-19,1571,0.51569498
2015-10-20,1328,0.49077821
2015-10-21,1585,0.47601378
2015-10-22,1418,0.4251838
2015-10-23,1574,0.56755406
2015-10-24,1748,0.54779279
2015-10-25,1716,0.65844512
2015-10-26,1771,0.65446395
2015-10-27,1675,0.82599086
2015-10-28,1754,0.83443052
2015-10-29,1884,1.15395772
2015-10-30,2371,1.30969465
2015-10-31,2033,0.96135074
2015-11-01,2322,0.95633382
2015-11-02,2076,1.04413021
2015-11-03,2097,0.9752112
2015-11-04,2112,0.98588955
2015-11-05,1952,0.96298873
2015-11-06,2002,0.86616153
2015-11-07,2157,0.90581286
2015-11-08,2432,0.93218809
2015-11-09,2057,1.10504436
2015-11-10,2007,0.9734078
2015-11-11,1824,0.85077131
2015-11-12,2106,0.77559644
2015-11-13,1888,0.89510471
2015-11-14,1808,0.89270341
2015-11-15,1841,0.89043051
2015-11-16,1872,0.90162373
2015-11-17,1966,0.91575503
2015-11-18,1947,0.96721065
2015-11-19,1942,1.00674951
2015-11-20,1891,0.91102046
2015-11-21,1794,0.92227244
2015-11-22,2079,0.96180123
2015-11-23,1768,0.96452993
2015-11-24,1899,0.94214731
2015-11-25,1805,0.88942003
2015-11-26,1836,0.8747912
2015-11-27,1714,0.87907678
2015-11-28,1661,0.88074028
2015-11-29,1693,0.90759629
2015-11-30,1820,0.86545026
2015-12-01,1783,0.87134773
2015-12-02,1769,0.84483999
2015-12-03,1783,0.8063283
2015-12-04,1818,0.81392032
2015-12-05,1837,0.8587696
2015-12-06,2190,0.86979187
2015-12-07,1890,0.79386562
2015-12-08,2039,0.78596514
2015-12-09,1842,0.7860868
2015-12-10,1824,0.8399682
2015-12-11,1796,0.83151817
2015-12-12,2238,0.99525732
2015-12-13,2199,0.97319835
2015-12-14,2336,0.96965766
2015-12-15,2255,1.01842892
2015-12-16,2236,0.98498374
2015-12-17,2481,0.9809624
2015-12-18,2362,0.91734028
2015-12-19,2257,0.90443665
2015-12-20,2175,0.92230278
2015-12-21,2392,0.89747751
2015-12-22,2408,0.89644194
2015-12-23,2311,0.85935557
2015-12-24,2294,0.87774491
2015-12-25,2244,0.8661043
2015-12-26,2304,0.86289287
2015-12-27,2290,0.8465516
2015-12-28,2366,0.87239414
2015-12-29,2525,0.84508348
2015-12-30,2426,0.88109893
2015-12-31,2587,0.95315617
2016-01-01,2386,0.94212908
2016-01-02,2507,0.95676959
2016-01-03,2499,0.94983006
2016-01-04,2571,0.94864452
2016-01-05,2609,0.97059739
2016-01-06,2528,0.94355929
2016-01-07,2757,0.95830619
2016-01-08,2750,0.96605694
2016-01-09,2599,0.97822481
2016-01-10,2861,0.9913255
2016-01-11,2970,1.06275415
2016-01-12,3053,1.14950073
2016-01-13,2766,1.13267255
2016-01-14,2879,1.14019752
2016-01-15,3134,1.29996228
2016-01-16,2904,1.25592315
2016-01-17,2691,1.23351443
2016-01-18,3009,1.52444291
2016-01-19,3068,1.38271248
2016-01-20,3008,1.59637213
2016-01-21,3526,1.53912294
2016-01-22,3129,1.53445899
2016-01-23,3248,1.52795529
2016-01-24,4143,2.04427361
2016-01-25,3991,2.53277397
2016-01-26,4630,2.6500597
2016-01-27,4263,2.36073828
2016-01-28,4659,2.41116261
2016-01-29,4499,2.57491207
2016-01-30,4601,2.56336069
2016-01-31,4565,2.47952342
2016-02-01,4557,2.21671295
2016-02-02,4324,2.16603947
2016-02-03,4446,2.50334001
2016-02-04,4227,2.52249646
2016-02-05,5066,2.55200076
2016-02-06,3966,2.53738356
2016-02-07,3985,2.76247025
2016-02-08,4761,3.02670121
2016-02-09,4947,3.6983912
2016-02-10,5396,4.14425755
2016-02-11,7363,4.64397573
2016-02-12,7612,6.36936092
2016-02-13,6420,4.41588974
2016-02-14,5811,4.95998287
2016-02-15,5857,5.71886015
2016-02-16,5838,5.26333189
2016-02-17,6233,3.9274509
2016-02-18,5938,3.6640377
2016-02-19,6497,4.38084459
2016-02-20,5591,4.59809685
2016-02-21,6530,4.28471136
2016-02-22,5222,4.90154696
2016-02-23,6472,5.82967377
2016-02-24,6049,6.15653133
2016-02-25,6901,6.50093651
2016-02-26,7027,5.8241024
2016-02-27,6283,6.3977809
2016-02-28,5333,6.52915525
2016-02-29,7916,6.60254622
2016-03-01,7020,6.53641224
2016-03-02,8707,8.38777447
2016-03-03,8317,8.52542782
2016-03-04,9180,9.44318676
2016-03-05,10111,11.92475796
2016-03-06,10678,11.24402618
2016-03-07,9425,9.89782238
2016-03-08,10501,9.91042233
2016-03-09,7993,10.04279709
2016-03-10,10350,11.25952244
2016-03-11,9288,11.04093933
2016-03-12,10466,13.33665657
2016-03-13,10036,14.54772949
2016-03-14,9580,12.99977493
2016-03-15,11172,12.53937244
2016-03-16,8991,13.24864769
2016-03-17,10423,11.13146973
2016-03-18,11305,11.01172447
2016-03-19,10290,11.00950146
2016-03-20,9739,10.12177372
2016-03-21,9163,10.7028656
2016-03-22,10747,11.17704868
2016-03-23,8358,11.58344746
2016-03-24,10735,11.89057636
2016-03-25,8582,10.80713367
2016-03-26,10164,10.97277355
2016-03-27,10629,10.64578438
2016-03-28,11000,11.40559769
2016-03-29,12057,11.86002159
2016-03-30,11655,11.83287334
2016-03-31,12830,11.88503265
2016-04-01,11551,11.82422066
2016-04-02,11306,11.45416546
2016-04-03,10995,11.5846262
2016-04-04,11736,11.15642166
2016-04-05,12662,10.88610268
2016-04-06,12276,10.42926121
2016-04-07,9566,10.21233654
2016-04-08,12483,10.27226067
2016-04-09,11786,9.96868324
2016-04-10,13294,8.50895214
2016-04-11,12476,8.8178339
2016-04-12,12669,7.67186689
2016-04-13,11102,7.12070036
2016-04-14,12692,8.27220345
2016-04-15,12306,8.30276871
2016-04-16,12111,8.35909748
2016-04-17,12536,9.57394218
2016-04-18,12785,9.06841278
2016-04-19,10149,9.13057518
2016-04-20,12835,8.53954411
2016-04-21,10357,8.49539566
2016-04-22,14207,8.16850376
2016-04-23,12863,7.85513306
2016-04-24,13002,8.24351597
2016-04-25,13122,7.78498888
2016-04-26,13866,7.45745134
2016-04-27,13511,7.85904932
2016-04-28,10503,7.28087854
2016-04-29,14859,7.45272541
2016-04-30,15035,9.31284428
2016-05-01,20958,8.75332546
2016-05-02,15499,9.1801405
2016-05-03,17317,9.96475506
2016-05-04,12548,9.64718056
2016-05-05,14716,9.60092926
2016-05-06,12260,9.75081062
2016-05-07,14986,9.30714512
2016-05-08,14524,9.26994324
2016-05-09,15463,9.41054821
2016-05-10,15917,9.40432358
2016-05-11,16115,9.46284485
2016-05-12,16083,10.33878708
2016-05-13,18202,10.39747715
2016-05-14,18886,10.29762363
2016-05-15,16827,10.0948925
2016-05-16,14654,10.16970253
2016-05-17,14252,11.30505466
2016-05-18,21114,13.38962555
2016-05-19,18798,13.85283089
2016-05-20,19702,14.72865677
2016-05-21,18660,13.66317368
2016-05-22,17185,14.05455685
2016-05-23,15203,13.64112186
2016-05-24,18411,13.50997543
2016-05-25,18778,12.23726654
2016-05-26,25158,12.3975172
2016-05-27,19951,10.94718933
2016-05-28,27407,10.60098743
2016-05-29,23555,12.05819702
2016-05-30,18359,12.33735371
2016-05-31,15576,13.99980831
2016-06-01,18902,14.06221104
2016-06-02,18567,13.71955585
2016-06-03,17467,13.43216801
2016-06-04,17707,13.61271477
2016-06-05,16665,13.64867115
2016-06-06,14572,13.85687065
2016-06-07,18149,14.37166882
2016-06-08,22592,14.66327095
2016-06-09,18334,14.4991045
2016-06-10,19028,14.21828842
2016-06-11,15384,13.91207123
2016-06-12,18660,14.43261623
2016-06-13,23534,16.94645119
2016-06-14,22579,18.11354256
2016-06-15,20974,18.37888336
2016-06-16,22245,19.52018738
2016-06-17,32245,16.71063805
2016-06-18,35516,14.45183182
2016-06-19,29550,12.41148281
2016-06-20,20317,11.93075275
2016-06-21,24300,11.63643742
2016-06-22,24857,14.68105698
2016-06-23,22423,12.69409752
2016-06-24,21837,13.91169453
2016-06-25,19312,14.45978928
2016-06-26,22611,14.23734951
2016-06-27,15822,13.82566166
2016-06-28,20503,12.92706299
2016-06-29,21532,12.46104908
2016-06-30,20528,12.48039055
2016-07-01,20303,12.38272381
2016-07-02,15995,12.18954659
2016-07-03,20580,12.11291218
2016-07-04,15926,11.78057957
2016-07-05,23103,11.4712038
2016-07-06,19995,10.69661427
2016-07-07,20580,10.08300591
2016-07-08,20680,10.02820587
2016-07-09,22380,10.93483829
2016-07-10,21008,10.81057549
2016-07-11,15974,10.43312836
2016-07-12,20206,10.4793787
2016-07-13,20815,10.48039627
2016-07-14,21065,10.86622524
2016-07-15,21001,12.07416058
2016-07-16,20228,11.75248337
2016-07-17,14255,11.31585407
2016-07-18,17508,11.30451298
2016-07-19,18918,11.15695477
2016-07-20,33123,11.73404217
2016-07-21,26834,12.3439846
2016-07-22,24854,12.62028027
2016-07-23,24844,14.16064739
2016-07-24,18694,14.23389816
2016-07-25,29305,13.25709438
2016-07-26,27707,13.63521957
2016-07-27,36456,12.86848545
2016-07-28,24539,12.85945034
2016-07-29,24707,12.63159943
2016-07-30,21784,12.69895267
2016-07-31,22089,11.60665894
2016-08-01,22895,11.58598137
2016-08-02,20257,10.71458149
2016-08-03,25059,9.52481365
2016-08-04,23661,10.47972965
2016-08-05,17017,11.03745079
2016-08-06,21247,10.87705135
2016-08-07,20682,10.91378212
2016-08-08,20864,10.94816113
2016-08-09,17712,12.00621319
2016-08-10,23202,12.29963112
2016-08-11,18439,11.8381052
2016-08-12,21975,11.65481853
2016-08-13,15088,11.64356232
2016-08-14,20464,11.57867813
2016-08-15,20543,11.00014877
2016-08-16,21961,11.14498329
2016-08-17,20699,10.9684124
2016-08-18,15284,10.86975956
2016-08-19,20233,10.78667927
2016-08-20,20217,11.01842213
2016-08-21,20329,11.16414452
2016-08-22,20539,11.19819069
2016-08-23,22083,10.97469711
2016-08-24,17481,11.04823494
2016-08-25,22197,11.24854374
2016-08-26,15873,11.29399109
2016-08-27,21237,11.19051075
2016-08-28,20102,11.10728836
2016-08-29,19927,10.91968632
2016-08-30,21356,11.19962215
2016-08-31,22347,11.20655727
2016-09-01,22705,12.0040493
2016-09-02,23128,12.05083942
2016-09-03,21458,11.68476868
2016-09-04,20550,11.7645483
2016-09-05,21566,11.73810863
2016-09-06,21248,11.61868286
2016-09-07,20706,11.6288023
2016-09-08,22759,11.56850052
2016-09-09,21473,11.45089531
2016-09-10,20977,11.72736263
2016-09-11,20835,11.85478401
2016-09-12,22395,11.65324211
2016-09-13,21364,12.08258915
2016-09-14,21139,11.94601536
2016-09-15,16051,12.00962353
2016-09-16,22956,11.93481731
2016-09-17,22155,12.58448887
2016-09-18,21877,12.67479992
2016-09-19,14381,12.73502922
2016-09-20,24060,13.38055134
2016-09-21,22166,14.20669651
2016-09-22,21440,12.84622383
2016-09-23,11767,13.10164452
2016-09-24,20918,12.92832279
2016-09-25,18767,12.98826027
2016-09-26,18386,12.88971233
2016-09-27,18026,13.16527462
2016-09-28,16738,13.44039631
2016-09-29,19892,13.25716496
2016-09-30,21039,13.33109093
2016-10-01,20652,13.13239765
2016-10-02,18527,13.16473293
2016-10-03,21322,13.20552063
2016-10-04,70598,13.39880371
2016-10-05,49353,13.25749874
2016-10-06,35000,12.84533882
2016-10-07,46524,12.92625523
2016-10-08,41022,12.64265347
2016-10-09,21439,12.26047421
2016-10-10,22417,11.90778828
2016-10-11,65468,12.13507748
2016-10-12,12591,11.73500061
2016-10-13,9198,11.99354458
2016-10-14,11908,11.9192934
2016-10-15,12335,11.86220741
2016-10-16,14401,11.95855045
2016-10-17,16712,11.92120838
2016-10-18,20528,12.19547844
2016-10-19,21601,12.49901009
2016-10-20,18849,12.20103645
2016-10-21,26304,12.08692837
2016-10-22,20301,12.12838173
2016-10-23,18541,11.96116257
2016-10-24,18294,11.99033356
2016-10-25,19023,11.26816273
2016-10-26,17903,11.58884907
2016-10-27,19124,11.43562508
2016-10-28,18906,11.53957653
2016-10-29,18871,11.10292244
2016-10-30,16621,10.48897076
2016-10-31,19374,11.17594051
2016-11-01,21000,10.73330975
2016-11-02,19038,10.9131155
2016-11-03,20425,10.79964828
2016-11-04,19485,10.93370247
2016-11-05,15134,11.05909157
2016-11-06,16158,10.87234211
2016-11-07,15069,10.89083767
2016-11-08,18887,10.89247608
2016-11-09,18193,10.42971802
2016-11-10,16886,10.55637455
2016-11-11,16457,10.51397896
2016-11-12,19083,10.181036
2016-11-13,18174,10.19999409
2016-11-14,14172,9.98183823
2016-11-15,18443,10.24454117
2016-11-16,14501,10.28198242
2016-11-17,17151,10.10865688
2016-11-18,15012,9.97877407
2016-11-19,16392,9.57619572
2016-11-20,17659,9.61849403
2016-11-21,15246,9.57175732
2016-11-22,17555,9.94512939
2016-11-23,52175,9.87179089
2016-11-24,13990,9.78180313
2016-11-25,40950,9.27416229
2016-11-26,21310,9.37100124
2016-11-27,16840,9.12840176
2016-11-28,14370,8.95883465
2016-11-29,16640,8.48675156
2016-11-30,15557,8.27385712
2016-12-01,16572,8.39436626
2016-12-02,15048,7.63683796
2016-12-03,22293,7.90301895
2016-12-04,21694,7.90249872
2016-12-05,18432,7.46398783
2016-12-06,18631,6.9359355
2016-12-07,16466,7.57976294
2016-12-08,16535,8.57879162
2016-12-09,16728,8.57343674
2016-12-10,14586,8.30651474
2016-12-11,15683,8.21545887
2016-12-12,15491,8.41560459
2016-12-13,15937,8.44915771
2016-12-14,15816,8.3716526
2016-12-15,17161,7.98988962
2016-12-16,18545,7.83320808
2016-12-17,13477,7.78552341
2016-12-18,15739,7.89772511
2016-12-19,16468,7.74505043
2016-12-20,17547,7.63710451
2016-12-21,16823,7.67782974
2016-12-22,19016,7.61255884
2016-12-23,20288,7.40170383
2016-12-24,16516,7.33150196
2016-12-25,11685,7.31269884
2016-12-26,14923,7.28469181
2016-12-27,14589,7.21640587
2016-12-28,15332,7.3052659
2016-12-29,15524,8.08511066
2016-12-30,16483,8.1172781
2016-12-31,16447,7.97572088
2017-01-01,14245,8.44290161
2017-01-02,14981,8.29045868
2017-01-03,12200,8.42391968
2017-01-04,18819,10.40668869
2017-01-05,18834,10.17251587
2017-01-06,18062,10.12520123
2017-01-07,18020,10.04981232
2017-01-08,16076,10.08623219
2017-01-09,14873,10.32278633
2017-01-10,17227,10.40650654
2017-01-11,16706,9.87361526
2017-01-12,17789,9.5852623
2017-01-13,19409,9.74505711
2017-01-14,16979,9.6504097
2017-01-15,16877,9.8756094
2017-01-16,15364,9.84827423
2017-01-17,16686,10.10851097
2017-01-18,18600,10.13010597
2017-01-19,16636,10.26816368
2017-01-20,18664,10.58528042
2017-01-21,16632,10.85219193
2017-01-22,16204,10.72018909
2017-01-23,17067,10.72600555
2017-01-24,17853,10.71712017
2017-01-25,16835,10.5147543
2017-01-26,16852,10.57678699
2017-01-27,17171,10.48508549
2017-01-28,16976,10.51917839
2017-01-29,15681,10.49586296
2017-01-30,17095,10.50073338
2017-01-31,15974,10.56471634
2017-02-01,16930,10.62877083
2017-02-02,16688,10.67805576
2017-02-03,15351,10.87989998
2017-02-04,18298,11.3878479
2017-02-05,17448,11.3610239
2017-02-06,16341,11.39671993
2017-02-07,17004,11.46568871
2017-02-08,17559,11.34819221
2017-02-09,16648,11.54552555
2017-02-10,17534,11.06329632
2017-02-11,17470,11.27564049
2017-02-12,17353,11.31136131
2017-02-13,18773,11.20249748
2017-02-14,17479,12.58078289
2017-02-15,20277,12.81957531
2017-02-16,19661,12.60032368
2017-02-17,17255,12.78670406
2017-02-18,19649,12.7598362
2017-02-19,17908,12.80346584
2017-02-20,18212,12.86492729
2017-02-21,19199,12.48175907
2017-02-22,17952,12.70765495
2017-02-23,19673,12.77905083
2017-02-24,18823,13.0295639
2017-02-25,19730,13.61951256
2017-02-26,18529,13.46938324
2017-02-27,19605,14.63193226
2017-02-28,22824,15.80909538
2017-03-01,25386,15.73847675
2017-03-02,30211,18.7517395
2017-03-03,29281,18.50421143
2017-03-04,25412,19.98473167
2017-03-05,21853,18.85466194
2017-03-06,25049,19.22690392
2017-03-07,22346,19.42888832
2017-03-08,21087,18.37753296
2017-03-09,25783,17.54300308
2017-03-10,24192,18.28123283
2017-03-11,25286,19.06263924
2017-03-12,26334,21.85354805
2017-03-13,32418,25.04587555
2017-03-14,32118,28.24926949
2017-03-15,30380,30.52957153
2017-03-16,44830,40.88731766
2017-03-17,44790,46.54584885
2017-03-18,37382,36.93608093
2017-03-19,34005,39.4142952
2017-03-20,32010,44.19563293
2017-03-21,33227,44.21334076
2017-03-22,33145,39.89975739
2017-03-23,30423,42.05825806
2017-03-24,35243,47.57904434
2017-03-25,36538,49.47833252
2017-03-26,31817,49.62591171
2017-03-27,36246,50.76028824
2017-03-28,33158,49.85445023
2017-03-29,34604,52.64440155
2017-03-30,34170,53.08503342
2017-03-31,49584,50.63747025
2017-04-01,36318,50.14421844
2017-04-02,33376,49.48337173
2017-04-03,44316,44.73745728
2017-04-04,38685,45.10642242
2017-04-05,36661,45.77088165
2017-04-06,38068,44.74009705
2017-04-07,40037,42.53973389
2017-04-08,32093,45.16585922
2017-04-09,31720,43.21027756
2017-04-10,31093,43.20684814
2017-04-11,31718,44.11178589
2017-04-12,33090,43.5552063
2017-04-13,37637,48.4173317
2017-04-14,34281,48.83977509
2017-04-15,34113,47.44621277
2017-04-16,26911,48.78649902
2017-04-17,30771,48.3175087
2017-04-18,34259,50.59074783
2017-04-19,36749,50.81941223
2017-04-20,39400,48.48793793
2017-04-21,35849,49.44398117
2017-04-22,34997,48.68815231
2017-04-23,32336,48.38895798
2017-04-24,35690,50.10398102
2017-04-25,37334,49.86474609
2017-04-26,44575,52.44770432
2017-04-27,50116,58.58997726
2017-04-28,45901,64.29021454
2017-04-29,42442,69.83218384
2017-04-30,40106,71.76806641
2017-05-01,49913,81.4564209
2017-05-02,53630,79.35325623
2017-05-03,43054,80.05103302
2017-05-04,51650,89.99662781
2017-05-05,55686,102.02135468
2017-05-06,45944,95.64967346
2017-05-07,51980,96.7640152
2017-05-08,57213,92.77739716
2017-05-09,60404,89.14603424
2017-05-10,59706,92.84693909
2017-05-11,58431,90.46638489
2017-05-12,56299,90.53853607
2017-05-13,48326,88.63881683
2017-05-14,50024,90.67169189
2017-05-15,58526,91.23472595
2017-05-16,61820,92.90254211
2017-05-17,65640,90.16207123
2017-05-18,69891,90.5670166
2017-05-19,78885,117.65478516
2017-05-20,75383,131.99972534
2017-05-21,66224,128.32850647
2017-05-22,84360,186.88729858
2017-05-23,101134,178.03849792
2017-05-24,100744,193.230896
2017-05-25,103074,200.00494385
2017-05-26,92181,182.08970642
2017-05-27,83816,156.48373413
2017-05-28,79540,171.49882507
2017-05-29,77667,183.16256714
2017-05-30,100482,202.60342407
2017-05-31,115474,230.24880981
2017-06-01,119477,222.89427185
2017-06-02,101466,222.15283203
2017-06-03,98593,220.25239563
2017-06-04,98069,232.76301575
2017-06-05,103779,246.78031921
2017-06-06,110004,256.10177612
2017-06-07,112641,260.0604248
2017-06-08,107274,257.56234741
2017-06-09,109333,273.81515503
2017-06-10,111509,311.22879028
2017-06-11,133374,341.41125488
2017-06-12,158514,348.29885864
2017-06-13,160858,398.08557129
2017-06-14,145616,376.99716187
2017-06-15,144844,355.40454102
2017-06-16,140645,350.64282227
2017-06-17,125896,366.66964722
2017-06-18,134561,376.94723511
2017-06-19,146340,372.66906738
2017-06-20,180962,377.61639404
2017-06-21,127579,337.51074219
2017-06-22,164736,338.32897949
2017-06-23,170582,341.11270142
2017-06-24,148517,342.61224365
2017-06-25,141397,320.02047729
2017-06-26,159379,309.31256104
2017-06-27,164009,271.87319946
2017-06-28,150160,305.0274353
2017-06-29,159600,326.67578125
2017-06-30,150150,305.8001709
2017-07-01,133881,282.76315308
2017-07-02,129975,272.48422241
2017-07-03,159954,288.73574829
2017-07-04,159758,284.26412964
2017-07-05,151851,273.55728149
2017-07-06,143606,270.89187622
2017-07-07,153742,267.5269165
2017-07-08,135838,244.48466492
2017-07-09,133800,244.90852356
2017-07-10,130012,220.69154358
2017-07-11,159232,197.28175354
2017-07-12,137649,195.09162903
2017-07-13,150646,229.23893738
2017-07-14,125960,192.40531921
2017-07-15,126805,177.26097107
2017-07-16,119207,152.5894928
2017-07-17,132774,165.92953491
2017-07-18,133264,185.05493164
2017-07-19,158488,227.34802246
2017-07-20,147668,215.48780823
2017-07-21,137438,226.48606873
2017-07-22,118815,222.48902893
2017-07-23,136442,229.30355835
2017-07-24,143142,225.04364014
2017-07-25,132333,207.49874878
2017-07-26,127198,202.01931763
2017-07-27,130051,204.34919739
2017-07-28,126491,203.32189941
2017-07-29,110485,184.85980225
2017-07-30,111461,200.7035675
2017-07-31,146820,198.70417786
2017-08-01,130068,212.01089478
2017-08-02,129356,226.93367004
2017-08-03,128255,226.17558289
2017-08-04,144225,223.84744263
2017-08-05,127857,241.99623108
2017-08-06,136512,258.18136597
2017-08-07,148897,264.40625
2017-08-08,171131,271.21444702
2017-08-09,161654,318.71627808
2017-08-10,165041,305.47634888
2017-08-11,175247,298.42956543
2017-08-12,182456,312.16744995
2017-08-13,168990,301.66647339
2017-08-14,206867,302.30514526
2017-08-15,233254,285.17263794
2017-08-16,199059,290.7510376
2017-08-17,209385,304.14562988
2017-08-18,221747,300.87255859
2017-08-19,201861,292.3447876
2017-08-20,189901,294.63638306
2017-08-21,197855,301.27523804
2017-08-22,205188,309.95062256
2017-08-23,202926,319.51849365
2017-08-24,193196,318.86367798
2017-08-25,186652,334.72201538
2017-08-26,151021,330.87490845
2017-08-27,157442,334.78726196
2017-08-28,179310,343.97930908
2017-08-29,198452,349.96069336
2017-08-30,209747,376.90368652
2017-08-31,214094,380.72720337
2017-09-01,213262,389.35375977
2017-09-02,193736,378.00906372
2017-09-03,167728,352.28427124
2017-09-04,208254,286.66098022
2017-09-05,227427,276.37460327
2017-09-06,225418,324.12860107
2017-09-07,231331,324.2862854
2017-09-08,219659,299.46481323
2017-09-09,214611,292.76257324
2017-09-10,177244,285.07400513
2017-09-11,193158,299.41687012
2017-09-12,211468,301.41531372
2017-09-13,211397,269.80636597
2017-09-14,190083,239.42408752
2017-09-15,226633,252.30776978
2017-09-16,195844,240.00071716
2017-09-17,176615,243.30102539
2017-09-18,174025,287.33227539
2017-09-19,222860,287.42733765
2017-09-20,179327,288.71542358
2017-09-21,195260,280.62838745
2017-09-22,148610,256.54910278
2017-09-23,132264,264.14486694
2017-09-24,138936,292.67782593
2017-09-25,147914,286.30929565
2017-09-26,170034,288.91235352
2017-09-27,166923,290.36685181
2017-09-28,174183,296.44760132
2017-09-29,167750,280.80111694
2017-09-30,170797,302.53952026
2017-10-01,138723,298.63897705
2017-10-02,159258,300.26690674
2017-10-03,160224,299.65270996
2017-10-04,165811,297.97106934
2017-10-05,147904,290.89224243
2017-10-06,148139,295.99227905
2017-10-07,144900,309.40618896
2017-10-08,146620,312.48898315
2017-10-09,159221,299.80682373
2017-10-10,166996,305.36425781
2017-10-11,178108,300.83166504
2017-10-12,168325,307.37060547
2017-10-13,188725,340.62664795
2017-10-14,166641,343.33285522
2017-10-15,160799,334.2616272
2017-10-16,167769,339.01843262
2017-10-17,209016,320.37731934
2017-10-18,199654,306.11712646
2017-10-19,181335,308.99649048
2017-10-20,204728,308.71972656
2017-10-21,204906,292.77175903
2017-10-22,213194,303.14559937
2017-10-23,205181,282.73440552
2017-10-24,216712,308.03277588
2017-10-25,204029,295.03320313
2017-10-26,216456,298.24172974
2017-10-27,192100,295.4984436
2017-10-28,163682,297.35501099
2017-10-29,165191,309.5668335
2017-10-30,186797,307.23062134
2017-10-31,210780,306.80569458
2017-11-01,227030,303.97839355
2017-11-02,275622,288.53674316
2017-11-03,231169,288.54013062
2017-11-04,194402,301.08969116
2017-11-05,162700,296.11221313
2017-11-06,207942,304.67962646
2017-11-07,199510,292.50341797
2017-11-08,206358,300.17822266
2017-11-09,262399,309.02648926
2017-11-10,240748,305.67684937
2017-11-11,231360,302.44009399
2017-11-12,223189,307.16217041
2017-11-13,231483,316.65597534
2017-11-14,235116,321.51168823
2017-11-15,263525,335.67129517
2017-11-16,263389,331.2515564
2017-11-17,273635,333.92260742
2017-11-18,232491,329.41586304
2017-11-19,217328,357.2210083
2017-11-20,258944,361.82946777
2017-11-21,249117,369.5612793
2017-11-22,260556,363.42944336
2017-11-23,263708,412.79376221
2017-11-24,262706,412.22106934
2017-11-25,254171,474.94006348
2017-11-26,253886,460.09057617
2017-11-27,285118,480.62976074
2017-11-28,312047,480.12127686
2017-11-29,334029,496.43261719
2017-11-30,316070,408.70800781
2017-12-01,325010,456.96066284
2017-12-02,303145,469.29055786
2017-12-03,294287,462.17077637
2017-12-04,329589,466.52502441
2017-12-05,326766,468.7321167
2017-12-06,383021,456.16897583
2017-12-07,383362,425.63070679
2017-12-08,378105,453.54656982
2017-12-09,393392,471.6619873
2017-12-10,367599,452.13876343
2017-12-11,404559,473.95916748
2017-12-12,425431,535.36328125
2017-12-13,487820,618.68151855
2017-12-14,508544,692.40600586
2017-12-15,507913,696.08081055
2017-12-16,445101,699.24981689
2017-12-17,478437,716.13946533
2017-12-18,526755,732.18762207
2017-12-19,552220,820.32086182
2017-12-20,542872,805.95758057
2017-12-21,585562,795.32440186
2017-12-22,632538,655.90209961
2017-12-23,541215,736.55804443
2017-12-24,482598,653.69824219
2017-12-25,440733,757.78100586
2017-12-26,450470,773.18463135
2017-12-27,493734,781.16693115
2017-12-28,520523,739.44537354
2017-12-29,562572,754.77386475
2017-12-30,652216,709.14361572
2017-12-31,537049,723.21386719
2018-01-01,542552,769.96173096
2018-01-02,605061,886.34436035
2018-01-03,671218,882.25628662
2018-01-04,701407,954.21325684
2018-01-05,743440,1045.29394531
2018-01-06,738240,1002.57525635
2018-01-07,621637,1090.83947754
2018-01-08,680434,1088.60693359
2018-01-09,731092,1209.15039063
2018-01-10,718630,1364.84814453
2018-01-11,687648,1228.5994873
2018-01-12,656653,1247.54699707
2018-01-13,641566,1295.71936035
2018-01-14,673078,1392.17797852
2018-01-15,664199,1346.0513916
2018-01-16,772174,1242.75341797
2018-01-17,723937,954.39715576
2018-01-18,736572,1025.27148438
2018-01-19,636456,1061.92993164
2018-01-20,498996,1075.56970215
2018-01-21,546033,1134.66638184
2018-01-22,606208,960.67419434
2018-01-23,566229,1013.98480225
2018-01-24,532475,1031.86169434
2018-01-25,499506,1034.74243164
2018-01-26,430033,1050.9720459
2018-01-27,478593,1095.18273926
2018-01-28,453509,1129.69506836
2018-01-29,494742,1200.52368164
2018-01-30,469955,1145.86450195
2018-01-31,509115,1102.71533203
2018-02-01,489931,1138.50561523
2018-02-02,562573,954.35913086
2018-02-03,466637,955.11651611
2018-02-04,444368,864.21588135
2018-02-05,453652,836.07806396
2018-02-06,489992,742.73553467
2018-02-07,437363,812.49127197
2018-02-08,416884,806.39074707
2018-02-09,373497,806.53649902
2018-02-10,444490,847.33850098
2018-02-11,388945,852.11810303
2018-02-12,444165,856.97296143
2018-02-13,402462,857.95758057
2018-02-14,382318,902.66778564
2018-02-15,420804,933.9887085
2018-02-16,372695,938.65093994
2018-02-17,369719,961.27746582
2018-02-18,355823,944.79455566
2018-02-19,390067,931.19909668
2018-02-20,413910,942.46661377
2018-02-21,396817,849.50537109
2018-02-22,365793,825.77062988
2018-02-23,350218,838.43707275
2018-02-24,317346,837.11804199
2018-02-25,299535,827.74163818
2018-02-26,355601,876.27520752
2018-02-27,376331,871.24755859
2018-02-28,392515,888.44708252
2018-03-01,356767,867.03179932
2018-03-02,382398,855.5411377
2018-03-03,341614,864.79095459
2018-03-04,302010,847.83050537
2018-03-05,353828,867.68896484
2018-03-06,377599,832.01580811
2018-03-07,482043,812.98974609
2018-03-08,382145,741.19873047
2018-03-09,353352,701.0189209
2018-03-10,331070,732.93408203
2018-03-11,304803,708.91540527
2018-03-12,328727,697.64099121
2018-03-13,346157,696.71765137
2018-03-14,368238,656.14129639
2018-03-15,357586,588.16638184
2018-03-16,341304,598.66394043
2018-03-17,293225,598.8447876
2018-03-18,316913,466.09069824
2018-03-19,353464,551.63769531
2018-03-20,368003,556.75140381
2018-03-21,363847,567.94128418
2018-03-22,370838,531.77514648
2018-03-23,391434,516.39605713
2018-03-24,407968,541.47979736
2018-03-25,296576,520.65631104
2018-03-26,311292,522.40966797
2018-03-27,332557,468.53948975
2018-03-28,289486,451.23880005
2018-03-29,296694,441.78762817
2018-03-30,327430,378.60897827
2018-03-31,303736,403.10812378
2018-04-01,281898,364.76593018
2018-04-02,308812,391.7276001
2018-04-03,331232,406.29595947
2018-04-04,348522,404.4602356
2018-04-05,393146,378.5619812
2018-04-06,374263,379.6869812
2018-04-07,324066,381.07391357
2018-04-08,301587,401.61642456
2018-04-09,347514,396.41854858
2018-04-10,324673,400.10852051
2018-04-11,412383,420.70452881
2018-04-12,375409,463.97998047
2018-04-13,398193,514.11553955
2018-04-14,331635,506.67218018
2018-04-15,309304,510.55157471
2018-04-16,341961,504.92443848
2018-04-17,345810,507.29470825
2018-04-18,350630,506.82980347
2018-04-19,375489,545.71136475
2018-04-20,396337,585.83795166
2018-04-21,421900,607.55621338
2018-04-22,420742,632.79296875
2018-04-23,460389,644.73077393
2018-04-24,440496,667.34545898
2018-04-25,407340,672.1696167
2018-04-26,373016,618.38543701
2018-04-27,375790,673.49182129
2018-04-28,362434,666.2177124
2018-04-29,341274,681.65808105
2018-04-30,364707,683.4161377
2018-05-01,359603,644.34356689
2018-05-02,375737,682.49395752
2018-05-03,404183,746.64105225
2018-05-04,515611,771.74206543
2018-05-05,590324,819.67333984
2018-05-06,360875,825.15466309
2018-05-07,453613,756.71264648
2018-05-08,419355,737.20391846
2018-05-09,440261,724.54400635
2018-05-10,401868,762.02600098
2018-05-11,415364,731.71264648
2018-05-12,415532,679.3951416
2018-05-13,387800,727.16363525
2018-05-14,399131,702.7086792
2018-05-15,428847,718.53155518
2018-05-16,456104,685.74499512
2018-05-17,441910,707.81286621
2018-05-18,450875,679.48406982
2018-05-19,468556,695.66363525
2018-05-20,418269,713.50311279
2018-05-21,408611,713.80505371
2018-05-22,443383,683.32940674
2018-05-23,462452,603.68988037
2018-05-24,449840,599.28314209
2018-05-25,415948,602.76623535
2018-05-26,411601,604.77606201
2018-05-27,405924,573.9463501
2018-05-28,478776,533.34875488
2018-05-29,429012,527.29974365
2018-05-30,434301,552.78033447
2018-05-31,454680,577.21264648
2018-06-01,385418,574.48913574
2018-06-02,400904,578.54296875
2018-06-03,440435,594.17651367
2018-06-04,424971,619.347229
2018-06-05,408383,594.77947998
2018-06-06,386590,611.47528076
2018-06-07,422945,607.6987915
2018-06-08,412183,605.52856445
2018-06-09,386627,607.050354
2018-06-10,410379,569.99615479
2018-06-11,442839,534.60144043
2018-06-12,377215,529.2253418
2018-06-13,390761,466.81652832
2018-06-14,392707,488.07028198
2018-06-15,392411,505.40997314
2018-06-16,375282,494.14157104
2018-06-17,329758,502.80886841
2018-06-18,337664,497.6065979
2018-06-19,386797,516.79144287
2018-06-20,403195,521.35968018
2018-06-21,423951,542.37335205
2018-06-22,394357,473.28866577
2018-06-23,368478,469.70175171
2018-06-24,354140,426.46948242
2018-06-25,481878,465.23287964
2018-06-26,456530,458.76348877
2018-06-27,416057,434.13684082
2018-06-28,397708,433.66781616
2018-06-29,395548,422.68499756
2018-06-30,317187,448.35598755
2018-07-01,213568,451.76501465
2018-07-02,228459,475.32598877
2018-07-03,256308,470.97000122
2018-07-04,251108,474.20401001
2018-07-05,277769,477.81698608
2018-07-06,227681,471.25900269
2018-07-07,233846,471.04098511
2018-07-08,262037,492.42800903
2018-07-09,316702,484.17700195
2018-07-10,306472,441.7869873
2018-07-11,298100,444.51901245
2018-07-12,259743,431.26300049
2018-07-13,268140,440.19000244
2018-07-14,202355,437.56298828
2018-07-15,237591,452.46899414
2018-07-16,357434,449.3789978
2018-07-17,374293,473.6960144
2018-07-18,419197,493.13500977
2018-07-19,391385,476.35198975
2018-07-20,395442,459.51400757
2018-07-21,341422,455.70498657
2018-07-22,332804,468.82400513
2018-07-23,407798,463.58099365
2018-07-24,444468,453.04299927
2018-07-25,457498,466.80200195
2018-07-26,417660,475.75500488
2018-07-27,463066,464.89801025
2018-07-28,413392,469.59500122
2018-07-29,379296,466.79699707
2018-07-30,391433,464.28100586
2018-07-31,386304,452.71704102
2018-08-01,392156,418.51538086
2018-08-02,385080,413.97015381
2018-08-03,399345,403.26046753
2018-08-04,365203,406.00280762
2018-08-05,335714,408.90481567
2018-08-06,346732,408.21939087
2018-08-07,358675,410.38409424
2018-08-08,302358,368.50820923
2018-08-09,325345,361.72634888
2018-08-10,333157,362.50222778
2018-08-11,362908,321.83587646
2018-08-12,356256,324.58312988
2018-08-13,376699,321.13269043
2018-08-14,359125,268.85174561
2018-08-15,347661,286.58566284
2018-08-16,360132,293.16366577
2018-08-17,363948,298.18359375
2018-08-18,340543,312.79956055
2018-08-19,311849,300.91165161
2018-08-20,331885,289.58407593
2018-08-21,344540,277.46426392
2018-08-22,332520,292.28509521
2018-08-23,305036,274.01196289
2018-08-24,318354,275.43688965
2018-08-25,332255,282.00238037
2018-08-26,328719,275.39273071
2018-08-27,361396,273.97457886
2018-08-28,346651,289.15997314
2018-08-29,293629,289.28250122
2018-08-30,303601,280.12875366
2018-08-31,298387,278.79541016
2018-09-01,328895,295.68313599
2018-09-02,352850,292.22320557
2018-09-03,360938,289.88180542
2018-09-04,328735,289.47851563
2018-09-05,352031,257.61624146
2018-09-06,320750,228.38856506
2018-09-07,324733,231.10040283
2018-09-08,286378,217.99169922
2018-09-09,304572,190.80628967
2018-09-10,300419,195.61668396
2018-09-11,285667,185.09275818
2018-09-12,272964,172.70466614
2018-09-13,287454,202.66493225
2018-09-14,277595,208.40078735
2018-09-15,255048,224.01403809
2018-09-16,250018,216.15457153
2018-09-17,284206,222.97711182
2018-09-18,297651,196.33753967
2018-09-19,246487,210.1486969
2018-09-20,279209,209.52790833
2018-09-21,264298,223.11013794
2018-09-22,256252,241.37475586
2018-09-23,240724,241.40855408
2018-09-24,238271,232.47236633
2018-09-25,260247,222.22172546
2018-09-26,241514,221.0927124
2018-09-27,242081,217.59713745
2018-09-28,272161,226.0748291
2018-09-29,233393,231.66853333
2018-09-30,261254,234.12156677
2018-10-01,245103,233.16940308
2018-10-02,245915,227.55273438
2018-10-03,283866,219.16912842
2018-10-04,313675,224.94371033
2018-10-05,313695,221.67993164
2018-10-06,362969,225.40007019
2018-10-07,304867,226.03083801
2018-10-08,284881,225.35081482
2018-10-09,303502,227.53782654
2018-10-10,287224,226.28916931
2018-10-11,278137,200.70567322
2018-10-12,306490,199.06156921
2018-10-13,279247,197.74105835
2018-10-14,308612,200.49247742
2018-10-15,318877,209.54171753
2018-10-16,326105,208.42079163
2018-10-17,313826,210.58654785
2018-10-18,352961,208.0823822
2018-10-19,301800,203.44036865
2018-10-20,351016,203.95391846
2018-10-21,329835,207.38040161
2018-10-22,347092,204.68469238
2018-10-23,359399,202.32518005
2018-10-24,332880,203.35398865
2018-10-25,324665,202.63148499
2018-10-26,321451,202.6627655
2018-10-27,348515,203.7277832
2018-10-28,335417,205.05267334
2018-10-29,345009,205.18717957
2018-10-30,367303,197.40827942
2018-10-31,368331,197.16949463
2018-11-01,357028,199.52622986
2018-11-02,292739,199.80334473
2018-11-03,289023,199.97109985
2018-11-04,285434,199.96685791
2018-11-05,320700,208.54122925
2018-11-06,300038,208.02682495
2018-11-07,283033,217.27890015
2018-11-08,293823,214.61178589
2018-11-09,334771,210.01855469
2018-11-10,317545,210.95387268
2018-11-11,372133,211.98426819
2018-11-12,364319,211.47625732
2018-11-13,333961,209.03872681
2018-11-14,340356,193.8629303
2018-11-15,381036,177.40956116
2018-11-16,343705,177.45750427
2018-11-17,353673,173.49142456
2018-11-18,325058,175.74108887
2018-11-19,365127,155.93885803
2018-11-20,361057,149.12464905
2018-11-21,326425,133.94046021
2018-11-22,323693,132.03199768
2018-11-23,312228,123.4414978
2018-11-24,303269,122.13981628
2018-11-25,317814,106.08036041
2018-11-26,338162,109.50065613
2018-11-27,342367,104.66004181
2018-11-28,344221,112.06407928
2018-11-29,291417,117.27232361
2018-11-30,291101,118.7940008
2018-12-01,317285,118.70929896
2018-12-02,303099,117.77186347
2018-12-03,290611,108.20283119
2018-12-04,277831,112.25761995
2018-12-05,277776,107.93569236
2018-12-06,312825,98.43298295
2018-12-07,302322,85.67439262
2018-12-08,342994,89.83262355
2018-12-09,314551,92.34965863
2018-12-10,307219,91.06091623
2018-12-11,301992,91.05720962
2018-12-12,298761,88.94143673
2018-12-13,325069,89.83586696
2018-12-14,308405,86.50444511
2018-12-15,346928,82.82989029
2018-12-16,421381,87.07905
2018-12-17,324640,85.75534949
2018-12-18,299203,95.89627885
2018-12-19,324613,103.94602218
2018-12-20,348975,102.31148661
2018-12-21,341934,115.40394444
2018-12-22,340693,108.73326358
2018-12-23,353076,129.56706478
2018-12-24,371414,151.87638344
2018-12-25,290396,125.1463481
2018-12-26,280458,134.6052846
2018-12-27,313193,124.82665446
2018-12-28,327723,127.55277866
2018-12-29,307670,136.78863171
2018-12-30,287736,135.11526172
2018-12-31,285156,136.55651101
2019-01-01,270036,133.29395771
2019-01-02,262099,141.31147374
2019-01-03,311525,153.6462316
2019-01-04,287402,149.64903937
2019-01-05,270394,159.80673399
2019-01-06,264581,153.45698999
2019-01-07,305084,153.01671371
2019-01-08,297556,149.37027626
2019-01-09,291585,151.00054544
2019-01-10,292808,151.14186113
2019-01-11,297156,127.75900722
2019-01-12,301860,126.94171779
2019-01-13,266448,126.25925105
2019-01-14,269550,118.43255169
2019-01-15,331233,127.27935124
2019-01-16,273225,122.07125492
2019-01-17,264018,122.14025857
2019-01-18,271601,122.55786307
2019-01-19,242396,121.67946858
2019-01-20,244925,119.67858312
2019-01-21,254910,118.80220738
2019-01-22,236574,118.78417225
2019-01-23,252185,118.28204602
2019-01-24,250950,116.25489292
2019-01-25,248453,116.68306815
2019-01-26,259786,116.87688759
2019-01-27,300709,114.26995758
2019-01-28,286186,104.57044664
2019-01-29,274325,105.4210247
2019-01-30,250809,105.70168381
2019-01-31,252475,107.26888187
2019-02-01,239550,107.59140987
2019-02-02,241171,107.71315672
2019-02-03,233901,107.98136174
2019-02-04,217449,107.52241756
2019-02-05,229588,107.37913618
2019-02-06,211281,103.82808572
2019-02-07,227427,104.93407216
2019-02-08,211183,104.87060527
2019-02-09,211224,118.53311868
2019-02-10,187321,119.27010717
2019-02-11,197707,121.08514382
2019-02-12,215157,120.68742194
2019-02-13,224494,122.18117957
2019-02-14,213206,122.48043983
2019-02-15,220465,122.45746216
2019-02-16,225335,123.47624514
2019-02-17,214610,126.16862795
2019-02-18,256607,138.15369949
2019-02-19,252592,147.34385672
2019-02-20,236971,146.57131195
2019-02-21,222475,148.19528426
2019-02-22,224246,147.06811479
2019-02-23,226245,148.43684493
2019-02-24,232001,142.05625495
2019-02-25,235509,140.59732835
2019-02-26,254154,138.23506213
2019-02-27,242239,139.58803746
2019-02-28,255157,137.52803404
2019-03-01,254807,137.21671737
2019-03-02,271312,136.96863639
2019-03-03,322438,133.11580836
2019-03-04,278600,130.9071094
2019-03-05,297964,127.49446416
2019-03-06,283406,136.72702875
2019-03-07,276526,138.38331763
2019-03-08,296458,137.32476757
2019-03-09,287291,135.73967075
2019-03-10,265558,137.24920323
2019-03-11,277161,133.13953812
2019-03-12,306858,134.18561315
2019-03-13,299095,133.91192004
2019-03-14,288334,133.8693986
2019-03-15,281446,137.94602591
2019-03-16,257472,140.92073362
2019-03-17,301021,139.71073077
2019-03-18,297358,141.70926769
2019-03-19,285250,140.37596934
2019-03-20,272835,139.04297302
2019-03-21,265026,140.49319159
2019-03-22,254685,137.99054146
2019-03-23,256595,138.13637195
2019-03-24,275680,137.38351924
2019-03-25,303905,137.29619292
2019-03-26,302839,134.54907912
2019-03-27,273786,138.79906486
2019-03-28,298426,140.08666645
2019-03-29,280250,141.11003445
2019-03-30,274534,141.75563232
2019-03-31,253500,141.33903634
2019-04-01,304496,141.95795209
2019-04-02,334415,155.30580585
2019-04-03,350503,172.3784242
2019-04-04,318722,161.00075944
2019-04-05,298869,157.96895157
2019-04-06,310817,164.15215602
2019-04-07,303525,167.41791427
2019-04-08,321351,181.47476599
2019-04-09,312452,176.75935781
2019-04-10,314764,179.95481499
2019-04-11,326259,170.92096153
2019-04-12,347037,164.60809741
2019-04-13,326774,166.02566469
2019-04-14,263498,163.36104794
2019-04-15,301311,167.94815433
2019-04-16,313714,161.6683869
2019-04-17,307053,166.78417448
2019-04-18,340680,172.40799497
2019-04-19,382873,172.94030323
2019-04-20,344779,173.41674371
2019-04-21,407564,169.15920588
2019-04-22,343408,168.73080473
2019-04-23,382762,172.36556919
2019-04-24,379998,165.14392855
2019-04-25,315783,164.45659778
2019-04-26,324527,156.27757254
2019-04-27,299691,156.7740696
2019-04-28,262503,158.46459193
2019-04-29,288012,154.13417146
2019-04-30,303877,159.73955992
2019-05-01,301980,160.84499421
2019-05-02,290735,160.95919325
2019-05-03,292955,162.70316199
2019-05-04,281793,162.28141439
2019-05-05,275122,163.42616626
2019-05-06,282988,161.43477238
2019-05-07,311169,173.12724369
2019-05-08,295238,169.39350477
2019-05-09,293576,168.8154455
2019-05-10,310017,172.79554142
2019-05-11,332049,176.78295696
2019-05-12,328404,193.07480365
2019-05-13,307988,201.3120468
2019-05-14,374193,206.6510451
2019-05-15,383350,235.8972991
2019-05-16,408368,273.63561907
2019-05-17,412629,231.06130806
2019-05-18,328266,242.35294916
2019-05-19,339176,254.93370101
2019-05-20,361011,247.31109249
2019-05-21,373940,251.44507282
2019-05-22,365510,255.13805145
2019-05-23,360334,243.48263594
2019-05-24,377207,253.58425432
2019-05-25,341565,251.97048299
2019-05-26,338088,249.42906149
2019-05-27,367612,272.6353354
2019-05-28,376330,270.80549798
2019-05-29,359011,269.20298445
2019-05-30,383466,286.16032829
2019-05-31,368909,254.55683686
2019-06-01,488840,269.89409866
2019-06-02,516429,265.99425257
2019-06-03,417530,269.67947635
2019-06-04,411661,249.52699362
2019-06-05,342402,240.82336916
2019-06-06,411831,243.46136036
2019-06-07,346838,250.06909752
2019-06-08,293021,249.49875328
2019-06-09,363816,243.25500568
2019-06-10,346674,235.13546214
2019-06-11,369299,240.85089069
2019-06-12,507673,248.62021604
2019-06-13,359681,260.22363801
2019-06-14,387240,258.27281611
2019-06-15,324184,265.11867876
2019-06-16,401030,272.88462185
2019-06-17,413973,270.44971705
2019-06-18,391278,267.17305217
2019-06-19,368833,266.99919451
2019-06-20,309144,270.06514542
2019-06-21,400280,279.74676755
2019-06-22,410359,304.72963984
2019-06-23,356991,311.39248258
2019-06-24,372800,308.00093794
2019-06-25,354879,311.30134191
2019-06-26,417038,330.85495854
2019-06-27,389124,307.31087852
2019-06-28,364994,307.25835227
2019-06-29,321736,297.52159415
2019-06-30,286863,297.37414316
2019-07-01,312423,299.79081422
2019-07-02,373789,288.35521984
2019-07-03,405660,295.92959599
2019-07-04,374130,295.66938295
2019-07-05,336669,285.83090685
2019-07-06,318501,295.18927348
2019-07-07,328851,288.83300191
2019-07-08,338162,305.24923115
2019-07-09,384387,316.07101752
2019-07-10,361476,310.58157195
2019-07-11,338176,283.99714584
2019-07-12,356063,272.81284205
2019-07-13,311635,273.51096041
2019-07-14,301692,235.1578918
2019-07-15,367182,230.38300709
2019-07-16,306742,221.84767807
2019-07-17,302552,198.42058013
2019-07-18,330818,224.34023034
2019-07-19,310119,223.01852402
2019-07-20,306671,226.9043363
2019-07-21,301798,225.50760783
2019-07-22,327460,215.78268766
2019-07-23,321201,217.23590134
2019-07-24,281043,215.18162369
2019-07-25,300729,222.23141333
2019-07-26,304721,216.76268528
2019-07-27,300467,222.42141267
2019-07-28,306291,207.79524287
2019-07-29,313015,213.26799038
2019-07-30,345642,212.60851121
2019-07-31,322972,212.37162749
2019-08-01,287300,214.66226136
2019-08-02,314301,221.16568616
2019-08-03,255977,221.20734343
2019-08-04,319775,222.03981343
2019-08-05,350631,230.24690418
2019-08-06,359719,229.85834506
2019-08-07,341256,224.72117032
2019-08-08,330154,226.05403909
2019-08-09,322908,210.10533079
2019-08-10,318969,211.63543068
2019-08-11,303994,210.6548487
2019-08-12,382234,213.82364617
2019-08-13,326780,206.09014466
2019-08-14,326703,205.36691407
2019-08-15,330783,186.01241401
2019-08-16,318572,187.88629369
2019-08-17,327226,184.65766072
2019-08-18,292479,184.28067701
2019-08-19,316095,196.41888543
2019-08-20,311559,197.50548253
2019-08-21,326474,183.72338414
2019-08-22,323401,191.27614199
2019-08-23,324693,194.81554139
2019-08-24,316451,188.25622043
2019-08-25,310550,190.08217567
2019-08-26,319331,191.49841012
2019-08-27,324340,187.10460695
2019-08-28,314762,187.5771005
2019-08-29,328284,170.68617588
2019-08-30,309430,168.71978307
2019-08-31,296644,169.82392168
2019-09-01,287960,170.71440414
2019-09-02,321096,173.0448614
2019-09-03,329421,179.17299517
2019-09-04,309187,176.83746889
2019-09-05,331696,175.49971565
2019-09-06,327852,176.87097157
2019-09-07,310229,169.97234473
2019-09-08,297034,182.34361372
2019-09-09,323587,181.8847563
2019-09-10,316016,180.17223554
2019-09-11,322481,180.29132512
2019-09-12,304365,180.31877483
2019-09-13,289155,178.91011263
2019-09-14,274449,180.71247343
2019-09-15,282992,186.54826578
2019-09-16,337687,194.27766815
2019-09-17,317688,197.83365607
2019-09-18,302684,211.14320706
2019-09-19,309767,205.91359757
2019-09-20,344706,219.42755156
2019-09-21,276788,218.298517
2019-09-22,262769,211.03004565
2019-09-23,264460,210.15486902
2019-09-24,294239,201.97549017
2019-09-25,293119,171.1763985
2019-09-26,293020,169.40640372
2019-09-27,281694,165.66021136
2019-09-28,277621,171.60774862
2019-09-29,261663,172.66037788
2019-09-30,275545,169.11750378
2019-10-01,354803,183.09185855
2019-10-02,338878,176.65458977
2019-10-03,314271,173.24897594
2019-10-04,290611,176.13673365
2019-10-05,284994,175.83818171
2019-10-06,344547,175.75412517
2019-10-07,310269,173.71060389
2019-10-08,313435,179.48679056
2019-10-09,322931,181.18882968
2019-10-10,348293,192.44363397
2019-10-11,330026,194.02723587
2019-10-12,303419,185.03068545
2019-10-13,270959,184.61459905
2019-10-14,292243,182.92572234
2019-10-15,320494,183.05058324
2019-10-16,311838,180.47406874
2019-10-17,297603,175.33111852
2019-10-18,328199,176.88636904
2019-10-19,313820,174.44228878
2019-10-20,259643,174.01950917
2019-10-21,285141,175.13990791
2019-10-22,288290,173.88437924
2019-10-23,290166,167.87755694
2019-10-24,296202,162.71239592
2019-10-25,292056,174.89685151
2019-10-26,321873,180.94152815
2019-10-27,277063,178.31770981
2019-10-28,305499,185.19086666
2019-10-29,301061,184.40985758
2019-10-30,295693,189.56678726
2019-10-31,298218,184.39415398
2019-11-01,303147,181.86176603
2019-11-02,270018,184.60689245
2019-11-03,244895,182.36803089
2019-11-04,268760,182.34832579
2019-11-05,303814,186.49517919
2019-11-06,321491,191.54946715
2019-11-07,387008,189.87931995
2019-11-08,308430,187.63377229
2019-11-09,260274,184.18965206
2019-11-10,261964,187.214747
2019-11-11,286736,189.51865776
2019-11-12,298769,185.20902232
2019-11-13,303841,187.50289847
2019-11-14,296661,185.76090437
2019-11-15,273096,183.63831525
2019-11-16,257925,181.19478166
2019-11-17,239774,183.14235983
2019-11-18,282660,183.899177
2019-11-19,302940,176.76744756
2019-11-20,286002,176.82053197
2019-11-21,303180,175.84320407
2019-11-22,346777,161.0926327
2019-11-23,311862,152.58598227
2019-11-24,279462,147.56782166
2019-11-25,317467,138.16655543
2019-11-26,300694,146.93194631
2019-11-27,276605,148.09769753
2019-11-28,265453,153.43449641
2019-11-29,284932,152.685764
2019-11-30,294345,155.91974526
2019-12-01,244973,150.2851226
2019-12-02,300077,148.10068995
2019-12-03,268676,149.26220817
2019-12-04,267204,145.78687285
2019-12-05,283894,146.00921879
2019-12-06,275041,148.91537747
2019-12-07,227286,149.66247941
2019-12-08,211684,152.08287613
2019-12-09,257686,149.53757375
2019-12-10,281484,145.92498232
2019-12-11,264813,143.79816052
2019-12-12,291688,143.85604398
2019-12-13,345263,145.41101227
2019-12-14,360636,142.76884954
2019-12-15,335376,141.97964606
2019-12-16,334785,141.64796521
2019-12-17,304223,132.84188804
2019-12-18,312514,127.15293177
2019-12-19,300993,130.72177589
2019-12-20,306998,128.18483576
2019-12-21,357063,128.16124296
2019-12-22,330872,130.5145204
2019-12-23,328166,134.07429255
2019-12-24,313128,128.09848636
2019-12-25,337835,126.53648507
2019-12-26,332705,126.9632116
2019-12-27,264898,126.46105716
2019-12-28,260436,128.12058302
2019-12-29,284168,132.57324834
2019-12-30,294921,131.78896208
2019-12-31,246134,131.24279818
2020-01-01,242900,130.26650886
2020-01-02,230082,130.02826419
2020-01-03,271554,132.71730974
2020-01-04,254886,133.57757046
2020-01-05,254925,137.83085676
2020-01-06,275310,139.44565699
2020-01-07,293364,143.88356205
2020-01-08,301226,144.98913724
2020-01-09,297147,138.69440815
2020-01-10,308446,137.98409606
2020-01-11,342607,143.56955042
2020-01-12,248133,145.09539087
2020-01-13,272491,143.13909331
2020-01-14,302272,156.49368514
2020-01-15,344006,162.78312133
2020-01-16,336841,160.26939027
2020-01-17,318023,165.27554911
2020-01-18,302990,172.0456163
2020-01-19,302890,165.38071297
2020-01-20,271130,165.58240048
2020-01-21,276482,168.95726392
2020-01-22,326964,168.94138342
2020-01-23,271588,163.47712397
2020-01-24,236393,162.90022032
2020-01-25,217116,160.86723878
2020-01-26,220050,161.94303989
2020-01-27,237405,168.54302047
2020-01-28,260234,172.88865979
2020-01-29,252582,175.87737236
2020-01-30,250339,174.09067987
2020-01-31,273050,179.52458939
2020-02-01,255770,181.70473255
2020-02-02,250342,192.39013412
2020-02-03,296073,188.86444642
2020-02-04,255882,188.2618418
2020-02-05,275312,189.67567241
2020-02-06,318988,212.13427618
2020-02-07,304550,220.89196382
2020-02-08,363098,224.57768192
2020-02-09,330695,227.34390121
2020-02-10,324089,226.05816286
2020-02-11,339950,219.26145334
2020-02-12,388943,243.56032126
2020-02-13,422642,270.68683607
2020-02-14,356563,273.32074508
2020-02-15,346559,281.7531633
2020-02-16,349202,271.1314578
2020-02-17,393341,256.52885905
2020-02-18,340432,268.57090492
2020-02-19,375085,279.54845984
2020-02-20,340926,261.85653909
2020-02-21,343862,264.38452056
2020-02-22,321596,263.15573174
2020-02-23,350662,269.10827317
2020-02-24,337371,268.25178867
2020-02-25,326118,262.55860417
2020-02-26,363488,239.75083677
2020-02-27,392964,218.94943323
2020-02-28,393800,226.61833825
2020-02-29,342112,225.64032417
2020-03-01,334962,221.05105074
2020-03-02,336034,219.85442046
2020-03-03,383633,231.23307225
2020-03-04,329955,223.06574507
2020-03-05,357558,231.39797332
2020-03-06,328107,236.25013413
2020-03-07,342300,246.06525547
2020-03-08,309801,218.79580597
2020-03-09,404327,193.83847771
2020-03-10,381021,198.59261905
2020-03-11,347082,192.93291084
2020-03-12,406803,184.45073321
2020-03-13,431756,125.09546188
2020-03-14,461955,134.39237044
2020-03-15,471949,122.21333234
2020-03-16,477602,122.92434562
2020-03-17,471076,114.42322402
2020-03-18,475089,113.97308263
2020-03-19,497133,116.06544493
2020-03-20,500079,130.26905812
2020-03-21,563388,132.77327714
2020-03-22,461206,128.60276424
2020-03-23,417967,128.83833254
2020-03-24,444473,136.39151692
2020-03-25,378790,136.06864064
2020-03-26,427698,137.26124377
2020-03-27,432172,138.98800274
2020-03-28,395274,128.94152484
2020-03-29,350360,130.30150782
2020-03-30,358531,127.0174613
2020-03-31,379660,132.82140441
2020-04-01,371451,133.08973185
2020-04-02,352276,139.34606937
2020-04-03,384400,141.5668566
2020-04-04,334189,142.99152608
2020-04-05,359166,144.27176134
2020-04-06,361300,159.48823401
2020-04-07,414023,170.02672152
2020-04-08,388035,171.28231057
2020-04-09,454749,170.92983964
2020-04-10,409492,165.32446127
2020-04-11,388323,157.94625747
2020-04-12,413236,162.04623024
2020-04-13,415324,153.45940254
2020-04-14,422887,159.92496295
2020-04-15,391466,155.98766634
2020-04-16,400798,172.04137728
2020-04-17,408218,171.50302401
2020-04-18,444123,173.59056189
2020-04-19,408893,187.23725939
2020-04-20,428524,185.00207349
2020-04-21,411450,171.31735959
2020-04-22,398126,183.23762678
2020-04-23,425089,188.70087792
2020-04-24,441989,189.37492562
2020-04-25,413425,196.16322903
2020-04-26,443113,196.20339337
2020-04-27,422769,198.32078881
2020-04-28,416884,195.94571691
2020-04-29,456417,211.34712827
2020-04-30,451825,210.6700229
2020-05-01,443056,209.96295951
2020-05-02,426606,215.3560633
2020-05-03,451431,209.58828287
2020-05-04,427724,207.33901767
2020-05-05,386336,208.17517059
2020-05-06,414272,208.67731999
2020-05-07,424608,205.59506292
2020-05-08,443008,212.64090671
2020-05-09,441503,212.7155415
2020-05-10,454288,188.896264
2020-05-11,449832,189.39806302
2020-05-12,429020,190.97816251
2020-05-13,395681,190.5880142
2020-05-14,408796,201.92205999
2020-05-15,416963,197.7494496
2020-05-16,401450,198.77863691
2020-05-17,421482,201.40760071
2020-05-18,424487,214.52060241
2020-05-19,426571,210.44895181
2020-05-20,439343,209.43711967
2020-05-21,430285,209.59551899
2020-05-22,435070,204.81500786
2020-05-23,456325,207.20547137
2020-05-24,396204,209.73094916
2020-05-25,413561,202.02487707
2020-05-26,432748,200.58250263
2020-05-27,437298,203.29083474
2020-05-28,446656,208.09102733
2020-05-29,474312,222.40186368
2020-05-30,477211,220.97353091
2020-05-31,450651,237.67266689
2020-06-01,461730,237.97739129
2020-06-02,495004,234.53400693
2020-06-03,472496,238.32092815
2020-06-04,493365,243.66412757
2020-06-05,539998,243.57612717
2020-06-06,557724,240.63582306
2020-06-07,456433,243.32285265
2020-06-08,418746,244.52323315
2020-06-09,483210,243.64590992
2020-06-10,461578,244.75165014
2020-06-11,447689,240.94116391
2020-06-12,445393,236.51602503
2020-06-13,481788,236.96762036
2020-06-14,459396,238.43613756
2020-06-15,466491,227.42742948
2020-06-16,477800,233.60175865
2020-06-17,464129,233.35175663
2020-06-18,459608,233.69693436
2020-06-19,509574,228.53497528
2020-06-20,555110,229.27615605
2020-06-21,493938,230.16483454
2020-06-22,514930,239.17136426
2020-06-23,500225,241.42578084
2020-06-24,546637,245.49549274
2020-06-25,522593,231.19836623
2020-06-26,580680,232.79656007
2020-06-27,503048,230.67013255
2020-06-28,573520,226.52579469
2020-06-29,562275,225.50695688
2020-06-30,587494,227.91715336
2020-07-01,572261,228.97489372
2020-07-02,556903,226.82825871
2020-07-03,564281,227.12363921
2020-07-04,587822,225.9887433
2020-07-05,608396,225.36687458
2020-07-06,573010,237.49782226
2020-07-07,584488,239.46660032
2020-07-08,574306,245.22050952
2020-07-09,571276,244.49744183
2020-07-10,573424,240.08901159
2020-07-11,601861,239.52621874
2020-07-12,626447,241.03528618
2020-07-13,593135,241.45613033
2020-07-14,590266,240.29711296
2020-07-15,580804,239.63711323
2020-07-16,543373,238.12151832
2020-07-17,500726,233.06160527
2020-07-18,522578,236.01727318
2020-07-19,504482,234.9187603
2020-07-20,547439,237.65129353
2020-07-21,494206,243.46138237
2020-07-22,509805,244.67356402
2020-07-23,542006,263.20389899
2020-07-24,526904,276.72436671
2020-07-25,542338,282.86467774
2020-07-26,575099,302.08866198
2020-07-27,587377,314.62428757
2020-07-28,642537,321.1960502
2020-07-29,606057,321.95009765
2020-07-30,574133,318.51839879
2020-07-31,557923,343.8016278
2020-08-01,628265,351.32013632
2020-08-02,619714,367.65268641
2020-08-03,686085,392.56056794
2020-08-04,636847,390.70721351
2020-08-05,658051,389.42935955
2020-08-06,649077,399.19743167
2020-08-07,608811,386.60467247
2020-08-08,588884,391.21082139
2020-08-09,549407,396.27504582
2020-08-10,523247,396.6847536
2020-08-11,526353,384.07518697
2020-08-12,494835,384.94378598
2020-08-13,469297,397.70051705
2020-08-14,548291,435.1615319
2020-08-15,631656,438.75503412
2020-08-16,641927,431.13562809
2020-08-17,574787,427.00410209
2020-08-18,536733,422.53235688
2020-08-19,503429,411.34183602
2020-08-20,520119,415.42857416
2020-08-21,534357,415.51854518
2020-08-22,512806,391.47553329
2020-08-23,627556,392.8506568
2020-08-24,579656,402.14082695
2020-08-25,519505,402.40334084
2020-08-26,555007,384.323
2020-08-27,504584,385.859
2020-08-28,570836,386.985
2020-08-29,499471,403.945
2020-08-30,413297,405.475
2020-08-31,424631,421.147
2020-09-01,460020,463.113
2020-09-02,437387,466.813
2020-09-03,427747,437.184
2020-09-04,482531,386.318
2020-09-05,435617,380.77
2020-09-06,505087,340.084
2020-09-07,521012,344.4
2020-09-08,537421,346.769
2020-09-09,464199,341.871
2020-09-10,394870,363.924
2020-09-11,384112,362.306
2020-09-12,407594,368.483
2020-09-13,413585,387.652
2020-09-14,440905,369.284
2020-09-15,419375,375.509
2020-09-16,407978,365.793
2020-09-17,499492,380.315
2020-09-18,531963,386.224
2020-09-19,483609,378.197
2020-09-20,518091,381.224
2020-09-21,481405,369.865
2020-09-22,485610,336.47
2020-09-23,465033,335.898
2020-09-24,512893,327.895
2020-09-25,445853,342.924
2020-09-26,524028,350.661
2020-09-27,500550,354.384
2020-09-28,469804,357.35
2020-09-29,449644,354.961
2020-09-30,420898,354.571
2020-10-01,442896,363.959
2020-10-02,477762,342.018
2020-10-03,508258,346.228
2020-10-04,474116,348.355
2020-10-05,459848,351.193
2020-10-06,443036,350.855
2020-10-07,436441,341.327
2020-10-08,454936,336.618
2020-10-09,474619,350.545
2020-10-10,475619,374.994
2020-10-11,503448,372.24
2020-10-12,608417,374.134
2020-10-13,527230,382.99
2020-10-14,493439,382.471
2020-10-15,609098,378.974
2020-10-16,668842,369.814
2020-10-17,673311,368.038
2020-10-18,639346,374.022
2020-10-19,588963,375.153
2020-10-20,484772,375.78
2020-10-21,532474,379.146
2020-10-22,530559,395.107
2020-10-23,525456,412.905
2020-10-24,591470,410.813
2020-10-25,552306,409.996
2020-10-26,586632,405.177
2020-10-27,520914,394.808
2020-10-28,544199,397.55
2020-10-29,471236,388.139
2020-10-30,463696,378.727
2020-10-31,544579,384.938
2020-11-01,532532,389.574
2020-11-02,522440,399.805
2020-11-03,508431,375.562
2020-11-04,593286,378.407
2020-11-05,584237,403.61
2020-11-06,563816,435.998
2020-11-07,569065,457.34
2020-11-08,574938,437.229
2020-11-09,587088,445.673
2020-11-10,552400,449.865
2020-11-11,634165,463.022
2020-11-12,616595,465.138
2020-11-13,631680,461.282
2020-11-14,545852,467.639
2020-11-15,568643,461.149
2020-11-16,535858,455.151
2020-11-17,517632,466.196
2020-11-18,549692,476.354
2020-11-19,493204,472.582
2020-11-20,542993,490.843
2020-11-21,587277,510.629
2020-11-22,555580,542.855
2020-11-23,600414,581.396
2020-11-24,588998,605.713
2020-11-25,582899,593.233
2020-11-26,579556,516.841
2020-11-27,582954,518.394
2020-11-28,656278,514.494
2020-11-29,775548,542.005
2020-11-30,605726,585.931
2020-12-01,600998,611.457
2020-12-02,487554,598.515
2020-12-03,518072,598.914
2020-12-04,504192,605.208
2020-12-05,531350,585.401
2020-12-06,563900,600.54
2020-12-07,517506,601.208
2020-12-08,510415,589.094
2020-12-09,516144,539.286
2020-12-10,487689,563.55
2020-12-11,484392,541.876
2020-12-12,523076,559.563
2020-12-13,581918,579.267
2020-12-14,592924,586.144
2020-12-15,546395,585.502
2020-12-16,592300,584.977
2020-12-17,689641,648.132
2020-12-18,585219,644.56
2020-12-19,583074,649.565
2020-12-20,508293,656.262
2020-12-21,498355,645.999
2020-12-22,515701,595.695
2020-12-23,536463,616.578
2020-12-24,545846,581.81
2020-12-25,516866,611.912
2020-12-26,469999,624.794
2020-12-27,507019,649.581
2020-12-28,569688,733.778
2020-12-29,556425,707.811
2020-12-30,540642,734.654
2020-12-31,513361,748.864
2021-01-01,525653,738.554
2021-01-02,525853,767.28605789
2021-01-03,525823,773.78175013
2021-01-04,663852,1045.586
2021-01-05,614374,1004.476
2021-01-06,622093,1109.529
2021-01-07,677185,1190.206
2021-01-08,663654,1204.996
2021-01-09,617140,1194.602
2021-01-10,650312,1347.931
2021-01-11,632335,1070.844
2021-01-12,617698,1141.299
2021-01-13,559867,1072.729
2021-01-14,571048,1148.518
2021-01-15,628595,1233.948
2021-01-16,577236,1182.671
2021-01-17,581654,1184.177
2021-01-18,574707,1218.045
2021-01-19,599795,1375.472
2021-01-20,597853,1373.569
2021-01-21,554033,1307.813
2021-01-22,562314,1133.53
2021-01-23,531319,1260.578
2021-01-24,524146,1312.597
2021-01-25,533308,1423.177
2021-01-26,570392,1320.525
2021-01-27,529772,1302.016
2021-01-28,541702,1285.27
2021-01-29,636021,1319.051
2021-01-30,627823,1349.892
2021-01-31,587258,1346.449
2021-02-01,602515,1320.069
2021-02-02,594709,1419.065
2021-02-03,643737,1548.021
2021-02-04,679490,1665.8
2021-02-05,618960,1660.576
2021-02-06,650386,1681.12
2021-02-07,644401,1635.058
2021-02-08,642056,1641.181
2021-02-09,647257,1753.792
2021-02-10,628228,1815.127
2021-02-11,640070,1739.973
2021-02-12,607709,1770.62
2021-02-13,592197,1810.867
2021-02-14,566038,1838.09
2021-02-15,592668,1753.012
2021-02-16,596450,1798.692
2021-02-17,578106,1806.601
2021-02-18,620551,1898.429
2021-02-19,641995,1918.801
2021-02-20,658925,1999.934
2021-02-21,638890,1914.252
2021-02-22,625602,1888.087
2021-02-23,663279,1591.943
2021-02-24,666402,1645.739
2021-02-25,630243,1636.277
2021-02-26,626795,1416.608
2021-02-27,598319,1491.979
2021-02-28,583840,1348.697
2021-03-01,606131,1440.6
2021-03-02,585382,1539.224
2021-03-03,606587,1567.16
2021-03-04,586476,1560.518
2021-03-05,562451,1480.0
2021-03-06,553421,1585.191
2021-03-07,502541,1682.79
2021-03-08,537708,1690.425
2021-03-09,580306,1813.659
2021-03-10,598590,1812.074
2021-03-11,647511,1770.391
2021-03-12,607127,1792.458
2021-03-13,597305,1788.715
2021-03-14,614396,1887.732
2021-03-15,605302,1799.154
2021-03-16,610883,1800.663
2021-03-17,600455,1784.397
2021-03-18,613168,1814.534
2021-03-19,621438,1793.18
2021-03-20,595721,1823.564
2021-03-21,608986,1779.703
2021-03-22,572621,1789.836
2021-03-23,617378,1679.069
2021-03-24,605449,1695.929
2021-03-25,645064,1576.537
2021-03-26,626971,1636.389
2021-03-27,597720,1692.118
2021-03-28,606226,1718.128
2021-03-29,583825,1704.818
2021-03-30,587749,1817.695
2021-03-31,625500,1814.751
2021-04-01,666123,1926.697
2021-04-02,676220,1996.558
2021-04-03,645680,2111.577
2021-04-04,609803,2033.063
2021-04-05,634910,2030.72
2021-04-06,645791,2095.259
2021-04-07,638515,2078.969
2021-04-08,630063,2023.208
2021-04-09,635811,2076.849
2021-04-10,653335,2158.767
2021-04-11,715007,2129.453
2021-04-12,687014,2182.728
2021-04-13,693012,2166.35
2021-04-14,707380,2374.619
2021-04-15,633473,2474.784
2021-04-16,667125,2425.607
2021-04-17,731031,2465.05
2021-04-18,708188,2214.949
2021-04-19,719540,2274.54
2021-04-20,790676,2096.829
2021-04-21,803845,2290.984
2021-04-22,824388,2482.854
2021-04-23,778959,2133.555
2021-04-24,873055,2277.834
2021-04-25,979811,2194.006
2021-04-26,784416,2456.575
2021-04-27,777380,2544.483
2021-04-28,759412,2612.258
2021-04-29,741825,2731.784
2021-04-30,762961,2776.607
2021-05-01,802428,2853.384
2021-05-02,817919,2896.554
2021-05-03,755882,3143.779
2021-05-04,816990,3326.884
2021-05-05,805705,3340.197
2021-05-06,830649,3442.802
2021-05-07,807172,3440.036
2021-05-08,851242,3539.629
2021-05-09,963518,3949.514
2021-05-10,901470,4114.827
2021-05-11,948363,3968.521
2021-05-12,909768,4311.684
2021-05-13,913467,3968.691
2021-05-14,857890,3888.501
2021-05-15,833150,3916.265
2021-05-16,770196,3854.966
2021-05-17,765685,3525.279
2021-05-18,726910,3505.803
2021-05-19,794288,2989.084
2021-05-20,828620,2713.535
2021-05-21,730543,2691.51
2021-05-22,713157,2245.141
2021-05-23,737735,2154.164
2021-05-24,752473,2293.335
2021-05-25,673055,2656.371
2021-05-26,697716,2887.582
2021-05-27,733233,2735.811
2021-05-28,688167,2567.561
2021-05-29,798345,2491.822
2021-05-30,752490,2457.191
2021-05-31,743079,2446.77
2021-06-01,737005,2652.619
2021-06-02,648116,2689.245
2021-06-03,692737,2815.143
2021-06-04,720328,2618.303
2021-06-05,772502,2781.692
2021-06-06,876728,2691.031
2021-06-07,691525,2765.091
2021-06-08,634507,2504.845
2021-06-09,644723,2511.897
2021-06-10,652586,2549.427
2021-06-11,657889,2447.836
2021-06-12,643401,2324.431
2021-06-13,740272,2324.39
2021-06-14,635996,2497.655
2021-06-15,667177,2621.46
2021-06-16,609172,2529.594
2021-06-17,589363,2443.438
2021-06-18,603345,2342.092
2021-06-19,582114,2240.949
2021-06-20,626052,2199.985
2021-06-21,661727,2012.064
2021-06-22,670537,1938.913
2021-06-23,653020,2006.469
2021-06-24,667993,1920.13
2021-06-25,664328,1945.004
2021-06-26,708424,1751.054
2021-06-27,726730,1869.225
2021-06-28,790317,2048.917
2021-06-29,736520,2133.623
2021-06-30,661595,2159.196
2021-07-01,631344,2135.487
2021-07-02,645922,2063.882
2021-07-03,662284,2198.461
2021-07-04,688168,2336.429
2021-07-05,658321,2274.121
2021-07-06,603645,2339.325
2021-07-07,626818,2375.341
2021-07-08,598466,2172.922
2021-07-09,625804,2118.773
2021-07-10,587161,2123.156
2021-07-11,586368,2098.616
2021-07-12,567935,2146.921
2021-07-13,572084,2028.396
2021-07-14,594677,1899.752
2021-07-15,547264,1953.491
2021-07-16,291181,1904.963
2021-07-17,487430,1879.483
2021-07-18,305802,1957.833
2021-07-19,395733,1893.869
2021-07-20,410767,1765.66
2021-07-21,406030,1871.425
2021-07-22,415853,1992.152
2021-07-23,432335,2062.25
2021-07-24,439215,2135.875
2021-07-25,396293,2177.222
2021-07-26,414136,2329.702
2021-07-27,545135,2205.895
2021-07-28,512540,2297.331
2021-07-29,442607,2296.385
2021-07-30,437234,2399.557
2021-07-31,441633,2443.645
2021-08-01,426838,2587.389
2021-08-02,456293,2617.858
2021-08-03,438254,2490.874
2021-08-04,434185,2471.762
2021-08-05,428579,2680.316
2021-08-06,452862,2769.405
2021-08-07,522835,2960.576
2021-08-08,529080,3140.192
2021-08-09,512669,2946.105
2021-08-10,529562,3146.639
2021-08-11,530150,3231.465
2021-08-12,536290,3144.368
2021-08-13,523162,3227.004
2021-08-14,502567,3309.366
2021-08-15,491116,3157.756
2021-08-16,512295,3277.219
2021-08-17,547432,3167.207
2021-08-18,523594,3031.928
2021-08-19,548890,2981.949
2021-08-20,558717,3214.852
2021-08-21,559042,3295.274
2021-08-22,509089,3266.142
2021-08-23,523458,3327.004
2021-08-24,523927,3349.916
2021-08-25,495453,3185.137
2021-08-26,487427,3101.657
2021-08-27,492368,3128.655
2021-08-28,493918,3234.435
2021-08-29,483520,3210.049
2021-08-30,494605,3181.163
2021-08-31,546771,3352.854
2021-09-01,533539,3514.949
2021-09-02,565431,3738.052
2021-09-03,519976,3800.17
2021-09-04,528938,3918.382
2021-09-05,484219,3870.989
2021-09-06,516678,3945.368
2021-09-07,536765,3886.451
2021-09-08,552474,3271.004
2021-09-09,511012,3502.215
2021-09-10,582532,3402.989
2021-09-11,613695,3241.824
2021-09-12,583402,3323.531
2021-09-13,622103,3201.041
2021-09-14,593249,3310.29
2021-09-15,575013,3397.536
2021-09-16,533763,3635.19
2021-09-17,553755,3518.521
2021-09-18,524542,3500.923
2021-09-19,515463,3438.523
2021-09-20,486577,3116.236
2021-09-21,497287,3067.58
2021-09-22,527052,2945.822
2021-09-23,525520,3146.573
2021-09-24,511285,2927.843
2021-09-25,499587,2890.092
2021-09-26,468156,2777.896
2021-09-27,489754,3098.286
2021-09-28,479397,2895.497
2021-09-29,497017,2924.041
2021-09-30,480862,3000.182
2021-10-01,546452,3093.867
2021-10-02,501647,3283.993
2021-10-03,514927,3394.686
2021-10-04,468091,3366.027
2021-10-05,526416,3394.255
2021-10-06,583530,3455.964
2021-10-07,704658,3611.851
2021-10-08,634791,3602.427
2021-10-09,570734,3604.781
2021-10-10,543712,3582.362
2021-10-11,502734,3613.426
2021-10-12,555215,3483.067
2021-10-13,524613,3436.817
2021-10-14,553333,3631.106
2021-10-15,544416,3811.252
2021-10-16,590470,3847.484
2021-10-17,551765,3879.788
2021-10-18,577632,3838.741
2021-10-19,575144,3809.571
2021-10-20,597438,3855.165
2021-10-21,635394,4168.182
2021-10-22,590380,4136.177
2021-10-23,601013,4020.078
2021-10-24,610332,4094.972
2021-10-25,582308,4149.958
2021-10-26,620826,4199.489
2021-10-27,621007,4144.402
2021-10-28,711479,4015.071
2021-10-29,737487,4306.163
2021-10-30,719855,4350.46
2021-10-31,666532,4316.342
2021-11-01,655966,4300.714
2021-11-02,691365,4345.203
2021-11-03,723710,4611.42
2021-11-04,697145,4523.864
2021-11-05,674966,4532.89
2021-11-06,647242,4472.83
2021-11-07,639015,4546.21
2021-11-08,665018,4732.6
2021-11-09,635500,4789.0
2021-11-10,674030,4721.22
2021-11-11,674870,4696.32
2021-11-12,655590,4709.94
2021-11-13,658779,4640.24
2021-11-14,653515,4602.16
2021-11-15,637598,4684.52
2021-11-16,616780,4304.97
2021-11-17,681974,4184.84
2021-11-18,623021,4249.73
2021-11-19,615436,4061.1
2021-11-20,574704,4284.09
2021-11-21,606561,4353.27
2021-11-22,553406,4191.45
2021-11-23,574448,4109.41
2021-11-24,616459,4272.25
2021-11-25,603016,4294.4
2021-11-26,618363,4334.06
2021-11-27,573551,4122.73
2021-11-28,553102,4072.2
2021-11-29,563733,4350.69
2021-11-30,635457,4413.74
2021-12-01,590152,4771.38
2021-12-02,620858,4561.56
2021-12-03,590525,4565.84
2021-12-04,553519,3880.21
2021-12-05,657238,4193.1
2021-12-06,755264,4068.4
2021-12-07,577773,4354.85
2021-12-08,666034,4361.41
2021-12-09,613766,4388.07
2021-12-10,625000,4039.98
2021-12-11,589983,3982.23
2021-12-12,574887,4058.7
2021-12-13,599015,3989.59
2021-12-14,583195,3781.44
2021-12-15,625151,3867.95
2021-12-16,623355,4015.74
2021-12-17,576854,3875.78
2021-12-18,573152,3894.19
2021-12-19,572302,3981.75
2021-12-20,571524,3839.22
2021-12-21,586418,4004.77
2021-12-22,590573,4052.47
2021-12-23,614478,3913.8
2021-12-24,618473,4089.85
2021-12-25,616058,4056.01
2021-12-26,596092,4038.45
2021-12-27,592600,4054.1
2021-12-28,603793,3917.7
2021-12-29,570518,3796.24
2021-12-30,576299,3713.71
2021-12-31,588769,3708.4
2022-01-01,555786,3716.05
2022-01-02,531530,3741.39
2022-01-03,555163,3809.3
2022-01-04,590982,3757.37
2022-01-05,596628,3814.9
2022-01-06,601038,3452.75
2022-01-07,586110,3192.11
2022-01-08,573946,3210.81
2022-01-09,504718,3132.37
2022-01-10,506789,3162.12
2022-01-11,551654,3132.91
2022-01-12,616218,3215.89
2022-01-13,626823,3341.18
2022-01-14,582469,3266.76
2022-01-15,581031,3309.53
2022-01-16,578768,3334.89
2022-01-17,565827,3274.22
2022-01-18,553999,3187.22
2022-01-19,577079,3058.17
2022-01-20,581527,3138.8
2022-01-21,557519,2882.18
2022-01-22,538781,2467.9
2022-01-23,533456,2490.17
2022-01-24,525273,2383.39
2022-01-25,548926,2382.98
2022-01-26,534877,2462.07
2022-01-27,518932,2406.88
2022-01-28,518319,2398.2
2022-01-29,533568,2563.33
2022-01-30,550337,2621.52
2022-01-31,564044,2522.08
2022-02-01,564422,2738.06
2022-02-02,559022,2750.5
2022-02-03,539300,2673.97
2022-02-04,553693,2805.7
2022-02-05,647276,3002.48
2022-02-06,603053,3014.03
2022-02-07,574846,3082.99
2022-02-08,600910,3176.41
2022-02-09,593432,3107.58
2022-02-10,610062,3194.07
2022-02-11,602009,3104.3
2022-02-12,585836,2923.46
2022-02-13,584284,2924.98
2022-02-14,610832,2883.37
2022-02-15,572217,3050.73
2022-02-16,559342,3150.14
2022-02-17,541218,3112.19
2022-02-18,513920,2904.77
2022-02-19,533709,2813.81
2022-02-20,538334,2655.15
2022-02-21,521653,2750.29
2022-02-22,528123,2523.0
2022-02-23,535083,2695.04
2022-02-24,561325,2375.04
2022-02-25,591815,2611.31
2022-02-26,585301,2790.25
2022-02-27,570671,2738.38
2022-02-28,527424,2635.08
2022-03-01,562212,2920.99
2022-03-02,601571,2975.4
2022-03-03,591448,2904.07
2022-03-04,588851,2732.21
2022-03-05,550258,2637.19
2022-03-06,572353,2644.37
2022-03-07,578713,2521.49
2022-03-08,620935,2533.93
2022-03-09,645634,2747.15
2022-03-10,689243,2595.5
2022-03-11,586793,2610.79
2022-03-12,583727,2588.38
2022-03-13,539648,2581.99
2022-03-14,552483,2588.63
2022-03-15,582947,2529.81
2022-03-16,720341,2647.35
2022-03-17,569231,2756.65
2022-03-18,690168,2794.49
2022-03-19,581283,2923.64
2022-03-20,575894,2926.72
2022-03-21,551701,2891.63
2022-03-22,682657,2994.99
2022-03-23,599790,2950.41
2022-03-24,575823,3040.07
2022-03-25,573358,3132.6
2022-03-26,559703,3139.52
2022-03-27,589639,3157.34
2022-03-28,582816,3321.64
2022-03-29,605326,3390.59
2022-03-30,561653,3410.13
2022-03-31,574864,3405.03
2022-04-01,539591,3281.05
2022-04-02,536485,3485.63
2022-04-03,494930,3490.04
2022-04-04,499735,3504.6
2022-04-05,514700,3527.94
2022-04-06,525330,3344.73
2022-04-07,521062,3226.3
2022-04-08,517997,3283.02
2022-04-09,533411,3210.1
2022-04-10,549119,3244.63
2022-04-11,520348,3181.24
2022-04-12,511733,3025.61
2022-04-13,485540,3051.4
2022-04-14,500826,3114.42
2022-04-15,566831,3034.48
2022-04-16,524236,3035.2
2022-04-17,510661,3038.06
2022-04-18,527127,2891.19
2022-04-19,552562,3039.95
2022-04-20,705970,3090.45
2022-04-21,517438,3104.03
2022-04-22,546818,3020.18
2022-04-23,523112,2958.99
2022-04-24,530471,2949.57
2022-04-25,523851,2814.04
2022-04-26,532203,3004.25
2022-04-27,547500,2882.83
2022-04-28,535292,2905.0
2022-04-29,555092,2926.96
2022-04-30,534452,2829.58
2022-05-01,489704,2767.0
2022-05-02,497365,2844.01
2022-05-03,470569,2842.6
2022-05-04,528692,2829.31
2022-05-05,544387,2934.63
2022-05-06,565006,2729.22
2022-05-07,521620,2672.64
2022-05-08,516333,2557.44
2022-05-09,566542,2448.28
2022-05-10,551859,2380.92
2022-05-11,503461,2308.29
2022-05-12,643795,1888.58
2022-05-13,690054,2046.37
2022-05-14,567564,2028.99
2022-05-15,547611,2034.07
2022-05-16,562574,2010.03
2022-05-17,529091,2068.23
2022-05-18,586034,2036.03
2022-05-19,521512,1950.75
2022-05-20,516747,2025.02
2022-05-21,513682,1977.47
2022-05-22,502588,1973.09
2022-05-23,495757,2065.5
2022-05-24,520017,1982.92
2022-05-25,492746,1975.38
2022-05-26,448766,1924.75
2022-05-27,468776,1763.84
2022-05-28,493297,1764.13
2022-05-29,546762,1781.05
2022-05-30,436920,1906.64
2022-05-31,510976,1969.76
2022-06-01,476819,1929.06
2022-06-02,437872,1824.24
2022-06-03,444564,1813.21
2022-06-04,441653,1767.34
2022-06-05,409899,1785.83
2022-06-06,448032,1890.26
2022-06-07,455357,1763.02
2022-06-08,414405,1806.19
2022-06-09,440088,1809.52
2022-06-10,472031,1787.66
2022-06-11,475158,1666.06
2022-06-12,465895,1470.1
2022-06-13,465843,1280.69
2022-06-14,494591,1242.08
2022-06-15,492888,1092.36
2022-06-16,496909,1164.75
2022-06-17,531796,1097.65
2022-06-18,488067,1002.75
2022-06-19,472152,954.72
2022-06-20,474572,1077.6
2022-06-21,469465,1147.04
2022-06-22,453448,1073.27
2022-06-23,456333,1091.8
2022-06-24,466537,1149.74
2022-06-25,433853,1233.46
2022-06-26,381948,1237.24
2022-06-27,445069,1225.34
2022-06-28,441704,1206.8
2022-06-29,419306,1128.96
2022-06-30,446743,1056.58
2022-07-01,530123,1065.57
2022-07-02,546672,1041.56
2022-07-03,536182,1062.48
2022-07-04,482657,1049.89
2022-07-05,516905,1157.88
2022-07-06,502604,1137.3
2022-07-07,526522,1175.69
2022-07-08,508506,1240.1
2022-07-09,531506,1224.18
2022-07-10,541875,1189.17
2022-07-11,486540,1142.53
2022-07-12,486472,1068.17
2022-07-13,514172,1069.19
2022-07-14,554695,1096.24
2022-07-15,562207,1212.23
2022-07-16,623073,1197.15
2022-07-17,597113,1363.03
2022-07-18,553846,1469.55
2022-07-19,526568,1511.82
2022-07-20,534748,1533.22
2022-07-21,547769,1487.88
2022-07-22,581372,1597.2
2022-07-23,575964,1578.33
2022-07-24,512058,1605.08
2022-07-25,561865,1524.14
2022-07-26,1178853,1409.78
2022-07-27,610751,1465.02
2022-07-28,541798,1615.2
2022-07-29,573162,1715.87
2022-07-30,570077,1715.77
2022-07-31,572135,1698.7
2022-08-01,692583,1694.11
2022-08-02,592983,1593.23
2022-08-03,612373,1628.53
2022-08-04,892340,1625.88
2022-08-05,603487,1663.91
2022-08-06,591386,1719.49
2022-08-07,597135,1685.6
2022-08-08,541057,1734.4
2022-08-09,532081,1781.92
2022-08-10,540142,1685.7
2022-08-11,512311,1878.89
2022-08-12,529687,1888.65
2022-08-13,536396,1996.83
2022-08-14,533867,2016.68
2022-08-15,489678,1900.65
2022-08-16,517076,1884.24
2022-08-17,537501,1891.93
2022-08-18,539173,1845.05
2022-08-19,506895,1745.62
2022-08-20,505252,1646.82
2022-08-21,526040,1585.02
2022-08-22,502377,1554.51
2022-08-23,490080,1599.46
2022-08-24,489184,1626.47
2022-08-25,510018,1708.08
2022-08-26,507710,1660.57
2022-08-27,507341,1508.31
2022-08-28,513915,1495.79
2022-08-29,480015,1454.0
2022-08-30,475552,1587.18
2022-08-31,471318,1585.92
2022-09-01,496731,1543.51
2022-09-02,520456,1594.53
2022-09-03,514082,1544.81
2022-09-04,607681,1546.18
2022-09-05,520553,1562.51
2022-09-06,534421,1658.11
2022-09-07,484722,1518.67
2022-09-08,496646,1612.17
2022-09-09,533719,1705.11
2022-09-10,496185,1710.88
2022-09-11,490141,1761.57
2022-09-12,488892,1760.0
2022-09-13,514698,1715.92
2022-09-14,554900,1609.03
2022-09-15,612441,1636.18
2022-09-16,709746,1471.45
2022-09-17,697665,1432.07
2022-09-18,574784,1454.02
2022-09-19,497378,1301.45
2022-09-20,497504,1357.79
2022-09-21,488344,1331.72
2022-09-22,507081,1278.94
2022-09-23,520835,1331.23
2022-09-24,667576,1322.69
2022-09-25,689264,1333.21
2022-09-26,609947,1295.08
2022-09-27,570982,1382.67
2022-09-28,666188,1285.68
2022-09-29,584308,1322.22
2022-09-30,532270,1340.39
2022-10-01,512733,1329.54
2022-10-02,503358,1311.14
2022-10-03,452067,1292.16
2022-10-04,496995,1350.02
2022-10-05,506276,1352.8
2022-10-06,554829,1368.76
2022-10-07,550688,1356.29
2022-10-08,573911,1330.8
2022-10-09,590594,1315.3
2022-10-10,599555,1316.95
2022-10-11,599641,1283.59
2022-10-12,567487,1294.67
2022-10-13,556968,1277.79
2022-10-14,552130,1321.96
2022-10-15,599350,1294.68
2022-10-16,504147,1283.5
2022-10-17,476363,1312.76
2022-10-18,455576,1337.19
2022-10-19,446885,1300.37
2022-10-20,510428,1292.49
2022-10-21,505436,1284.86
2022-10-22,496607,1300.21
2022-10-23,481731,1309.65
2022-10-24,515140,1337.26
2022-10-25,484306,1347.57
2022-10-26,498579,1518.11
2022-10-27,509009,1556.04
2022-10-28,511845,1493.14
2022-10-29,448608,1590.47
2022-10-30,494568,1629.63
2022-10-31,487258,1591.49
2022-11-01,499902,1590.47
2022-11-02,490667,1564.53
2022-11-03,519325,1544.26
2022-11-04,494396,1587.04
2022-11-05,505785,1651.71
2022-11-06,501177,1622.74
2022-11-07,496654,1549.47
2022-11-08,483437,1495.72
2022-11-09,508371,1274.56
2022-11-10,496120,1188.73
2022-11-11,510832,1275.54
2022-11-12,513845,1262.68
2022-11-13,538774,1248.52
2022-11-14,523212,1256.62
2022-11-15,567032,1265.93
2022-11-16,551461,1245.01
2022-11-17,557977,1202.34
2022-11-18,561755,1213.21
2022-11-19,546437,1206.01
2022-11-20,498489,1218.85
2022-11-21,485748,1122.27
2022-11-22,477171,1091.93
2022-11-23,526113,1165.18
2022-11-24,577486,1211.34
2022-11-25,606014,1184.56
2022-11-26,595517,1218.72
2022-11-27,539200,1216.97
2022-11-28,623286,1173.15
2022-11-29,562157,1205.2
2022-11-30,516796,1272.72
2022-12-01,510109,1280.79
2022-12-02,548227,1276.59
2022-12-03,556323,1276.77
2022-12-04,595721,1257.41
2022-12-05,579208,1297.68
2022-12-06,550932,1260.49
2022-12-07,511056,1224.55
2022-12-08,497390,1233.03
2022-12-09,1139327,1282.18
2022-12-10,1057833,1265.05
2022-12-11,693975,1276.58
2022-12-12,679505,1246.88
2022-12-13,527376,1266.63
2022-12-14,534515,1322.75
2022-12-15,531392,1287.66
2022-12-16,552840,1278.24
2022-12-17,558483,1183.49
2022-12-18,359363,1183.49
2022-12-19,503880,1180.14
2022-12-20,452301,1208.36
2022-12-21,522771,1211.24
2022-12-22,517987,1213.52
2022-12-23,524880,1221.97
2022-12-24,462386,1220.47
2022-12-25,535197,1219.91
2022-12-26,497311,1220.88
2022-12-27,480591,1222.13
2022-12-28,466756,1194.21
2022-12-29,465578,1194.29
2022-12-30,496607,1188.28
2022-12-31,520918,1196.47
2023-01-01,485029,1194.65
2023-01-02,453460,1213.19
2023-01-03,475513,1216.78
2023-01-04,515965,1252.47
2023-01-05,618054,1250.42
2023-01-06,487397,1247.37
2023-01-07,525777,1266.17
2023-01-08,676603,1263.74
2023-01-09,622908,1312.29
2023-01-10,518654,1323.34
2023-01-11,501937,1335.54
2023-01-12,522030,1398.46
2023-01-13,486980,1408.1
2023-01-14,509555,1553.57
2023-01-15,499447,1528.96
2023-01-16,528098,1566.13
2023-01-17,503934,1563.45
2023-01-18,557705,1582.54
2023-01-19,496985,1528.43
2023-01-20,500008,1550.61
2023-01-21,502231,1651.79
2023-01-22,496819,1627.4
2023-01-23,482973,1633.81
2023-01-24,474908,1635.49
2023-01-25,498912,1554.23
2023-01-26,490080,1605.41
2023-01-27,515173,1585.88
2023-01-28,479882,1592.56
2023-01-29,470738,1592.96
2023-01-30,494846,1627.26
2023-01-31,518280,1580.1
2023-02-01,508082,1575.84
2023-02-02,516557,1664.47
2023-02-03,503813,1637.54
2023-02-04,516993,1657.95
2023-02-05,524677,1668.37
2023-02-06,526440,1635.18
2023-02-07,533111,1632.14
2023-02-08,551105,1677.53
2023-02-09,516276,1630.5
2023-02-10,536616,1552.04
2023-02-11,522406,1521.21
2023-02-12,483420,1531.9
2023-02-13,509485,1524.24
2023-02-14,547863,1506.38
2023-02-15,504617,1548.02
2023-02-16,508623,1680.21
2023-02-17,497019,1653.81
2023-02-18,444732,1691.54
2023-02-19,425324,1693.62
2023-02-20,452794,1696.54
2023-02-21,473974,1704.82
2023-02-22,481944,1643.68
2023-02-23,498771,1667.28
2023-02-24,551890,1652.78
2023-02-25,514117,1603.15
2023-02-26,533644,1599.84
2023-02-27,527335,1637.14
2023-02-28,464510,1619.71
2023-03-01,476984,1651.13
2023-03-02,503192,1644.28
2023-03-03,502539,1568.9
2023-03-04,455906,1569.23
2023-03-05,417788,1568.65
2023-03-06,437620,1562.08
2023-03-07,437961,1569.63
2023-03-08,446798,1551.1
2023-03-09,452052,1536.53
2023-03-10,465710,1411.67
2023-03-11,433607,1437.0
2023-03-12,447866,1468.0
2023-03-13,564983,1614.03
2023-03-14,523618,1677.22
2023-03-15,512124,1712.46
2023-03-16,477344,1659.77
2023-03-17,494465,1721.53
2023-03-18,502675,1818.15
2023-03-19,485607,1778.41
2023-03-20,523206,1796.75
2023-03-21,535147,1736.03
2023-03-22,570516,1796.43
2023-03-23,548389,1754.59
2023-03-24,550864,1818.02
2023-03-25,526887,1750.43
2023-03-26,499445,1754.35
2023-03-27,515796,1753.61
2023-03-28,579665,1724.96
2023-03-29,572876,1804.85
2023-03-30,597583,1807.26
2023-03-31,563370,1795.4
2023-04-01,527244,1824.44
2023-04-02,509567,1821.32
2023-04-03,527263,1793.79
2023-04-04,509446,1812.92
2023-04-05,541108,1910.8
2023-04-06,507437,1880.16
2023-04-07,547292,1849.98
2023-04-08,511783,1873.23
2023-04-09,507290,1836.9
2023-04-10,553112,1860.31
2023-04-11,576561,1923.29
2023-04-12,551878,1871.45
2023-04-13,567773,1924.28
2023-04-14,636645,2106.72
2023-04-15,592791,2099.95
2023-04-16,620155,2099.33
2023-04-17,485090,2091.5
2023-04-18,466587,2100.6
2023-04-19,443217,2074.06
2023-04-20,429361,1948.99
2023-04-21,488869,1927.95
2023-04-22,533813,1850.25
2023-04-23,443887,1875.63
2023-04-24,470352,1844.84
2023-04-25,495034,1815.78
2023-04-26,503821,1862.44
2023-04-27,518553,1886.02
2023-04-28,511824,1919.33
2023-04-29,498184,1903.77
2023-04-30,455654,1904.27
2023-05-01,413127,1849.8
2023-05-02,427617,1835.32
2023-05-03,455682,1865.93
2023-05-04,443930,1899.14
2023-05-05,480286,1895.82
2023-05-06,452317,1960.87
2023-05-07,394732,1908.51
2023-05-08,423034,1853.68
2023-05-09,466511,1850.54
2023-05-10,433517,1839.47
2023-05-11,408846,1829.71
2023-05-12,449394,1760.2
2023-05-13,469466,1804.17
2023-05-14,476637,1806.28
2023-05-15,480304,1829.31
2023-05-16,442928,1822.45
2023-05-17,442091,1808.31
2023-05-18,431820,1827.49
2023-05-19,450485,1806.58
2023-05-20,532589,1811.92
2023-05-21,522008,1817.66
2023-05-22,433478,1811.52
2023-05-23,445138,1853.49
2023-05-24,447705,1815.18
2023-05-25,454566,1778.63
2023-05-26,468686,1817.08
2023-05-27,473542,1830.16
2023-05-28,433556,1848.42
2023-05-29,439650,1900.53
2023-05-30,501064,1899.95
2023-05-31,477296,1870.28
2023-06-01,473538,1854.78
2023-06-02,511795,1886.28
2023-06-03,496173,1903.28
2023-06-04,478650,1900.66
2023-06-05,520074,1873.66
2023-06-06,525687,1814.06
2023-06-07,509650,1876.16
2023-06-08,520580,1842.37
2023-06-09,626190,1838.629252199229
2023-06-10,703813,1733.5
2023-06-11,846313,1754.11
2023-06-12,658803,1736.86
2023-06-13,649700,1748.7
2023-06-14,642321,1741.52
2023-06-15,646364,1636.12
2023-06-16,702648,1669.75
2023-06-17,607801,1743.92
2023-06-18,636396,1729.92
2023-06-19,656473,1724.75
2023-06-20,596144,1730.06
2023-06-21,613487,1813.09
2023-06-22,623242,1910.83
2023-06-23,635555,1881.63
2023-06-24,640213,1883.61
2023-06-25,636909,1912.55
2023-06-26,654020,1892.55
2023-06-27,634770,1875.06
2023-06-28,605560,1851.42
2023-06-29,563059,1847.69
2023-06-30,554471,1889.11
2023-07-01,627860,1920.19
2023-07-02,600634,1915.7
2023-07-03,588872,1968.01
2023-07-04,627727,1950.78
2023-07-05,423706,1936.69
2023-07-06,438070,1925.54
2023-07-07,521471,1855.22
2023-07-08,512537,1862.29
2023-07-09,550863,1867.92
2023-07-10,603276,1856.2
2023-07-11,608049,1883.48
2023-07-12,581598,1891.56
2023-07-13,550383,1870.68
2023-07-14,615941,1992.88
2023-07-15,643217,1942.64
2023-07-16,564197,1927.22
2023-07-17,547399,1929.73
2023-07-18,628621,1899.68
2023-07-19,592453,1909.44
2023-07-20,566934,1912.7
2023-07-21,583533,1889.99
2023-07-22,609933,1892.58
2023-07-23,528706,1875.5
2023-07-24,513971,1875.14
2023-07-25,495934,1851.14
2023-07-26,524198,1853.74
2023-07-27,509516,1872.23
2023-07-28,510195,1859.57
2023-07-29,577952,1872.97
2023-07-30,500878,1876.07
2023-07-31,622214,1865.46
2023-08-01,545409,1834.77
2023-08-02,547764,1856.33
2023-08-03,592263,1831.77
2023-08-04,577597,1836.89
2023-08-05,536920,1829.15
2023-08-06,545184,1833.58
2023-08-07,580421,1834.15
2023-08-08,562593,1828.88
2023-08-09,585967,1861.31
2023-08-10,499277,1849.52
2023-08-11,587610,1847.5
2023-08-12,560550,1849.7
2023-08-13,554530,1848.99
2023-08-14,580378,1848.23
2023-08-15,568076,1841.72
2023-08-16,534595,1825.92
2023-08-17,544287,1798.3
2023-08-18,597564,1689.98
2023-08-19,629711,1660.71
2023-08-20,648069,1665.78
2023-08-21,564450,1671.21
2023-08-22,544022,1666.67
2023-08-23,618825,1644.74
2023-08-24,522081,1674.97
2023-08-25,519406,1651.04
2023-08-26,638142,1652.65
2023-08-27,648795,1648.05
2023-08-28,554092,1640.88
2023-08-29,532639,1647.51
2023-08-30,631530,1717.78
2023-08-31,634330,1706.3
2023-09-01,630141,1646.17
2023-09-02,652901,1631.7
2023-09-03,733799,1635.83
2023-09-04,657800,1638.75
2023-09-05,846151,1624.09
2023-09-06,653263,1628.85
2023-09-07,729951,1635.57
2023-09-08,683845,1646.42
2023-09-09,589365,1634.17
2023-09-10,688155,1624.86
2023-09-11,651915,1611.95
2023-09-12,643459,1579.95
2023-09-13,1349849,1584.05
2023-09-14,693782,1621.83
2023-09-15,600444,1628.32
2023-09-16,534373,1637.28
2023-09-17,553710,1628.81
2023-09-18,552295,1634.38
2023-09-19,575451,1637.34
2023-09-20,631042,1635.09
2023-09-21,723299,1618.7
2023-09-22,891143,1595.92
2023-09-23,853697,1594.93
2023-09-24,682660,1592.57
2023-09-25,595967,1581.44
2023-09-26,659793,1588.99
2023-09-27,694599,1591.9
2023-09-28,599509,1617.89
2023-09-29,589975,1686.05
2023-09-30,549110,1672.57
2023-10-01,576387,1679.09
2023-10-02,543915,1730.67
2023-10-03,544695,1663.33
2023-10-04,552597,1644.95
2023-10-05,584973,1636.27
2023-10-06,621468,1630.97
2023-10-07,675726,1637.7
2023-10-08,837091,1629.59
2023-10-09,591148,1621.57
2023-10-10,593460,1590.88
2023-10-11,585525,1557.53
2023-10-12,661844,1559.36
2023-10-13,666795,1549.19
2023-10-14,814503,1547.8
2023-10-15,775285,1554.92
2023-10-16,760364,1579.72
2023-10-17,705599,1591.04
2023-10-18,706098,1572.43
2023-10-19,575788,1552.41
2023-10-20,576301,1584.77
2023-10-21,697168,1607.19
2023-10-22,623223,1631.35
2023-10-23,645286,1675.95
2023-10-24,564523,1808.96
2023-10-25,631617,1770.03
2023-10-26,542566,1847.2
2023-10-27,795027,1777.94
2023-10-28,669566,1787.98
2023-10-29,531210,1783.84
2023-10-30,577435,1787.97
2023-10-31,531193,1791.6
2023-11-01,645673,1804.99
2023-11-02,536986,1835.75
2023-11-03,596664,1798.09
2023-11-04,567969,1835.51
2023-11-05,534271,1886.72
2023-11-06,512900,1880.24
2023-11-07,547115,1893.42
2023-11-08,529673,1875.88
2023-11-09,541592,1913.1
2023-11-10,616189,2101.95
2023-11-11,617367,2056.16
2023-11-12,606927,2058.32
2023-11-13,505745,2049.63
2023-11-14,520634,2061.63
2023-11-15,554234,1983.98
2023-11-16,556820,2054.37
2023-11-17,595426,1969.73
2023-11-18,758156,1936.02
2023-11-19,673077,1962.62
2023-11-20,558590,2019.83
2023-11-21,569037,2004.01
2023-11-22,597389,1994.1
2023-11-23,578712,2065.78
2023-11-24,633313,2080.84
2023-11-25,639216,2089.96
2023-11-26,553687,2089.8
2023-11-27,514199,2045.83
2023-11-28,525166,2015.15
2023-11-29,560113,2057.61
2023-11-30,580662,2035.74
2023-12-01,586092,2094.18
2023-12-02,564818,2096.92
2023-12-03,675864,2164.27
2023-12-04,606499,2247.31
2023-12-05,563995,2199.09
2023-12-06,609879,2266.03
2023-12-07,592929,2262.23
2023-12-08,683048,2354.99
2023-12-09,648043,2384.18
2023-12-10,842181,2354.49
2023-12-11,602682,2237.33
2023-12-12,567440,2233.18
2023-12-13,528026,2172.35
2023-12-14,565442,2282.77
2023-12-15,559348,2271.57
2023-12-16,495811,2240.65
2023-12-17,586286,2207.27
2023-12-18,649867,2167.26
2023-12-19,606059,2247.72
2023-12-20,649544,2216.23
2023-12-21,654766,2215.74
2023-12-22,735719,2272.65
2023-12-23,954470,2285.62
2023-12-24,719528,2296.84
2023-12-25,917547,2281.44
2023-12-26,766671,2241.95
2023-12-27,641224,2230.23
2023-12-28,657093,2381.36
2023-12-29,693050,2335.06
2023-12-30,731763,2295.95
2023-12-31,738377,2295.7
2024-01-01,788832,2284.71
2024-01-02,675808,2387.79
2024-01-03,711738,2364.37
2024-01-04,652111,2224.24
2024-01-05,786988,2255.13
2024-01-06,763429,2234.83
2024-01-07,605184,2250.35
2024-01-08,679587,2225.43
2024-01-09,765064,2307.75
2024-01-10,729793,2371.01
2024-01-11,697283,2586.4
2024-01-12,823342,2596.22
2024-01-13,795670,2550.17
2024-01-14,583841,2549.99
2024-01-15,824377,2512.81
2024-01-16,687680,2524.65
2024-01-17,682788,2552.14
2024-01-18,807583,2536.25
2024-01-19,634785,2464.21
2024-01-20,861537,2478.87
2024-01-21,808787,2475.13
2024-01-22,703305,2420.33
2024-01-23,722873,2321.17
2024-01-24,656828,2233.28
2024-01-25,809880,2226.76
2024-01-26,667457,2196.88
2024-01-27,716834,2257.31
2024-01-28,816475,2282.64
2024-01-29,769902,2258.96
2024-01-30,637786,2309.06
2024-01-31,623633,2340.15
2024-02-01,622423,2270.56
2024-02-02,617724,2314.09
2024-02-03,708782,2314.22
2024-02-04,668009,2290.2
2024-02-05,765644,2308.1
2024-02-06,578250,2324.41
2024-02-07,606423,2360.66
2024-02-08,552407,2420.45
2024-02-09,542192,2453.44
2024-02-10,587145,2497.0
2024-02-11,633277,2528.43
2024-02-12,724029,2502.54
2024-02-13,585685,2649.97
2024-02-14,649520,2654.89
2024-02-15,622656,2774.1
2024-02-16,651033,2816.81
2024-02-17,643867,2795.75
2024-02-18,594877,2799.29
2024-02-19,615036,2926.97
2024-02-20,640865,2920.19
2024-02-21,595990,2939.51
2024-02-22,599332,2991.89
2024-02-23,607401,2931.73
2024-02-24,727098,2962.47
2024-02-25,803459,3030.01
2024-02-26,652543,3087.03
2024-02-27,658045,3217.65
2024-02-28,682774,3301.55
2024-02-29,684729,3467.51
2024-03-01,666943,3368.19
2024-03-02,664159,3434.21
2024-03-03,686776,3395.91
2024-03-04,712760,3480.85
2024-03-05,721111,3678.57
2024-03-06,693451,3787.61
2024-03-07,673854,3789.73
2024-03-08,665833,3913.76
2024-03-09,656578,3933.03
2024-03-10,740498,3951.81
2024-03-11,704844,4007.61
2024-03-12,694708,4027.0
2024-03-13,750047,4040.13
2024-03-14,874899,3965.98
2024-03-15,748047,3752.36
2024-03-16,775652,3739.29
2024-03-17,1137195,3471.06
2024-03-18,959542,3625.68
2024-03-19,841114,3357.99
2024-03-20,823350,3218.62
2024-03-21,827555,3518.36
2024-03-22,918411,3511.31
2024-03-23,1036696,3365.91
2024-03-24,854549,3340.29
2024-03-25,674583,3446.92
2024-03-26,690435,3636.98
2024-03-27,631210,3564.74
2024-03-28,769887,3573.63
2024-03-29,787394,3519.97
2024-03-30,789400,3495.29
2024-03-31,1161436,3626.04
2024-04-01,753672,3548.24
2024-04-02,685253,3365.8
2024-04-03,744690,3306.98
2024-04-04,715527,3322.3
2024-04-05,786503,3287.07
2024-04-06,778102,3332.09
2024-04-07,1057917,3387.36
2024-04-08,870426,3472.27
2024-04-09,774695,3638.4
2024-04-10,970308,3537.41
2024-04-11,829822,3585.25
2024-04-12,791036,3516.68
2024-04-13,750478,3256.35
2024-04-14,690058,3084.82
2024-04-15,778115,3248.39
2024-04-16,769507,3108.99
2024-04-17,776144,3082.62
2024-04-18,860791,2976.95
2024-04-19,694466,3085.46
2024-04-20,1063907,3061.98
2024-04-21,949702,3181.8
2024-04-22,694762,3206.4
2024-04-23,695124,3162.14
2024-04-24,647699,3251.12
2024-04-25,681454,3136.54
2024-04-26,732161,3136.29
2024-04-27,725768,3120.07
2024-04-28,734538,3316.42
2024-04-29,713297,3186.45
2024-04-30,729226,3157.14
2024-05-01,703956,2861.35
2024-05-02,727834,2921.41
2024-05-03,750727,2969.25
2024-05-04,948306,3098.06
2024-05-05,741334,3108.45
2024-05-06,713707,3184.2
2024-05-07,750657,3079.2
2024-05-08,1198301,2995.1
2024-05-09,756906,2982.25
2024-05-10,1154651,3043.28
2024-05-11,1169947,2920.92
2024-05-12,771949,2905.21
2024-05-13,720888,2952.01
2024-05-14,886981,2918.28
2024-05-15,809756,2915.77
2024-05-16,916621,3017.14
2024-05-17,685822,3025.2
2024-05-18,1054441,3101.77
2024-05-19,1212405,3115.71
2024-05-20,665692,3093.73
2024-05-21,654596,3658.81
2024-05-22,670434,3748.04
2024-05-23,649052,3811.15
2024-05-24,640392,3678.25
2024-05-25,695066,3745.93
2024-05-26,665972,3785.03
2024-05-27,608802,3914.03
2024-05-28,541460,3844.34
2024-05-29,604817,3824.01
2024-05-30,596932,3716.3
2024-05-31,597897,3727.26
2024-06-01,616507,3769.43
2024-06-02,892520,3793.7
2024-06-03,539980,3815.19
2024-06-04,863086,3774.27
2024-06-05,592371,3809.93
2024-06-06,546990,3852.13
2024-06-07,581467,3814.52
2024-06-08,1000877,3707.23
2024-06-09,670106,3685.73
2024-06-10,654664,3651.49
2024-06-11,641642,3533.38
2024-06-12,720795,3526.47
2024-06-13,645568,3506.3
2024-06-14,1178036,3516.14
2024-06-15,1069851,3529.04
2024-06-16,777860,3559.24
2024-06-17,981094,3551.09
2024-06-18,611896,3443.4
2024-06-19,1126525,3543.21
2024-06-20,812018,3605.36
2024-06-21,745725,3473.15
2024-06-22,1035148,3492.29
2024-06-23,1014973,3510.16
2024-06-24,1175659,3367.95
2024-06-25,697380,3357.78
2024-06-26,820080,3400.31
2024-06-27,677441,3372.77
2024-06-28,674230,3429.0
2024-06-29,1408453,3395.09
2024-06-30,735649,3387.28
2024-07-01,663493,3487.12
2024-07-02,708247,3435.7
2024-07-03,621351,3350.25
2024-07-04,639738,3178.05
2024-07-05,712970,2879.24
2024-07-06,860403,3005.45
2024-07-07,766218,3004.98
2024-07-08,707971,2927.75
2024-07-09,916486,3061.35
2024-07-10,652146,3097.83
2024-07-11,699081,3120.06
2024-07-12,707654,3071.47
2024-07-13,759317,3140.06
2024-07-14,598118,3197.98
2024-07-15,603059,3358.09
2024-07-16,620578,3379.3
2024-07-17,558471,3489.52
2024-07-18,581851,3435.17
2024-07-19,591530,3391.34
2024-07-20,669569,3491.14
2024-07-21,699640,3486.65
2024-07-22,583702,3479.9
2024-07-23,637094,3453.1
2024-07-24,619525,3446.31
2024-07-25,607680,3171.83
2024-07-26,713642,3249.75
2024-07-27,632532,3273.37
2024-07-28,632961,3227.59
2024-07-29,849202,3367.4
2024-07-30,620949,3340.22
2024-07-31,645069,3316.77
2024-08-01,576694,3165.99
2024-08-02,562781,3146.32
2024-08-03,667473,2982.6
2024-08-04,701461,2891.85
2024-08-05,530246,2358.16
2024-08-06,635359,2526.79
2024-08-07,663668,2511.03
2024-08-08,555190,2414.03
2024-08-09,606483,2670.41
2024-08-10,672189,2634.82
2024-08-11,664590,2678.78
2024-08-12,519214,2569.76
2024-08-13,584263,2649.51
2024-08-14,745403,2728.59
2024-08-15,740179,2615.5
2024-08-16,647388,2617.54
2024-08-17,652407,2600.38
